wt,1,DILLTQSPV,7
var,1,DILLTQSPD,7
var,1,DILLTQSPA,8
var,1,DILMTQSPV,7
var,1,DILMTQSPD,8
var,1,DILMTQSPA,7
var,1,DIVLTQSPV,8
var,1,DIVLTQSPD,8
var,1,DIVLTQSPA,9
var,1,DIVMTQSPV,8
var,1,DIVMTQSPD,9
var,1,DIVMTQSPA,8
var,1,EILLTQSPV,7
var,1,EILLTQSPD,8
var,1,EILLTQSPA,8
var,1,EILMTQSPV,7
var,1,EILMTQSPD,7
var,1,EILMTQSPA,8
var,1,EIVLTQSPV,8
var,1,EIVLTQSPD,9
var,1,EIVLTQSPA,9
var,1,EIVMTQSPV,8
var,1,EIVMTQSPD,8
var,1,EIVMTQSPA,9
wt,2,ILLTQSPVI,6
var,2,ILLTQSPVF,7
var,2,ILLTQSPVT,7
var,2,ILLTQSPDI,7
var,2,ILLTQSPDF,8
var,2,ILLTQSPDT,7
var,2,ILLTQSPAI,7
var,2,ILLTQSPAF,7
var,2,ILLTQSPAT,8
var,2,ILMTQSPVI,6
var,2,ILMTQSPVF,6
var,2,ILMTQSPVT,7
var,2,ILMTQSPDI,7
var,2,ILMTQSPDF,7
var,2,ILMTQSPDT,7
var,2,ILMTQSPAI,7
var,2,ILMTQSPAF,7
var,2,ILMTQSPAT,8
var,2,IVLTQSPVI,7
var,2,IVLTQSPVF,8
var,2,IVLTQSPVT,8
var,2,IVLTQSPDI,8
var,2,IVLTQSPDF,9
var,2,IVLTQSPDT,8
var,2,IVLTQSPAI,8
var,2,IVLTQSPAF,8
var,2,IVLTQSPAT,9
var,2,IVMTQSPVI,7
var,2,IVMTQSPVF,7
var,2,IVMTQSPVT,8
var,2,IVMTQSPDI,8
var,2,IVMTQSPDF,8
var,2,IVMTQSPDT,8
var,2,IVMTQSPAI,8
var,2,IVMTQSPAF,8
var,2,IVMTQSPAT,9
wt,3,LLTQSPVIL,6
var,3,LLTQSPVIQ,6
var,3,LLTQSPVFL,7
var,3,LLTQSPVFQ,7
var,3,LLTQSPVTL,7
var,3,LLTQSPVTQ,6
var,3,LLTQSPDIL,6
var,3,LLTQSPDIQ,7
var,3,LLTQSPDFL,7
var,3,LLTQSPDFQ,8
var,3,LLTQSPDTL,7
var,3,LLTQSPDTQ,7
var,3,LLTQSPAIL,7
var,3,LLTQSPAIQ,6
var,3,LLTQSPAFL,7
var,3,LLTQSPAFQ,7
var,3,LLTQSPATL,8
var,3,LLTQSPATQ,7
var,3,LMTQSPVIL,6
var,3,LMTQSPVIQ,5
var,3,LMTQSPVFL,7
var,3,LMTQSPVFQ,6
var,3,LMTQSPVTL,7
var,3,LMTQSPVTQ,6
var,3,LMTQSPDIL,7
var,3,LMTQSPDIQ,6
var,3,LMTQSPDFL,7
var,3,LMTQSPDFQ,7
var,3,LMTQSPDTL,7
var,3,LMTQSPDTQ,6
var,3,LMTQSPAIL,7
var,3,LMTQSPAIQ,6
var,3,LMTQSPAFL,8
var,3,LMTQSPAFQ,7
var,3,LMTQSPATL,8
var,3,LMTQSPATQ,7
var,3,VLTQSPVIL,7
var,3,VLTQSPVIQ,7
var,3,VLTQSPVFL,7
var,3,VLTQSPVFQ,8
var,3,VLTQSPVTL,8
var,3,VLTQSPVTQ,7
var,3,VLTQSPDIL,7
var,3,VLTQSPDIQ,8
var,3,VLTQSPDFL,8
var,3,VLTQSPDFQ,9
var,3,VLTQSPDTL,8
var,3,VLTQSPDTQ,8
var,3,VLTQSPAIL,8
var,3,VLTQSPAIQ,7
var,3,VLTQSPAFL,8
var,3,VLTQSPAFQ,8
var,3,VLTQSPATL,9
var,3,VLTQSPATQ,8
var,3,VMTQSPVIL,7
var,3,VMTQSPVIQ,6
var,3,VMTQSPVFL,8
var,3,VMTQSPVFQ,7
var,3,VMTQSPVTL,8
var,3,VMTQSPVTQ,7
var,3,VMTQSPDIL,8
var,3,VMTQSPDIQ,7
var,3,VMTQSPDFL,8
var,3,VMTQSPDFQ,8
var,3,VMTQSPDTL,8
var,3,VMTQSPDTQ,7
var,3,VMTQSPAIL,8
var,3,VMTQSPAIQ,7
var,3,VMTQSPAFL,9
var,3,VMTQSPAFQ,8
var,3,VMTQSPATL,9
var,3,VMTQSPATQ,8
wt,4,LTQSPVILS,7
var,4,LTQSPVIQS,7
var,4,LTQSPVFLS,8
var,4,LTQSPVFQS,8
var,4,LTQSPVTLS,8
var,4,LTQSPVTQS,7
var,4,LTQSPDILS,7
var,4,LTQSPDIQS,8
var,4,LTQSPDFLS,8
var,4,LTQSPDFQS,9
var,4,LTQSPDTLS,8
var,4,LTQSPDTQS,8
var,4,LTQSPAILS,8
var,4,LTQSPAIQS,7
var,4,LTQSPAFLS,8
var,4,LTQSPAFQS,8
var,4,LTQSPATLS,9
var,4,LTQSPATQS,8
var,4,MTQSPVILS,7
var,4,MTQSPVIQS,6
var,4,MTQSPVFLS,8
var,4,MTQSPVFQS,7
var,4,MTQSPVTLS,8
var,4,MTQSPVTQS,7
var,4,MTQSPDILS,7
var,4,MTQSPDIQS,7
var,4,MTQSPDFLS,8
var,4,MTQSPDFQS,8
var,4,MTQSPDTLS,8
var,4,MTQSPDTQS,7
var,4,MTQSPAILS,8
var,4,MTQSPAIQS,7
var,4,MTQSPAFLS,9
var,4,MTQSPAFQS,8
var,4,MTQSPATLS,9
var,4,MTQSPATQS,8
wt,5,TQSPVILSV,7
var,5,TQSPVIQSV,7
var,5,TQSPVFLSV,8
var,5,TQSPVFQSV,8
var,5,TQSPVTLSV,8
var,5,TQSPVTQSV,7
var,5,TQSPDILSV,7
var,5,TQSPDIQSV,8
var,5,TQSPDFLSV,8
var,5,TQSPDFQSV,9
var,5,TQSPDTLSV,8
var,5,TQSPDTQSV,8
var,5,TQSPAILSV,8
var,5,TQSPAIQSV,7
var,5,TQSPAFLSV,9
var,5,TQSPAFQSV,8
var,5,TQSPATLSV,9
var,5,TQSPATQSV,8
wt,6,QSPVILSVS,7
var,6,QSPVILSVT,7
var,6,QSPVIQSVS,6
var,6,QSPVIQSVT,7
var,6,QSPVFLSVS,7
var,6,QSPVFLSVT,8
var,6,QSPVFQSVS,7
var,6,QSPVFQSVT,8
var,6,QSPVTLSVS,8
var,6,QSPVTLSVT,7
var,6,QSPVTQSVS,7
var,6,QSPVTQSVT,7
var,6,QSPDILSVS,7
var,6,QSPDILSVT,7
var,6,QSPDIQSVS,7
var,6,QSPDIQSVT,8
var,6,QSPDFLSVS,7
var,6,QSPDFLSVT,8
var,6,QSPDFQSVS,8
var,6,QSPDFQSVT,9
var,6,QSPDTLSVS,8
var,6,QSPDTLSVT,7
var,6,QSPDTQSVS,7
var,6,QSPDTQSVT,8
var,6,QSPAILSVS,8
var,6,QSPAILSVT,8
var,6,QSPAIQSVS,7
var,6,QSPAIQSVT,7
var,6,QSPAFLSVS,8
var,6,QSPAFLSVT,9
var,6,QSPAFQSVS,7
var,6,QSPAFQSVT,8
var,6,QSPATLSVS,9
var,6,QSPATLSVT,8
var,6,QSPATQSVS,8
var,6,QSPATQSVT,7
wt,7,SPVILSVSP,7
var,7,SPVILSVTP,7
var,7,SPVIQSVSP,6
var,7,SPVIQSVTP,7
var,7,SPVFLSVSP,7
var,7,SPVFLSVTP,8
var,7,SPVFQSVSP,7
var,7,SPVFQSVTP,8
var,7,SPVTLSVSP,8
var,7,SPVTLSVTP,7
var,7,SPVTQSVSP,7
var,7,SPVTQSVTP,7
var,7,SPDILSVSP,7
var,7,SPDILSVTP,7
var,7,SPDIQSVSP,7
var,7,SPDIQSVTP,8
var,7,SPDFLSVSP,7
var,7,SPDFLSVTP,8
var,7,SPDFQSVSP,8
var,7,SPDFQSVTP,9
var,7,SPDTLSVSP,8
var,7,SPDTLSVTP,7
var,7,SPDTQSVSP,7
var,7,SPDTQSVTP,8
var,7,SPAILSVSP,8
var,7,SPAILSVTP,8
var,7,SPAIQSVSP,7
var,7,SPAIQSVTP,7
var,7,SPAFLSVSP,8
var,7,SPAFLSVTP,9
var,7,SPAFQSVSP,7
var,7,SPAFQSVTP,8
var,7,SPATLSVSP,9
var,7,SPATLSVTP,8
var,7,SPATQSVSP,8
var,7,SPATQSVTP,7
wt,8,PVILSVSPG,7
var,8,PVILSVSPK,6
var,8,PVILSVTPG,7
var,8,PVILSVTPK,6
var,8,PVIQSVSPG,6
var,8,PVIQSVSPK,6
var,8,PVIQSVTPG,6
var,8,PVIQSVTPK,7
var,8,PVFLSVSPG,7
var,8,PVFLSVSPK,6
var,8,PVFLSVTPG,8
var,8,PVFLSVTPK,7
var,8,PVFQSVSPG,6
var,8,PVFQSVSPK,7
var,8,PVFQSVTPG,7
var,8,PVFQSVTPK,8
var,8,PVTLSVSPG,8
var,8,PVTLSVSPK,7
var,8,PVTLSVTPG,7
var,8,PVTLSVTPK,6
var,8,PVTQSVSPG,7
var,8,PVTQSVSPK,6
var,8,PVTQSVTPG,6
var,8,PVTQSVTPK,7
var,8,PDILSVSPG,7
var,8,PDILSVSPK,6
var,8,PDILSVTPG,7
var,8,PDILSVTPK,7
var,8,PDIQSVSPG,6
var,8,PDIQSVSPK,7
var,8,PDIQSVTPG,7
var,8,PDIQSVTPK,8
var,8,PDFLSVSPG,7
var,8,PDFLSVSPK,7
var,8,PDFLSVTPG,8
var,8,PDFLSVTPK,8
var,8,PDFQSVSPG,7
var,8,PDFQSVSPK,8
var,8,PDFQSVTPG,8
var,8,PDFQSVTPK,9
var,8,PDTLSVSPG,8
var,8,PDTLSVSPK,7
var,8,PDTLSVTPG,7
var,8,PDTLSVTPK,7
var,8,PDTQSVSPG,7
var,8,PDTQSVSPK,7
var,8,PDTQSVTPG,7
var,8,PDTQSVTPK,8
var,8,PAILSVSPG,8
var,8,PAILSVSPK,7
var,8,PAILSVTPG,8
var,8,PAILSVTPK,7
var,8,PAIQSVSPG,7
var,8,PAIQSVSPK,6
var,8,PAIQSVTPG,7
var,8,PAIQSVTPK,7
var,8,PAFLSVSPG,8
var,8,PAFLSVSPK,7
var,8,PAFLSVTPG,9
var,8,PAFLSVTPK,8
var,8,PAFQSVSPG,7
var,8,PAFQSVSPK,7
var,8,PAFQSVTPG,8
var,8,PAFQSVTPK,8
var,8,PATLSVSPG,9
var,8,PATLSVSPK,8
var,8,PATLSVTPG,8
var,8,PATLSVTPK,7
var,8,PATQSVSPG,8
var,8,PATQSVSPK,7
var,8,PATQSVTPG,7
var,8,PATQSVTPK,7
wt,9,VILSVSPGE,7
var,9,VILSVSPKE,6
var,9,VILSVTPGE,7
var,9,VILSVTPKE,6
var,9,VIQSVSPGE,6
var,9,VIQSVSPKE,6
var,9,VIQSVTPGE,6
var,9,VIQSVTPKE,7
var,9,VFLSVSPGE,7
var,9,VFLSVSPKE,6
var,9,VFLSVTPGE,8
var,9,VFLSVTPKE,7
var,9,VFQSVSPGE,6
var,9,VFQSVSPKE,7
var,9,VFQSVTPGE,7
var,9,VFQSVTPKE,8
var,9,VTLSVSPGE,8
var,9,VTLSVSPKE,7
var,9,VTLSVTPGE,7
var,9,VTLSVTPKE,6
var,9,VTQSVSPGE,7
var,9,VTQSVSPKE,6
var,9,VTQSVTPGE,6
var,9,VTQSVTPKE,7
var,9,DILSVSPGE,7
var,9,DILSVSPKE,6
var,9,DILSVTPGE,7
var,9,DILSVTPKE,7
var,9,DIQSVSPGE,6
var,9,DIQSVSPKE,7
var,9,DIQSVTPGE,7
var,9,DIQSVTPKE,8
var,9,DFLSVSPGE,7
var,9,DFLSVSPKE,7
var,9,DFLSVTPGE,8
var,9,DFLSVTPKE,8
var,9,DFQSVSPGE,7
var,9,DFQSVSPKE,8
var,9,DFQSVTPGE,8
var,9,DFQSVTPKE,9
var,9,DTLSVSPGE,8
var,9,DTLSVSPKE,7
var,9,DTLSVTPGE,7
var,9,DTLSVTPKE,7
var,9,DTQSVSPGE,7
var,9,DTQSVSPKE,7
var,9,DTQSVTPGE,7
var,9,DTQSVTPKE,8
var,9,AILSVSPGE,8
var,9,AILSVSPKE,7
var,9,AILSVTPGE,8
var,9,AILSVTPKE,7
var,9,AIQSVSPGE,7
var,9,AIQSVSPKE,6
var,9,AIQSVTPGE,7
var,9,AIQSVTPKE,7
var,9,AFLSVSPGE,8
var,9,AFLSVSPKE,7
var,9,AFLSVTPGE,9
var,9,AFLSVTPKE,8
var,9,AFQSVSPGE,7
var,9,AFQSVSPKE,7
var,9,AFQSVTPGE,8
var,9,AFQSVTPKE,8
var,9,ATLSVSPGE,9
var,9,ATLSVSPKE,8
var,9,ATLSVTPGE,8
var,9,ATLSVTPKE,7
var,9,ATQSVSPGE,8
var,9,ATQSVSPKE,7
var,9,ATQSVTPGE,7
var,9,ATQSVTPKE,7
wt,10,ILSVSPGER,8
var,10,ILSVSPGEK,7
var,10,ILSVSPKER,7
var,10,ILSVSPKEK,6
var,10,ILSVTPGER,7
var,10,ILSVTPGEK,8
var,10,ILSVTPKER,6
var,10,ILSVTPKEK,7
var,10,IQSVSPGER,7
var,10,IQSVSPGEK,6
var,10,IQSVSPKER,6
var,10,IQSVSPKEK,7
var,10,IQSVTPGER,6
var,10,IQSVTPGEK,7
var,10,IQSVTPKER,7
var,10,IQSVTPKEK,8
var,10,FLSVSPGER,8
var,10,FLSVSPGEK,8
var,10,FLSVSPKER,7
var,10,FLSVSPKEK,7
var,10,FLSVTPGER,8
var,10,FLSVTPGEK,9
var,10,FLSVTPKER,7
var,10,FLSVTPKEK,8
var,10,FQSVSPGER,7
var,10,FQSVSPGEK,7
var,10,FQSVSPKER,7
var,10,FQSVSPKEK,8
var,10,FQSVTPGER,7
var,10,FQSVTPGEK,8
var,10,FQSVTPKER,8
var,10,FQSVTPKEK,9
var,10,TLSVSPGER,9
var,10,TLSVSPGEK,8
var,10,TLSVSPKER,8
var,10,TLSVSPKEK,7
var,10,TLSVTPGER,8
var,10,TLSVTPGEK,8
var,10,TLSVTPKER,7
var,10,TLSVTPKEK,7
var,10,TQSVSPGER,8
var,10,TQSVSPGEK,7
var,10,TQSVSPKER,7
var,10,TQSVSPKEK,7
var,10,TQSVTPGER,7
var,10,TQSVTPGEK,7
var,10,TQSVTPKER,7
var,10,TQSVTPKEK,8
wt,11,LSVSPGERV,8
var,11,LSVSPGERA,9
var,11,LSVSPGEKV,8
var,11,LSVSPGEKA,8
var,11,LSVSPKERV,7
var,11,LSVSPKERA,8
var,11,LSVSPKEKV,7
var,11,LSVSPKEKA,7
var,11,LSVTPGERV,8
var,11,LSVTPGERA,8
var,11,LSVTPGEKV,9
var,11,LSVTPGEKA,8
var,11,LSVTPKERV,7
var,11,LSVTPKERA,7
var,11,LSVTPKEKV,8
var,11,LSVTPKEKA,7
var,11,QSVSPGERV,7
var,11,QSVSPGERA,8
var,11,QSVSPGEKV,7
var,11,QSVSPGEKA,7
var,11,QSVSPKERV,7
var,11,QSVSPKERA,7
var,11,QSVSPKEKV,8
var,11,QSVSPKEKA,7
var,11,QSVTPGERV,7
var,11,QSVTPGERA,7
var,11,QSVTPGEKV,8
var,11,QSVTPGEKA,7
var,11,QSVTPKERV,8
var,11,QSVTPKERA,7
var,11,QSVTPKEKV,9
var,11,QSVTPKEKA,8
wt,12,SVSPGERVS,7
var,12,SVSPGERVT,8
var,12,SVSPGERAS,8
var,12,SVSPGERAT,9
var,12,SVSPGEKVS,7
var,12,SVSPGEKVT,8
var,12,SVSPGEKAS,7
var,12,SVSPGEKAT,8
var,12,SVSPKERVS,6
var,12,SVSPKERVT,7
var,12,SVSPKERAS,7
var,12,SVSPKERAT,8
var,12,SVSPKEKVS,7
var,12,SVSPKEKVT,8
var,12,SVSPKEKAS,6
var,12,SVSPKEKAT,7
var,12,SVTPGERVS,7
var,12,SVTPGERVT,8
var,12,SVTPGERAS,7
var,12,SVTPGERAT,8
var,12,SVTPGEKVS,8
var,12,SVTPGEKVT,9
var,12,SVTPGEKAS,7
var,12,SVTPGEKAT,8
var,12,SVTPKERVS,7
var,12,SVTPKERVT,8
var,12,SVTPKERAS,6
var,12,SVTPKERAT,7
var,12,SVTPKEKVS,8
var,12,SVTPKEKVT,9
var,12,SVTPKEKAS,7
var,12,SVTPKEKAT,8
wt,13,VSPGERVSF,6
var,13,VSPGERVSI,6
var,13,VSPGERVSL,7
var,13,VSPGERVTF,7
var,13,VSPGERVTI,7
var,13,VSPGERVTL,8
var,13,VSPGERASF,7
var,13,VSPGERASI,7
var,13,VSPGERASL,8
var,13,VSPGERATF,8
var,13,VSPGERATI,8
var,13,VSPGERATL,9
var,13,VSPGEKVSF,6
var,13,VSPGEKVSI,7
var,13,VSPGEKVSL,6
var,13,VSPGEKVTF,7
var,13,VSPGEKVTI,8
var,13,VSPGEKVTL,7
var,13,VSPGEKASF,6
var,13,VSPGEKASI,7
var,13,VSPGEKASL,7
var,13,VSPGEKATF,7
var,13,VSPGEKATI,7
var,13,VSPGEKATL,8
var,13,VSPKERVSF,5
var,13,VSPKERVSI,6
var,13,VSPKERVSL,6
var,13,VSPKERVTF,6
var,13,VSPKERVTI,7
var,13,VSPKERVTL,7
var,13,VSPKERASF,6
var,13,VSPKERASI,6
var,13,VSPKERASL,7
var,13,VSPKERATF,7
var,13,VSPKERATI,7
var,13,VSPKERATL,8
var,13,VSPKEKVSF,6
var,13,VSPKEKVSI,7
var,13,VSPKEKVSL,6
var,13,VSPKEKVTF,7
var,13,VSPKEKVTI,8
var,13,VSPKEKVTL,7
var,13,VSPKEKASF,5
var,13,VSPKEKASI,6
var,13,VSPKEKASL,6
var,13,VSPKEKATF,6
var,13,VSPKEKATI,7
var,13,VSPKEKATL,7
var,13,VTPGERVSF,6
var,13,VTPGERVSI,7
var,13,VTPGERVSL,6
var,13,VTPGERVTF,7
var,13,VTPGERVTI,8
var,13,VTPGERVTL,7
var,13,VTPGERASF,7
var,13,VTPGERASI,8
var,13,VTPGERASL,7
var,13,VTPGERATF,7
var,13,VTPGERATI,7
var,13,VTPGERATL,8
var,13,VTPGEKVSF,7
var,13,VTPGEKVSI,8
var,13,VTPGEKVSL,7
var,13,VTPGEKVTF,8
var,13,VTPGEKVTI,9
var,13,VTPGEKVTL,8
var,13,VTPGEKASF,7
var,13,VTPGEKASI,8
var,13,VTPGEKASL,7
var,13,VTPGEKATF,7
var,13,VTPGEKATI,8
var,13,VTPGEKATL,7
var,13,VTPKERVSF,6
var,13,VTPKERVSI,7
var,13,VTPKERVSL,6
var,13,VTPKERVTF,7
var,13,VTPKERVTI,8
var,13,VTPKERVTL,7
var,13,VTPKERASF,6
var,13,VTPKERASI,7
var,13,VTPKERASL,6
var,13,VTPKERATF,6
var,13,VTPKERATI,7
var,13,VTPKERATL,7
var,13,VTPKEKVSF,7
var,13,VTPKEKVSI,8
var,13,VTPKEKVSL,7
var,13,VTPKEKVTF,8
var,13,VTPKEKVTI,9
var,13,VTPKEKVTL,8
var,13,VTPKEKASF,6
var,13,VTPKEKASI,7
var,13,VTPKEKASL,6
var,13,VTPKEKATF,7
var,13,VTPKEKATI,8
var,13,VTPKEKATL,7
wt,14,SPGERVSFS,7
var,14,SPGERVSFT,6
var,14,SPGERVSIS,7
var,14,SPGERVSIT,6
var,14,SPGERVSLS,8
var,14,SPGERVSLT,7
var,14,SPGERVTFS,8
var,14,SPGERVTFT,7
var,14,SPGERVTIS,8
var,14,SPGERVTIT,7
var,14,SPGERVTLS,9
var,14,SPGERVTLT,8
var,14,SPGERASFS,7
var,14,SPGERASFT,6
var,14,SPGERASIS,7
var,14,SPGERASIT,7
var,14,SPGERASLS,8
var,14,SPGERASLT,7
var,14,SPGERATFS,8
var,14,SPGERATFT,7
var,14,SPGERATIS,8
var,14,SPGERATIT,8
var,14,SPGERATLS,9
var,14,SPGERATLT,8
var,14,SPGEKVSFS,6
var,14,SPGEKVSFT,6
var,14,SPGEKVSIS,6
var,14,SPGEKVSIT,7
var,14,SPGEKVSLS,7
var,14,SPGEKVSLT,6
var,14,SPGEKVTFS,7
var,14,SPGEKVTFT,7
var,14,SPGEKVTIS,7
var,14,SPGEKVTIT,8
var,14,SPGEKVTLS,8
var,14,SPGEKVTLT,7
var,14,SPGEKASFS,6
var,14,SPGEKASFT,5
var,14,SPGEKASIS,7
var,14,SPGEKASIT,6
var,14,SPGEKASLS,7
var,14,SPGEKASLT,6
var,14,SPGEKATFS,7
var,14,SPGEKATFT,6
var,14,SPGEKATIS,7
var,14,SPGEKATIT,7
var,14,SPGEKATLS,8
var,14,SPGEKATLT,7
var,14,SPKERVSFS,6
var,14,SPKERVSFT,5
var,14,SPKERVSIS,6
var,14,SPKERVSIT,6
var,14,SPKERVSLS,7
var,14,SPKERVSLT,6
var,14,SPKERVTFS,7
var,14,SPKERVTFT,6
var,14,SPKERVTIS,7
var,14,SPKERVTIT,7
var,14,SPKERVTLS,8
var,14,SPKERVTLT,7
var,14,SPKERASFS,6
var,14,SPKERASFT,5
var,14,SPKERASIS,6
var,14,SPKERASIT,6
var,14,SPKERASLS,7
var,14,SPKERASLT,6
var,14,SPKERATFS,7
var,14,SPKERATFT,6
var,14,SPKERATIS,7
var,14,SPKERATIT,7
var,14,SPKERATLS,8
var,14,SPKERATLT,7
var,14,SPKEKVSFS,5
var,14,SPKEKVSFT,6
var,14,SPKEKVSIS,6
var,14,SPKEKVSIT,7
var,14,SPKEKVSLS,6
var,14,SPKEKVSLT,6
var,14,SPKEKVTFS,6
var,14,SPKEKVTFT,7
var,14,SPKEKVTIS,7
var,14,SPKEKVTIT,8
var,14,SPKEKVTLS,7
var,14,SPKEKVTLT,7
var,14,SPKEKASFS,5
var,14,SPKEKASFT,5
var,14,SPKEKASIS,6
var,14,SPKEKASIT,6
var,14,SPKEKASLS,6
var,14,SPKEKASLT,5
var,14,SPKEKATFS,6
var,14,SPKEKATFT,6
var,14,SPKEKATIS,6
var,14,SPKEKATIT,7
var,14,SPKEKATLS,7
var,14,SPKEKATLT,6
var,14,TPGERVSFS,6
var,14,TPGERVSFT,6
var,14,TPGERVSIS,7
var,14,TPGERVSIT,7
var,14,TPGERVSLS,7
var,14,TPGERVSLT,6
var,14,TPGERVTFS,7
var,14,TPGERVTFT,7
var,14,TPGERVTIS,7
var,14,TPGERVTIT,8
var,14,TPGERVTLS,8
var,14,TPGERVTLT,7
var,14,TPGERASFS,7
var,14,TPGERASFT,6
var,14,TPGERASIS,8
var,14,TPGERASIT,7
var,14,TPGERASLS,7
var,14,TPGERASLT,6
var,14,TPGERATFS,7
var,14,TPGERATFT,6
var,14,TPGERATIS,7
var,14,TPGERATIT,7
var,14,TPGERATLS,8
var,14,TPGERATLT,7
var,14,TPGEKVSFS,6
var,14,TPGEKVSFT,7
var,14,TPGEKVSIS,7
var,14,TPGEKVSIT,8
var,14,TPGEKVSLS,6
var,14,TPGEKVSLT,7
var,14,TPGEKVTFS,7
var,14,TPGEKVTFT,8
var,14,TPGEKVTIS,8
var,14,TPGEKVTIT,9
var,14,TPGEKVTLS,7
var,14,TPGEKVTLT,8
var,14,TPGEKASFS,7
var,14,TPGEKASFT,6
var,14,TPGEKASIS,8
var,14,TPGEKASIT,7
var,14,TPGEKASLS,7
var,14,TPGEKASLT,6
var,14,TPGEKATFS,6
var,14,TPGEKATFT,7
var,14,TPGEKATIS,7
var,14,TPGEKATIT,8
var,14,TPGEKATLS,7
var,14,TPGEKATLT,7
var,14,TPKERVSFS,5
var,14,TPKERVSFT,6
var,14,TPKERVSIS,6
var,14,TPKERVSIT,7
var,14,TPKERVSLS,6
var,14,TPKERVSLT,6
var,14,TPKERVTFS,6
var,14,TPKERVTFT,7
var,14,TPKERVTIS,7
var,14,TPKERVTIT,8
var,14,TPKERVTLS,7
var,14,TPKERVTLT,7
var,14,TPKERASFS,6
var,14,TPKERASFT,5
var,14,TPKERASIS,7
var,14,TPKERASIT,6
var,14,TPKERASLS,6
var,14,TPKERASLT,5
var,14,TPKERATFS,6
var,14,TPKERATFT,6
var,14,TPKERATIS,6
var,14,TPKERATIT,7
var,14,TPKERATLS,7
var,14,TPKERATLT,6
var,14,TPKEKVSFS,6
var,14,TPKEKVSFT,7
var,14,TPKEKVSIS,7
var,14,TPKEKVSIT,8
var,14,TPKEKVSLS,6
var,14,TPKEKVSLT,7
var,14,TPKEKVTFS,7
var,14,TPKEKVTFT,8
var,14,TPKEKVTIS,8
var,14,TPKEKVTIT,9
var,14,TPKEKVTLS,7
var,14,TPKEKVTLT,8
var,14,TPKEKASFS,6
var,14,TPKEKASFT,6
var,14,TPKEKASIS,7
var,14,TPKEKASIT,7
var,14,TPKEKASLS,6
var,14,TPKEKASLT,6
var,14,TPKEKATFS,6
var,14,TPKEKATFT,7
var,14,TPKEKATIS,7
var,14,TPKEKATIT,8
var,14,TPKEKATLS,6
var,14,TPKEKATLT,7
wt,15,PGERVSFSC,7
var,15,PGERVSFTC,6
var,15,PGERVSISC,7
var,15,PGERVSITC,7
var,15,PGERVSLSC,8
var,15,PGERVSLTC,7
var,15,PGERVTFSC,8
var,15,PGERVTFTC,7
var,15,PGERVTISC,8
var,15,PGERVTITC,8
var,15,PGERVTLSC,9
var,15,PGERVTLTC,8
var,15,PGERASFSC,7
var,15,PGERASFTC,6
var,15,PGERASISC,8
var,15,PGERASITC,7
var,15,PGERASLSC,8
var,15,PGERASLTC,7
var,15,PGERATFSC,8
var,15,PGERATFTC,7
var,15,PGERATISC,8
var,15,PGERATITC,8
var,15,PGERATLSC,9
var,15,PGERATLTC,8
var,15,PGEKVSFSC,6
var,15,PGEKVSFTC,7
var,15,PGEKVSISC,7
var,15,PGEKVSITC,8
var,15,PGEKVSLSC,7
var,15,PGEKVSLTC,7
var,15,PGEKVTFSC,7
var,15,PGEKVTFTC,8
var,15,PGEKVTISC,8
var,15,PGEKVTITC,9
var,15,PGEKVTLSC,8
var,15,PGEKVTLTC,8
var,15,PGEKASFSC,7
var,15,PGEKASFTC,6
var,15,PGEKASISC,8
var,15,PGEKASITC,7
var,15,PGEKASLSC,7
var,15,PGEKASLTC,6
var,15,PGEKATFSC,7
var,15,PGEKATFTC,7
var,15,PGEKATISC,7
var,15,PGEKATITC,8
var,15,PGEKATLSC,8
var,15,PGEKATLTC,7
var,15,PKERVSFSC,6
var,15,PKERVSFTC,6
var,15,PKERVSISC,6
var,15,PKERVSITC,7
var,15,PKERVSLSC,7
var,15,PKERVSLTC,6
var,15,PKERVTFSC,7
var,15,PKERVTFTC,7
var,15,PKERVTISC,7
var,15,PKERVTITC,8
var,15,PKERVTLSC,8
var,15,PKERVTLTC,7
var,15,PKERASFSC,6
var,15,PKERASFTC,5
var,15,PKERASISC,7
var,15,PKERASITC,6
var,15,PKERASLSC,7
var,15,PKERASLTC,6
var,15,PKERATFSC,7
var,15,PKERATFTC,6
var,15,PKERATISC,7
var,15,PKERATITC,7
var,15,PKERATLSC,8
var,15,PKERATLTC,7
var,15,PKEKVSFSC,6
var,15,PKEKVSFTC,7
var,15,PKEKVSISC,7
var,15,PKEKVSITC,8
var,15,PKEKVSLSC,6
var,15,PKEKVSLTC,7
var,15,PKEKVTFSC,7
var,15,PKEKVTFTC,8
var,15,PKEKVTISC,8
var,15,PKEKVTITC,9
var,15,PKEKVTLSC,7
var,15,PKEKVTLTC,8
var,15,PKEKASFSC,6
var,15,PKEKASFTC,6
var,15,PKEKASISC,7
var,15,PKEKASITC,7
var,15,PKEKASLSC,6
var,15,PKEKASLTC,6
var,15,PKEKATFSC,6
var,15,PKEKATFTC,7
var,15,PKEKATISC,7
var,15,PKEKATITC,8
var,15,PKEKATLSC,7
var,15,PKEKATLTC,7
wt,16,GERVSFSCR,7
var,16,GERVSFTCR,6
var,16,GERVSISCR,7
var,16,GERVSITCR,7
var,16,GERVSLSCR,8
var,16,GERVSLTCR,7
var,16,GERVTFSCR,8
var,16,GERVTFTCR,7
var,16,GERVTISCR,8
var,16,GERVTITCR,8
var,16,GERVTLSCR,9
var,16,GERVTLTCR,8
var,16,GERASFSCR,7
var,16,GERASFTCR,6
var,16,GERASISCR,8
var,16,GERASITCR,7
var,16,GERASLSCR,8
var,16,GERASLTCR,7
var,16,GERATFSCR,8
var,16,GERATFTCR,7
var,16,GERATISCR,8
var,16,GERATITCR,8
var,16,GERATLSCR,9
var,16,GERATLTCR,8
var,16,GEKVSFSCR,6
var,16,GEKVSFTCR,6
var,16,GEKVSISCR,7
var,16,GEKVSITCR,7
var,16,GEKVSLSCR,7
var,16,GEKVSLTCR,6
var,16,GEKVTFSCR,7
var,16,GEKVTFTCR,7
var,16,GEKVTISCR,7
var,16,GEKVTITCR,8
var,16,GEKVTLSCR,8
var,16,GEKVTLTCR,7
var,16,GEKASFSCR,7
var,16,GEKASFTCR,6
var,16,GEKASISCR,8
var,16,GEKASITCR,7
var,16,GEKASLSCR,7
var,16,GEKASLTCR,6
var,16,GEKATFSCR,7
var,16,GEKATFTCR,6
var,16,GEKATISCR,7
var,16,GEKATITCR,7
var,16,GEKATLSCR,8
var,16,GEKATLTCR,7
var,16,KERVSFSCR,6
var,16,KERVSFTCR,6
var,16,KERVSISCR,6
var,16,KERVSITCR,7
var,16,KERVSLSCR,7
var,16,KERVSLTCR,6
var,16,KERVTFSCR,7
var,16,KERVTFTCR,7
var,16,KERVTISCR,7
var,16,KERVTITCR,8
var,16,KERVTLSCR,8
var,16,KERVTLTCR,7
var,16,KERASFSCR,6
var,16,KERASFTCR,5
var,16,KERASISCR,7
var,16,KERASITCR,6
var,16,KERASLSCR,7
var,16,KERASLTCR,6
var,16,KERATFSCR,7
var,16,KERATFTCR,6
var,16,KERATISCR,7
var,16,KERATITCR,7
var,16,KERATLSCR,8
var,16,KERATLTCR,7
var,16,KEKVSFSCR,6
var,16,KEKVSFTCR,7
var,16,KEKVSISCR,7
var,16,KEKVSITCR,8
var,16,KEKVSLSCR,6
var,16,KEKVSLTCR,7
var,16,KEKVTFSCR,7
var,16,KEKVTFTCR,8
var,16,KEKVTISCR,8
var,16,KEKVTITCR,9
var,16,KEKVTLSCR,7
var,16,KEKVTLTCR,8
var,16,KEKASFSCR,6
var,16,KEKASFTCR,6
var,16,KEKASISCR,7
var,16,KEKASITCR,7
var,16,KEKASLSCR,6
var,16,KEKASLTCR,6
var,16,KEKATFSCR,6
var,16,KEKATFTCR,7
var,16,KEKATISCR,7
var,16,KEKATITCR,8
var,16,KEKATLSCR,7
var,16,KEKATLTCR,7
wt,17,ERVSFSCRA,7
var,17,ERVSFTCRA,6
var,17,ERVSISCRA,7
var,17,ERVSITCRA,7
var,17,ERVSLSCRA,8
var,17,ERVSLTCRA,7
var,17,ERVTFSCRA,8
var,17,ERVTFTCRA,7
var,17,ERVTISCRA,8
var,17,ERVTITCRA,8
var,17,ERVTLSCRA,9
var,17,ERVTLTCRA,8
var,17,ERASFSCRA,7
var,17,ERASFTCRA,6
var,17,ERASISCRA,7
var,17,ERASITCRA,7
var,17,ERASLSCRA,8
var,17,ERASLTCRA,7
var,17,ERATFSCRA,8
var,17,ERATFTCRA,7
var,17,ERATISCRA,8
var,17,ERATITCRA,8
var,17,ERATLSCRA,9
var,17,ERATLTCRA,8
var,17,EKVSFSCRA,6
var,17,EKVSFTCRA,7
var,17,EKVSISCRA,7
var,17,EKVSITCRA,8
var,17,EKVSLSCRA,7
var,17,EKVSLTCRA,7
var,17,EKVTFSCRA,7
var,17,EKVTFTCRA,8
var,17,EKVTISCRA,8
var,17,EKVTITCRA,9
var,17,EKVTLSCRA,8
var,17,EKVTLTCRA,8
var,17,EKASFSCRA,6
var,17,EKASFTCRA,6
var,17,EKASISCRA,7
var,17,EKASITCRA,7
var,17,EKASLSCRA,7
var,17,EKASLTCRA,6
var,17,EKATFSCRA,7
var,17,EKATFTCRA,7
var,17,EKATISCRA,7
var,17,EKATITCRA,8
var,17,EKATLSCRA,8
var,17,EKATLTCRA,7
wt,18,RVSFSCRAS,7
var,18,RVSFTCRAS,7
var,18,RVSISCRAS,7
var,18,RVSITCRAS,8
var,18,RVSLSCRAS,8
var,18,RVSLTCRAS,7
var,18,RVTFSCRAS,8
var,18,RVTFTCRAS,8
var,18,RVTISCRAS,8
var,18,RVTITCRAS,9
var,18,RVTLSCRAS,9
var,18,RVTLTCRAS,8
var,18,RASFSCRAS,7
var,18,RASFTCRAS,7
var,18,RASISCRAS,7
var,18,RASITCRAS,8
var,18,RASLSCRAS,8
var,18,RASLTCRAS,7
var,18,RATFSCRAS,8
var,18,RATFTCRAS,8
var,18,RATISCRAS,8
var,18,RATITCRAS,9
var,18,RATLSCRAS,9
var,18,RATLTCRAS,8
var,18,KVSFSCRAS,6
var,18,KVSFTCRAS,7
var,18,KVSISCRAS,7
var,18,KVSITCRAS,8
var,18,KVSLSCRAS,7
var,18,KVSLTCRAS,7
var,18,KVTFSCRAS,7
var,18,KVTFTCRAS,8
var,18,KVTISCRAS,8
var,18,KVTITCRAS,9
var,18,KVTLSCRAS,8
var,18,KVTLTCRAS,8
var,18,KASFSCRAS,6
var,18,KASFTCRAS,6
var,18,KASISCRAS,7
var,18,KASITCRAS,7
var,18,KASLSCRAS,7
var,18,KASLTCRAS,6
var,18,KATFSCRAS,7
var,18,KATFTCRAS,7
var,18,KATISCRAS,7
var,18,KATITCRAS,8
var,18,KATLSCRAS,8
var,18,KATLTCRAS,7
wt,19,VSFSCRASQ,7
var,19,VSFTCRASQ,7
var,19,VSISCRASQ,7
var,19,VSITCRASQ,8
var,19,VSLSCRASQ,8
var,19,VSLTCRASQ,7
var,19,VTFSCRASQ,8
var,19,VTFTCRASQ,8
var,19,VTISCRASQ,8
var,19,VTITCRASQ,9
var,19,VTLSCRASQ,9
var,19,VTLTCRASQ,8
var,19,ASFSCRASQ,7
var,19,ASFTCRASQ,6
var,19,ASISCRASQ,8
var,19,ASITCRASQ,7
var,19,ASLSCRASQ,8
var,19,ASLTCRASQ,7
var,19,ATFSCRASQ,8
var,19,ATFTCRASQ,7
var,19,ATISCRASQ,8
var,19,ATITCRASQ,8
var,19,ATLSCRASQ,9
var,19,ATLTCRASQ,8
wt,20,SFSCRASQS,7
var,20,SFTCRASQS,7
var,20,SISCRASQS,7
var,20,SITCRASQS,8
var,20,SLSCRASQS,8
var,20,SLTCRASQS,7
var,20,TFSCRASQS,8
var,20,TFTCRASQS,8
var,20,TISCRASQS,8
var,20,TITCRASQS,9
var,20,TLSCRASQS,9
var,20,TLTCRASQS,8
wt,21,FSCRASQSI,7
var,21,FTCRASQSI,8
var,21,ISCRASQSI,8
var,21,ITCRASQSI,9
var,21,LSCRASQSI,8
var,21,LTCRASQSI,8
wt,22,SCRASQSIG,8
var,22,TCRASQSIG,9
wt,23,CRASQSIGT,8
wt,24,RASQSIGTN,7
wt,25,ASQSIGTNI,6
wt,26,SQSIGTNIH,6
wt,27,QSIGTNIHW,6
wt,28,SIGTNIHWY,6
wt,29,IGTNIHWYQ,6
wt,30,GTNIHWYQQ,6
wt,31,TNIHWYQQR,6
var,31,TNIHWYQQK,7
wt,32,NIHWYQQRT,6
var,32,NIHWYQQRP,7
var,32,NIHWYQQKT,7
var,32,NIHWYQQKP,8
wt,33,IHWYQQRTN,6
var,33,IHWYQQRTD,6
var,33,IHWYQQRTG,7
var,33,IHWYQQRPN,7
var,33,IHWYQQRPD,7
var,33,IHWYQQRPG,8
var,33,IHWYQQKTN,7
var,33,IHWYQQKTD,7
var,33,IHWYQQKTG,8
var,33,IHWYQQKPN,8
var,33,IHWYQQKPD,8
var,33,IHWYQQKPG,9
wt,34,HWYQQRTNG,5
var,34,HWYQQRTNQ,6
var,34,HWYQQRTDG,6
var,34,HWYQQRTDQ,7
var,34,HWYQQRTGG,6
var,34,HWYQQRTGQ,7
var,34,HWYQQRPNG,6
var,34,HWYQQRPNQ,7
var,34,HWYQQRPDG,7
var,34,HWYQQRPDQ,8
var,34,HWYQQRPGG,7
var,34,HWYQQRPGQ,8
var,34,HWYQQKTNG,6
var,34,HWYQQKTNQ,7
var,34,HWYQQKTDG,7
var,34,HWYQQKTDQ,8
var,34,HWYQQKTGG,7
var,34,HWYQQKTGQ,8
var,34,HWYQQKPNG,7
var,34,HWYQQKPNQ,8
var,34,HWYQQKPDG,8
var,34,HWYQQKPDQ,9
var,34,HWYQQKPGG,8
var,34,HWYQQKPGQ,9
wt,35,WYQQRTNGS,5
var,35,WYQQRTNGA,5
var,35,WYQQRTNQS,6
var,35,WYQQRTNQA,6
var,35,WYQQRTDGS,6
var,35,WYQQRTDGA,6
var,35,WYQQRTDQS,7
var,35,WYQQRTDQA,7
var,35,WYQQRTGGS,6
var,35,WYQQRTGGA,6
var,35,WYQQRTGQS,7
var,35,WYQQRTGQA,7
var,35,WYQQRPNGS,6
var,35,WYQQRPNGA,6
var,35,WYQQRPNQS,7
var,35,WYQQRPNQA,7
var,35,WYQQRPDGS,7
var,35,WYQQRPDGA,7
var,35,WYQQRPDQS,8
var,35,WYQQRPDQA,8
var,35,WYQQRPGGS,7
var,35,WYQQRPGGA,7
var,35,WYQQRPGQS,8
var,35,WYQQRPGQA,8
var,35,WYQQKTNGS,6
var,35,WYQQKTNGA,6
var,35,WYQQKTNQS,7
var,35,WYQQKTNQA,7
var,35,WYQQKTDGS,7
var,35,WYQQKTDGA,7
var,35,WYQQKTDQS,8
var,35,WYQQKTDQA,8
var,35,WYQQKTGGS,6
var,35,WYQQKTGGA,7
var,35,WYQQKTGQS,7
var,35,WYQQKTGQA,8
var,35,WYQQKPNGS,7
var,35,WYQQKPNGA,7
var,35,WYQQKPNQS,8
var,35,WYQQKPNQA,8
var,35,WYQQKPDGS,8
var,35,WYQQKPDGA,8
var,35,WYQQKPDQS,9
var,35,WYQQKPDQA,9
var,35,WYQQKPGGS,7
var,35,WYQQKPGGA,8
var,35,WYQQKPGQS,8
var,35,WYQQKPGQA,9
wt,36,YQQRTNGSP,5
var,36,YQQRTNGAP,5
var,36,YQQRTNQSP,6
var,36,YQQRTNQAP,6
var,36,YQQRTDGSP,6
var,36,YQQRTDGAP,6
var,36,YQQRTDQSP,7
var,36,YQQRTDQAP,7
var,36,YQQRTGGSP,6
var,36,YQQRTGGAP,6
var,36,YQQRTGQSP,7
var,36,YQQRTGQAP,7
var,36,YQQRPNGSP,6
var,36,YQQRPNGAP,6
var,36,YQQRPNQSP,7
var,36,YQQRPNQAP,7
var,36,YQQRPDGSP,7
var,36,YQQRPDGAP,7
var,36,YQQRPDQSP,8
var,36,YQQRPDQAP,8
var,36,YQQRPGGSP,7
var,36,YQQRPGGAP,7
var,36,YQQRPGQSP,8
var,36,YQQRPGQAP,8
var,36,YQQKTNGSP,6
var,36,YQQKTNGAP,6
var,36,YQQKTNQSP,7
var,36,YQQKTNQAP,7
var,36,YQQKTDGSP,7
var,36,YQQKTDGAP,7
var,36,YQQKTDQSP,8
var,36,YQQKTDQAP,8
var,36,YQQKTGGSP,6
var,36,YQQKTGGAP,7
var,36,YQQKTGQSP,7
var,36,YQQKTGQAP,8
var,36,YQQKPNGSP,7
var,36,YQQKPNGAP,7
var,36,YQQKPNQSP,8
var,36,YQQKPNQAP,8
var,36,YQQKPDGSP,8
var,36,YQQKPDGAP,8
var,36,YQQKPDQSP,9
var,36,YQQKPDQAP,9
var,36,YQQKPGGSP,7
var,36,YQQKPGGAP,8
var,36,YQQKPGQSP,8
var,36,YQQKPGQAP,9
wt,37,QQRTNGSPR,6
var,37,QQRTNGSPK,5
var,37,QQRTNGAPR,5
var,37,QQRTNGAPK,5
var,37,QQRTNQSPR,7
var,37,QQRTNQSPK,6
var,37,QQRTNQAPR,6
var,37,QQRTNQAPK,6
var,37,QQRTDGSPR,6
var,37,QQRTDGSPK,6
var,37,QQRTDGAPR,5
var,37,QQRTDGAPK,6
var,37,QQRTDQSPR,7
var,37,QQRTDQSPK,7
var,37,QQRTDQAPR,6
var,37,QQRTDQAPK,7
var,37,QQRTGGSPR,7
var,37,QQRTGGSPK,6
var,37,QQRTGGAPR,6
var,37,QQRTGGAPK,6
var,37,QQRTGQSPR,8
var,37,QQRTGQSPK,7
var,37,QQRTGQAPR,7
var,37,QQRTGQAPK,6
var,37,QQRPNGSPR,7
var,37,QQRPNGSPK,6
var,37,QQRPNGAPR,6
var,37,QQRPNGAPK,6
var,37,QQRPNQSPR,8
var,37,QQRPNQSPK,7
var,37,QQRPNQAPR,7
var,37,QQRPNQAPK,7
var,37,QQRPDGSPR,7
var,37,QQRPDGSPK,7
var,37,QQRPDGAPR,6
var,37,QQRPDGAPK,7
var,37,QQRPDQSPR,8
var,37,QQRPDQSPK,8
var,37,QQRPDQAPR,7
var,37,QQRPDQAPK,8
var,37,QQRPGGSPR,8
var,37,QQRPGGSPK,7
var,37,QQRPGGAPR,7
var,37,QQRPGGAPK,7
var,37,QQRPGQSPR,9
var,37,QQRPGQSPK,8
var,37,QQRPGQAPR,8
var,37,QQRPGQAPK,7
var,37,QQKTNGSPR,5
var,37,QQKTNGSPK,6
var,37,QQKTNGAPR,6
var,37,QQKTNGAPK,6
var,37,QQKTNQSPR,6
var,37,QQKTNQSPK,7
var,37,QQKTNQAPR,7
var,37,QQKTNQAPK,7
var,37,QQKTDGSPR,6
var,37,QQKTDGSPK,7
var,37,QQKTDGAPR,6
var,37,QQKTDGAPK,7
var,37,QQKTDQSPR,7
var,37,QQKTDQSPK,8
var,37,QQKTDQAPR,7
var,37,QQKTDQAPK,8
var,37,QQKTGGSPR,6
var,37,QQKTGGSPK,6
var,37,QQKTGGAPR,7
var,37,QQKTGGAPK,7
var,37,QQKTGQSPR,7
var,37,QQKTGQSPK,7
var,37,QQKTGQAPR,8
var,37,QQKTGQAPK,7
var,37,QQKPNGSPR,6
var,37,QQKPNGSPK,7
var,37,QQKPNGAPR,7
var,37,QQKPNGAPK,7
var,37,QQKPNQSPR,7
var,37,QQKPNQSPK,8
var,37,QQKPNQAPR,8
var,37,QQKPNQAPK,8
var,37,QQKPDGSPR,7
var,37,QQKPDGSPK,8
var,37,QQKPDGAPR,7
var,37,QQKPDGAPK,8
var,37,QQKPDQSPR,8
var,37,QQKPDQSPK,9
var,37,QQKPDQAPR,8
var,37,QQKPDQAPK,9
var,37,QQKPGGSPR,7
var,37,QQKPGGSPK,7
var,37,QQKPGGAPR,8
var,37,QQKPGGAPK,8
var,37,QQKPGQSPR,8
var,37,QQKPGQSPK,8
var,37,QQKPGQAPR,9
var,37,QQKPGQAPK,8
wt,38,QRTNGSPRL,5
var,38,QRTNGSPKL,5
var,38,QRTNGAPRL,5
var,38,QRTNGAPKL,5
var,38,QRTNQSPRL,6
var,38,QRTNQSPKL,6
var,38,QRTNQAPRL,6
var,38,QRTNQAPKL,6
var,38,QRTDGSPRL,5
var,38,QRTDGSPKL,6
var,38,QRTDGAPRL,5
var,38,QRTDGAPKL,6
var,38,QRTDQSPRL,6
var,38,QRTDQSPKL,7
var,38,QRTDQAPRL,6
var,38,QRTDQAPKL,7
var,38,QRTGGSPRL,6
var,38,QRTGGSPKL,6
var,38,QRTGGAPRL,6
var,38,QRTGGAPKL,6
var,38,QRTGQSPRL,7
var,38,QRTGQSPKL,6
var,38,QRTGQAPRL,7
var,38,QRTGQAPKL,6
var,38,QRPNGSPRL,6
var,38,QRPNGSPKL,6
var,38,QRPNGAPRL,6
var,38,QRPNGAPKL,6
var,38,QRPNQSPRL,7
var,38,QRPNQSPKL,7
var,38,QRPNQAPRL,7
var,38,QRPNQAPKL,7
var,38,QRPDGSPRL,6
var,38,QRPDGSPKL,7
var,38,QRPDGAPRL,6
var,38,QRPDGAPKL,7
var,38,QRPDQSPRL,7
var,38,QRPDQSPKL,8
var,38,QRPDQAPRL,7
var,38,QRPDQAPKL,8
var,38,QRPGGSPRL,7
var,38,QRPGGSPKL,7
var,38,QRPGGAPRL,7
var,38,QRPGGAPKL,7
var,38,QRPGQSPRL,8
var,38,QRPGQSPKL,7
var,38,QRPGQAPRL,8
var,38,QRPGQAPKL,7
var,38,QKTNGSPRL,5
var,38,QKTNGSPKL,6
var,38,QKTNGAPRL,6
var,38,QKTNGAPKL,6
var,38,QKTNQSPRL,6
var,38,QKTNQSPKL,7
var,38,QKTNQAPRL,7
var,38,QKTNQAPKL,7
var,38,QKTDGSPRL,6
var,38,QKTDGSPKL,7
var,38,QKTDGAPRL,6
var,38,QKTDGAPKL,7
var,38,QKTDQSPRL,7
var,38,QKTDQSPKL,8
var,38,QKTDQAPRL,7
var,38,QKTDQAPKL,8
var,38,QKTGGSPRL,6
var,38,QKTGGSPKL,7
var,38,QKTGGAPRL,7
var,38,QKTGGAPKL,7
var,38,QKTGQSPRL,7
var,38,QKTGQSPKL,7
var,38,QKTGQAPRL,8
var,38,QKTGQAPKL,7
var,38,QKPNGSPRL,6
var,38,QKPNGSPKL,7
var,38,QKPNGAPRL,7
var,38,QKPNGAPKL,7
var,38,QKPNQSPRL,7
var,38,QKPNQSPKL,8
var,38,QKPNQAPRL,8
var,38,QKPNQAPKL,8
var,38,QKPDGSPRL,7
var,38,QKPDGSPKL,8
var,38,QKPDGAPRL,7
var,38,QKPDGAPKL,8
var,38,QKPDQSPRL,8
var,38,QKPDQSPKL,9
var,38,QKPDQAPRL,8
var,38,QKPDQAPKL,9
var,38,QKPGGSPRL,7
var,38,QKPGGSPKL,8
var,38,QKPGGAPRL,8
var,38,QKPGGAPKL,8
var,38,QKPGQSPRL,8
var,38,QKPGQSPKL,8
var,38,QKPGQAPRL,9
var,38,QKPGQAPKL,8
wt,39,RTNGSPRLL,5
var,39,RTNGSPKLL,5
var,39,RTNGAPRLL,5
var,39,RTNGAPKLL,5
var,39,RTNQSPRLL,6
var,39,RTNQSPKLL,6
var,39,RTNQAPRLL,6
var,39,RTNQAPKLL,6
var,39,RTDGSPRLL,5
var,39,RTDGSPKLL,6
var,39,RTDGAPRLL,5
var,39,RTDGAPKLL,6
var,39,RTDQSPRLL,6
var,39,RTDQSPKLL,7
var,39,RTDQAPRLL,6
var,39,RTDQAPKLL,7
var,39,RTGGSPRLL,6
var,39,RTGGSPKLL,5
var,39,RTGGAPRLL,6
var,39,RTGGAPKLL,6
var,39,RTGQSPRLL,7
var,39,RTGQSPKLL,6
var,39,RTGQAPRLL,7
var,39,RTGQAPKLL,6
var,39,RPNGSPRLL,6
var,39,RPNGSPKLL,6
var,39,RPNGAPRLL,6
var,39,RPNGAPKLL,6
var,39,RPNQSPRLL,7
var,39,RPNQSPKLL,7
var,39,RPNQAPRLL,7
var,39,RPNQAPKLL,7
var,39,RPDGSPRLL,6
var,39,RPDGSPKLL,7
var,39,RPDGAPRLL,6
var,39,RPDGAPKLL,7
var,39,RPDQSPRLL,7
var,39,RPDQSPKLL,8
var,39,RPDQAPRLL,7
var,39,RPDQAPKLL,8
var,39,RPGGSPRLL,7
var,39,RPGGSPKLL,6
var,39,RPGGAPRLL,7
var,39,RPGGAPKLL,7
var,39,RPGQSPRLL,8
var,39,RPGQSPKLL,7
var,39,RPGQAPRLL,8
var,39,RPGQAPKLL,7
var,39,KTNGSPRLL,5
var,39,KTNGSPKLL,6
var,39,KTNGAPRLL,6
var,39,KTNGAPKLL,6
var,39,KTNQSPRLL,6
var,39,KTNQSPKLL,7
var,39,KTNQAPRLL,7
var,39,KTNQAPKLL,7
var,39,KTDGSPRLL,6
var,39,KTDGSPKLL,7
var,39,KTDGAPRLL,6
var,39,KTDGAPKLL,7
var,39,KTDQSPRLL,7
var,39,KTDQSPKLL,8
var,39,KTDQAPRLL,7
var,39,KTDQAPKLL,8
var,39,KTGGSPRLL,6
var,39,KTGGSPKLL,6
var,39,KTGGAPRLL,7
var,39,KTGGAPKLL,7
var,39,KTGQSPRLL,7
var,39,KTGQSPKLL,7
var,39,KTGQAPRLL,8
var,39,KTGQAPKLL,7
var,39,KPNGSPRLL,6
var,39,KPNGSPKLL,7
var,39,KPNGAPRLL,7
var,39,KPNGAPKLL,7
var,39,KPNQSPRLL,7
var,39,KPNQSPKLL,8
var,39,KPNQAPRLL,8
var,39,KPNQAPKLL,8
var,39,KPDGSPRLL,7
var,39,KPDGSPKLL,8
var,39,KPDGAPRLL,7
var,39,KPDGAPKLL,8
var,39,KPDQSPRLL,8
var,39,KPDQSPKLL,9
var,39,KPDQAPRLL,8
var,39,KPDQAPKLL,9
var,39,KPGGSPRLL,7
var,39,KPGGSPKLL,7
var,39,KPGGAPRLL,8
var,39,KPGGAPKLL,8
var,39,KPGQSPRLL,8
var,39,KPGQSPKLL,8
var,39,KPGQAPRLL,9
var,39,KPGQAPKLL,8
wt,40,TNGSPRLLI,5
var,40,TNGSPKLLI,6
var,40,TNGAPRLLI,6
var,40,TNGAPKLLI,6
var,40,TNQSPRLLI,6
var,40,TNQSPKLLI,7
var,40,TNQAPRLLI,7
var,40,TNQAPKLLI,7
var,40,TDGSPRLLI,6
var,40,TDGSPKLLI,7
var,40,TDGAPRLLI,6
var,40,TDGAPKLLI,7
var,40,TDQSPRLLI,7
var,40,TDQSPKLLI,8
var,40,TDQAPRLLI,7
var,40,TDQAPKLLI,8
var,40,TGGSPRLLI,6
var,40,TGGSPKLLI,6
var,40,TGGAPRLLI,7
var,40,TGGAPKLLI,7
var,40,TGQSPRLLI,7
var,40,TGQSPKLLI,7
var,40,TGQAPRLLI,8
var,40,TGQAPKLLI,7
var,40,PNGSPRLLI,6
var,40,PNGSPKLLI,7
var,40,PNGAPRLLI,7
var,40,PNGAPKLLI,7
var,40,PNQSPRLLI,7
var,40,PNQSPKLLI,8
var,40,PNQAPRLLI,8
var,40,PNQAPKLLI,8
var,40,PDGSPRLLI,7
var,40,PDGSPKLLI,8
var,40,PDGAPRLLI,7
var,40,PDGAPKLLI,8
var,40,PDQSPRLLI,8
var,40,PDQSPKLLI,9
var,40,PDQAPRLLI,8
var,40,PDQAPKLLI,9
var,40,PGGSPRLLI,7
var,40,PGGSPKLLI,7
var,40,PGGAPRLLI,8
var,40,PGGAPKLLI,8
var,40,PGQSPRLLI,8
var,40,PGQSPKLLI,8
var,40,PGQAPRLLI,9
var,40,PGQAPKLLI,8
wt,41,NGSPRLLIK,6
var,41,NGSPRLLIY,6
var,41,NGSPKLLIK,7
var,41,NGSPKLLIY,6
var,41,NGAPRLLIK,6
var,41,NGAPRLLIY,7
var,41,NGAPKLLIK,7
var,41,NGAPKLLIY,7
var,41,NQSPRLLIK,7
var,41,NQSPRLLIY,7
var,41,NQSPKLLIK,8
var,41,NQSPKLLIY,7
var,41,NQAPRLLIK,7
var,41,NQAPRLLIY,8
var,41,NQAPKLLIK,8
var,41,NQAPKLLIY,7
var,41,DGSPRLLIK,7
var,41,DGSPRLLIY,6
var,41,DGSPKLLIK,8
var,41,DGSPKLLIY,7
var,41,DGAPRLLIK,7
var,41,DGAPRLLIY,7
var,41,DGAPKLLIK,8
var,41,DGAPKLLIY,7
var,41,DQSPRLLIK,8
var,41,DQSPRLLIY,7
var,41,DQSPKLLIK,9
var,41,DQSPKLLIY,8
var,41,DQAPRLLIK,8
var,41,DQAPRLLIY,8
var,41,DQAPKLLIK,9
var,41,DQAPKLLIY,8
var,41,GGSPRLLIK,6
var,41,GGSPRLLIY,7
var,41,GGSPKLLIK,7
var,41,GGSPKLLIY,7
var,41,GGAPRLLIK,7
var,41,GGAPRLLIY,8
var,41,GGAPKLLIK,7
var,41,GGAPKLLIY,8
var,41,GQSPRLLIK,7
var,41,GQSPRLLIY,8
var,41,GQSPKLLIK,8
var,41,GQSPKLLIY,8
var,41,GQAPRLLIK,8
var,41,GQAPRLLIY,9
var,41,GQAPKLLIK,8
var,41,GQAPKLLIY,8
wt,42,GSPRLLIKY,7
var,42,GSPRLLIYY,6
var,42,GSPKLLIKY,8
var,42,GSPKLLIYY,7
var,42,GAPRLLIKY,7
var,42,GAPRLLIYY,7
var,42,GAPKLLIKY,8
var,42,GAPKLLIYY,7
var,42,QSPRLLIKY,8
var,42,QSPRLLIYY,7
var,42,QSPKLLIKY,9
var,42,QSPKLLIYY,8
var,42,QAPRLLIKY,8
var,42,QAPRLLIYY,8
var,42,QAPKLLIKY,9
var,42,QAPKLLIYY,8
wt,43,SPRLLIKYA,8
var,43,SPRLLIYYA,7
var,43,SPKLLIKYA,9
var,43,SPKLLIYYA,8
var,43,APRLLIKYA,8
var,43,APRLLIYYA,8
var,43,APKLLIKYA,9
var,43,APKLLIYYA,8
wt,44,PRLLIKYAS,8
var,44,PRLLIYYAS,8
var,44,PKLLIKYAS,9
var,44,PKLLIYYAS,8
wt,45,RLLIKYASE,7
var,45,RLLIYYASE,7
var,45,KLLIKYASE,8
var,45,KLLIYYASE,7
wt,46,LLIKYASES,8
var,46,LLIYYASES,7
wt,47,LIKYASESI,8
var,47,LIYYASESI,7
wt,48,IKYASESIS,8
var,48,IYYASESIS,7
wt,49,KYASESISG,8
var,49,YYASESISG,7
wt,50,YASESISGI,7
var,50,YASESISGV,8
wt,51,ASESISGIP,7
var,51,ASESISGVP,8
wt,52,SESISGIPS,7
var,52,SESISGIPA,6
var,52,SESISGVPS,8
var,52,SESISGVPA,7
wt,53,ESISGIPSR,7
var,53,ESISGIPAR,6
var,53,ESISGVPSR,8
var,53,ESISGVPAR,7
wt,54,SISGIPSRF,8
var,54,SISGIPARF,7
var,54,SISGVPSRF,9
var,54,SISGVPARF,8
wt,55,ISGIPSRFS,8
var,55,ISGIPARFS,7
var,55,ISGVPSRFS,9
var,55,ISGVPARFS,8
wt,56,SGIPSRFSG,8
var,56,SGIPARFSG,8
var,56,SGVPSRFSG,9
var,56,SGVPARFSG,8
wt,57,GIPSRFSGS,8
var,57,GIPARFSGS,9
var,57,GVPSRFSGS,9
var,57,GVPARFSGS,9
wt,58,IPSRFSGSG,8
var,58,IPARFSGSG,9
var,58,VPSRFSGSG,9
var,58,VPARFSGSG,9
wt,59,PSRFSGSGS,9
var,59,PARFSGSGS,9
wt,60,SRFSGSGSG,9
var,60,ARFSGSGSG,9
wt,61,RFSGSGSGT,9
wt,62,FSGSGSGTD,9
var,62,FSGSGSGTE,9
wt,63,SGSGSGTDF,9
var,63,SGSGSGTEF,9
wt,64,GSGSGTDFT,9
var,64,GSGSGTEFT,9
wt,65,SGSGTDFTL,9
var,65,SGSGTEFTL,9
wt,66,GSGTDFTLS,8
var,66,GSGTDFTLT,9
var,66,GSGTEFTLS,8
var,66,GSGTEFTLT,9
wt,67,SGTDFTLSI,8
var,67,SGTDFTLTI,9
var,67,SGTEFTLSI,8
var,67,SGTEFTLTI,9
wt,68,GTDFTLSIN,8
var,68,GTDFTLSIS,8
var,68,GTDFTLTIN,9
var,68,GTDFTLTIS,9
var,68,GTEFTLSIN,7
var,68,GTEFTLSIS,8
var,68,GTEFTLTIN,8
var,68,GTEFTLTIS,9
wt,69,TDFTLSINS,8
var,69,TDFTLSISS,8
var,69,TDFTLTINS,9
var,69,TDFTLTISS,9
var,69,TEFTLSINS,7
var,69,TEFTLSISS,8
var,69,TEFTLTINS,8
var,69,TEFTLTISS,9
wt,70,DFTLSINSV,7
var,70,DFTLSINSL,8
var,70,DFTLSISSV,7
var,70,DFTLSISSL,8
var,70,DFTLTINSV,8
var,70,DFTLTINSL,9
var,70,DFTLTISSV,8
var,70,DFTLTISSL,9
var,70,EFTLSINSV,6
var,70,EFTLSINSL,7
var,70,EFTLSISSV,7
var,70,EFTLSISSL,8
var,70,EFTLTINSV,7
var,70,EFTLTINSL,8
var,70,EFTLTISSV,8
var,70,EFTLTISSL,9
wt,71,FTLSINSVE,7
var,71,FTLSINSVQ,6
var,71,FTLSINSLE,8
var,71,FTLSINSLQ,7
var,71,FTLSISSVE,7
var,71,FTLSISSVQ,7
var,71,FTLSISSLE,8
var,71,FTLSISSLQ,8
var,71,FTLTINSVE,8
var,71,FTLTINSVQ,7
var,71,FTLTINSLE,9
var,71,FTLTINSLQ,8
var,71,FTLTISSVE,8
var,71,FTLTISSVQ,8
var,71,FTLTISSLE,9
var,71,FTLTISSLQ,9
wt,72,TLSINSVES,6
var,72,TLSINSVEA,7
var,72,TLSINSVQS,6
var,72,TLSINSVQA,6
var,72,TLSINSLES,7
var,72,TLSINSLEA,8
var,72,TLSINSLQS,7
var,72,TLSINSLQA,7
var,72,TLSISSVES,6
var,72,TLSISSVEA,7
var,72,TLSISSVQS,7
var,72,TLSISSVQA,7
var,72,TLSISSLES,7
var,72,TLSISSLEA,7
var,72,TLSISSLQS,8
var,72,TLSISSLQA,8
var,72,TLTINSVES,7
var,72,TLTINSVEA,8
var,72,TLTINSVQS,7
var,72,TLTINSVQA,7
var,72,TLTINSLES,8
var,72,TLTINSLEA,9
var,72,TLTINSLQS,8
var,72,TLTINSLQA,8
var,72,TLTISSVES,7
var,72,TLTISSVEA,7
var,72,TLTISSVQS,8
var,72,TLTISSVQA,8
var,72,TLTISSLES,8
var,72,TLTISSLEA,8
var,72,TLTISSLQS,9
var,72,TLTISSLQA,9
wt,73,LSINSVESE,6
var,73,LSINSVEAE,7
var,73,LSINSVQSE,6
var,73,LSINSVQAE,6
var,73,LSINSLESE,7
var,73,LSINSLEAE,8
var,73,LSINSLQSE,7
var,73,LSINSLQAE,7
var,73,LSISSVESE,6
var,73,LSISSVEAE,7
var,73,LSISSVQSE,7
var,73,LSISSVQAE,7
var,73,LSISSLESE,7
var,73,LSISSLEAE,7
var,73,LSISSLQSE,8
var,73,LSISSLQAE,8
var,73,LTINSVESE,7
var,73,LTINSVEAE,8
var,73,LTINSVQSE,7
var,73,LTINSVQAE,7
var,73,LTINSLESE,8
var,73,LTINSLEAE,9
var,73,LTINSLQSE,8
var,73,LTINSLQAE,8
var,73,LTISSVESE,7
var,73,LTISSVEAE,7
var,73,LTISSVQSE,8
var,73,LTISSVQAE,8
var,73,LTISSLESE,8
var,73,LTISSLEAE,8
var,73,LTISSLQSE,9
var,73,LTISSLQAE,9
wt,74,SINSVESED,6
var,74,SINSVEAED,7
var,74,SINSVQSED,6
var,74,SINSVQAED,6
var,74,SINSLESED,7
var,74,SINSLEAED,8
var,74,SINSLQSED,7
var,74,SINSLQAED,7
var,74,SISSVESED,6
var,74,SISSVEAED,7
var,74,SISSVQSED,7
var,74,SISSVQAED,7
var,74,SISSLESED,7
var,74,SISSLEAED,8
var,74,SISSLQSED,8
var,74,SISSLQAED,8
var,74,TINSVESED,7
var,74,TINSVEAED,8
var,74,TINSVQSED,7
var,74,TINSVQAED,7
var,74,TINSLESED,8
var,74,TINSLEAED,9
var,74,TINSLQSED,8
var,74,TINSLQAED,8
var,74,TISSVESED,7
var,74,TISSVEAED,8
var,74,TISSVQSED,8
var,74,TISSVQAED,8
var,74,TISSLESED,8
var,74,TISSLEAED,9
var,74,TISSLQSED,9
var,74,TISSLQAED,9
wt,75,INSVESEDI,6
var,75,INSVESEDA,7
var,75,INSVESEDF,6
var,75,INSVEAEDI,7
var,75,INSVEAEDA,8
var,75,INSVEAEDF,7
var,75,INSVQSEDI,6
var,75,INSVQSEDA,6
var,75,INSVQSEDF,7
var,75,INSVQAEDI,6
var,75,INSVQAEDA,7
var,75,INSVQAEDF,6
var,75,INSLESEDI,7
var,75,INSLESEDA,8
var,75,INSLESEDF,7
var,75,INSLEAEDI,8
var,75,INSLEAEDA,9
var,75,INSLEAEDF,8
var,75,INSLQSEDI,7
var,75,INSLQSEDA,7
var,75,INSLQSEDF,8
var,75,INSLQAEDI,7
var,75,INSLQAEDA,8
var,75,INSLQAEDF,7
var,75,ISSVESEDI,6
var,75,ISSVESEDA,7
var,75,ISSVESEDF,7
var,75,ISSVEAEDI,7
var,75,ISSVEAEDA,8
var,75,ISSVEAEDF,8
var,75,ISSVQSEDI,7
var,75,ISSVQSEDA,7
var,75,ISSVQSEDF,8
var,75,ISSVQAEDI,7
var,75,ISSVQAEDA,7
var,75,ISSVQAEDF,7
var,75,ISSLESEDI,7
var,75,ISSLESEDA,8
var,75,ISSLESEDF,8
var,75,ISSLEAEDI,8
var,75,ISSLEAEDA,9
var,75,ISSLEAEDF,8
var,75,ISSLQSEDI,8
var,75,ISSLQSEDA,8
var,75,ISSLQSEDF,9
var,75,ISSLQAEDI,8
var,75,ISSLQAEDA,8
var,75,ISSLQAEDF,8
wt,76,NSVESEDIA,6
var,76,NSVESEDAA,7
var,76,NSVESEDFA,6
var,76,NSVEAEDIA,7
var,76,NSVEAEDAA,8
var,76,NSVEAEDFA,7
var,76,NSVQSEDIA,6
var,76,NSVQSEDAA,6
var,76,NSVQSEDFA,7
var,76,NSVQAEDIA,6
var,76,NSVQAEDAA,7
var,76,NSVQAEDFA,6
var,76,NSLESEDIA,7
var,76,NSLESEDAA,8
var,76,NSLESEDFA,7
var,76,NSLEAEDIA,8
var,76,NSLEAEDAA,9
var,76,NSLEAEDFA,8
var,76,NSLQSEDIA,7
var,76,NSLQSEDAA,7
var,76,NSLQSEDFA,8
var,76,NSLQAEDIA,7
var,76,NSLQAEDAA,8
var,76,NSLQAEDFA,7
var,76,SSVESEDIA,6
var,76,SSVESEDAA,7
var,76,SSVESEDFA,7
var,76,SSVEAEDIA,7
var,76,SSVEAEDAA,8
var,76,SSVEAEDFA,7
var,76,SSVQSEDIA,7
var,76,SSVQSEDAA,7
var,76,SSVQSEDFA,8
var,76,SSVQAEDIA,7
var,76,SSVQAEDAA,7
var,76,SSVQAEDFA,7
var,76,SSLESEDIA,7
var,76,SSLESEDAA,8
var,76,SSLESEDFA,8
var,76,SSLEAEDIA,8
var,76,SSLEAEDAA,9
var,76,SSLEAEDFA,8
var,76,SSLQSEDIA,8
var,76,SSLQSEDAA,8
var,76,SSLQSEDFA,9
var,76,SSLQAEDIA,8
var,76,SSLQAEDAA,8
var,76,SSLQAEDFA,8
wt,77,SVESEDIAD,5
var,77,SVESEDIAT,6
var,77,SVESEDIAV,6
var,77,SVESEDAAD,6
var,77,SVESEDAAT,7
var,77,SVESEDAAV,6
var,77,SVESEDFAD,6
var,77,SVESEDFAT,6
var,77,SVESEDFAV,7
var,77,SVEAEDIAD,6
var,77,SVEAEDIAT,7
var,77,SVEAEDIAV,6
var,77,SVEAEDAAD,7
var,77,SVEAEDAAT,8
var,77,SVEAEDAAV,7
var,77,SVEAEDFAD,6
var,77,SVEAEDFAT,7
var,77,SVEAEDFAV,7
var,77,SVQSEDIAD,6
var,77,SVQSEDIAT,7
var,77,SVQSEDIAV,7
var,77,SVQSEDAAD,6
var,77,SVQSEDAAT,6
var,77,SVQSEDAAV,7
var,77,SVQSEDFAD,7
var,77,SVQSEDFAT,7
var,77,SVQSEDFAV,8
var,77,SVQAEDIAD,6
var,77,SVQAEDIAT,7
var,77,SVQAEDIAV,7
var,77,SVQAEDAAD,6
var,77,SVQAEDAAT,7
var,77,SVQAEDAAV,7
var,77,SVQAEDFAD,6
var,77,SVQAEDFAT,7
var,77,SVQAEDFAV,7
var,77,SLESEDIAD,6
var,77,SLESEDIAT,7
var,77,SLESEDIAV,7
var,77,SLESEDAAD,7
var,77,SLESEDAAT,8
var,77,SLESEDAAV,7
var,77,SLESEDFAD,7
var,77,SLESEDFAT,7
var,77,SLESEDFAV,8
var,77,SLEAEDIAD,7
var,77,SLEAEDIAT,8
var,77,SLEAEDIAV,7
var,77,SLEAEDAAD,8
var,77,SLEAEDAAT,9
var,77,SLEAEDAAV,8
var,77,SLEAEDFAD,7
var,77,SLEAEDFAT,8
var,77,SLEAEDFAV,8
var,77,SLQSEDIAD,7
var,77,SLQSEDIAT,8
var,77,SLQSEDIAV,8
var,77,SLQSEDAAD,7
var,77,SLQSEDAAT,7
var,77,SLQSEDAAV,8
var,77,SLQSEDFAD,8
var,77,SLQSEDFAT,8
var,77,SLQSEDFAV,9
var,77,SLQAEDIAD,7
var,77,SLQAEDIAT,8
var,77,SLQAEDIAV,8
var,77,SLQAEDAAD,7
var,77,SLQAEDAAT,8
var,77,SLQAEDAAV,8
var,77,SLQAEDFAD,7
var,77,SLQAEDFAT,8
var,77,SLQAEDFAV,8
wt,78,VESEDIADY,5
var,78,VESEDIATY,6
var,78,VESEDIAVY,6
var,78,VESEDAADY,6
var,78,VESEDAATY,7
var,78,VESEDAAVY,6
var,78,VESEDFADY,6
var,78,VESEDFATY,7
var,78,VESEDFAVY,7
var,78,VEAEDIADY,6
var,78,VEAEDIATY,7
var,78,VEAEDIAVY,7
var,78,VEAEDAADY,7
var,78,VEAEDAATY,8
var,78,VEAEDAAVY,7
var,78,VEAEDFADY,7
var,78,VEAEDFATY,7
var,78,VEAEDFAVY,8
var,78,VQSEDIADY,6
var,78,VQSEDIATY,7
var,78,VQSEDIAVY,7
var,78,VQSEDAADY,6
var,78,VQSEDAATY,7
var,78,VQSEDAAVY,7
var,78,VQSEDFADY,7
var,78,VQSEDFATY,8
var,78,VQSEDFAVY,8
var,78,VQAEDIADY,6
var,78,VQAEDIATY,7
var,78,VQAEDIAVY,7
var,78,VQAEDAADY,6
var,78,VQAEDAATY,7
var,78,VQAEDAAVY,7
var,78,VQAEDFADY,6
var,78,VQAEDFATY,7
var,78,VQAEDFAVY,7
var,78,LESEDIADY,6
var,78,LESEDIATY,7
var,78,LESEDIAVY,7
var,78,LESEDAADY,7
var,78,LESEDAATY,8
var,78,LESEDAAVY,7
var,78,LESEDFADY,7
var,78,LESEDFATY,8
var,78,LESEDFAVY,8
var,78,LEAEDIADY,7
var,78,LEAEDIATY,8
var,78,LEAEDIAVY,7
var,78,LEAEDAADY,8
var,78,LEAEDAATY,9
var,78,LEAEDAAVY,8
var,78,LEAEDFADY,7
var,78,LEAEDFATY,8
var,78,LEAEDFAVY,8
var,78,LQSEDIADY,7
var,78,LQSEDIATY,8
var,78,LQSEDIAVY,8
var,78,LQSEDAADY,7
var,78,LQSEDAATY,8
var,78,LQSEDAAVY,8
var,78,LQSEDFADY,8
var,78,LQSEDFATY,9
var,78,LQSEDFAVY,9
var,78,LQAEDIADY,7
var,78,LQAEDIATY,8
var,78,LQAEDIAVY,8
var,78,LQAEDAADY,7
var,78,LQAEDAATY,8
var,78,LQAEDAAVY,8
var,78,LQAEDFADY,7
var,78,LQAEDFATY,8
var,78,LQAEDFAVY,8
wt,79,ESEDIADYY,6
var,79,ESEDIATYY,7
var,79,ESEDIAVYY,7
var,79,ESEDAADYY,7
var,79,ESEDAATYY,8
var,79,ESEDAAVYY,7
var,79,ESEDFADYY,7
var,79,ESEDFATYY,8
var,79,ESEDFAVYY,8
var,79,EAEDIADYY,7
var,79,EAEDIATYY,8
var,79,EAEDIAVYY,7
var,79,EAEDAADYY,8
var,79,EAEDAATYY,9
var,79,EAEDAAVYY,8
var,79,EAEDFADYY,7
var,79,EAEDFATYY,8
var,79,EAEDFAVYY,8
var,79,QSEDIADYY,7
var,79,QSEDIATYY,8
var,79,QSEDIAVYY,8
var,79,QSEDAADYY,7
var,79,QSEDAATYY,8
var,79,QSEDAAVYY,8
var,79,QSEDFADYY,8
var,79,QSEDFATYY,9
var,79,QSEDFAVYY,9
var,79,QAEDIADYY,7
var,79,QAEDIATYY,8
var,79,QAEDIAVYY,8
var,79,QAEDAADYY,7
var,79,QAEDAATYY,8
var,79,QAEDAAVYY,8
var,79,QAEDFADYY,7
var,79,QAEDFATYY,8
var,79,QAEDFAVYY,8
wt,80,SEDIADYYC,7
var,80,SEDIATYYC,8
var,80,SEDIAVYYC,8
var,80,SEDAADYYC,7
var,80,SEDAATYYC,8
var,80,SEDAAVYYC,8
var,80,SEDFADYYC,8
var,80,SEDFATYYC,9
var,80,SEDFAVYYC,9
var,80,AEDIADYYC,7
var,80,AEDIATYYC,8
var,80,AEDIAVYYC,8
var,80,AEDAADYYC,8
var,80,AEDAATYYC,9
var,80,AEDAAVYYC,8
var,80,AEDFADYYC,7
var,80,AEDFATYYC,8
var,80,AEDFAVYYC,8
wt,81,EDIADYYCQ,8
var,81,EDIATYYCQ,9
var,81,EDIAVYYCQ,8
var,81,EDAADYYCQ,8
var,81,EDAATYYCQ,9
var,81,EDAAVYYCQ,8
var,81,EDFADYYCQ,8
var,81,EDFATYYCQ,9
var,81,EDFAVYYCQ,9
wt,82,DIADYYCQQ,8
var,82,DIATYYCQQ,9
var,82,DIAVYYCQQ,8
var,82,DAADYYCQQ,8
var,82,DAATYYCQQ,9
var,82,DAAVYYCQQ,8
var,82,DFADYYCQQ,8
var,82,DFATYYCQQ,9
var,82,DFAVYYCQQ,9
wt,83,IADYYCQQN,7
var,83,IATYYCQQN,8
var,83,IAVYYCQQN,7
var,83,AADYYCQQN,7
var,83,AATYYCQQN,8
var,83,AAVYYCQQN,7
var,83,FADYYCQQN,7
var,83,FATYYCQQN,8
var,83,FAVYYCQQN,8
wt,84,ADYYCQQNN,7
var,84,ATYYCQQNN,8
var,84,AVYYCQQNN,8
wt,85,DYYCQQNNN,7
var,85,TYYCQQNNN,8
var,85,VYYCQQNNN,8
wt,86,YYCQQNNNW,8
wt,87,YCQQNNNWP,8
wt,88,CQQNNNWPT,7
wt,89,QQNNNWPTT,6
wt,90,QNNNWPTTF,5
wt,91,NNNWPTTFG,4
wt,92,NNWPTTFGA,4
wt,93,NWPTTFGAG,3
wt,94,WPTTFGAGT,2
wt,95,PTTFGAGTK,1
wt,96,TTFGAGTKL,0
wt,97,TFGAGTKLE,0
wt,98,FGAGTKLEL,0
wt,99,GAGTKLELK,0
wt,100,AGTKLELKQ,0
wt,101,GTKLELKQV,0
wt,102,TKLELKQVQ,0
wt,103,KLELKQVQL,0
wt,104,LELKQVQLK,0
wt,105,ELKQVQLKQ,0
wt,106,LKQVQLKQS,0
wt,107,KQVQLKQSG,0
wt,108,QVQLKQSGP,8
var,108,QVQLKESGP,8
var,108,QVQLQQSGP,9
var,108,QVQLQESGP,9
var,108,QVTLKQSGP,8
var,108,QVTLKESGP,9
var,108,QVTLQQSGP,8
var,108,QVTLQESGP,8
wt,109,VQLKQSGPG,8
var,109,VQLKQSGPV,7
var,109,VQLKESGPG,8
var,109,VQLKESGPV,8
var,109,VQLQQSGPG,9
var,109,VQLQQSGPV,8
var,109,VQLQESGPG,9
var,109,VQLQESGPV,8
var,109,VTLKQSGPG,7
var,109,VTLKQSGPV,8
var,109,VTLKESGPG,8
var,109,VTLKESGPV,9
var,109,VTLQQSGPG,8
var,109,VTLQQSGPV,7
var,109,VTLQESGPG,8
var,109,VTLQESGPV,8
wt,110,QLKQSGPGL,8
var,110,QLKQSGPVL,7
var,110,QLKESGPGL,8
var,110,QLKESGPVL,8
var,110,QLQQSGPGL,9
var,110,QLQQSGPVL,8
var,110,QLQESGPGL,9
var,110,QLQESGPVL,8
var,110,TLKQSGPGL,7
var,110,TLKQSGPVL,8
var,110,TLKESGPGL,8
var,110,TLKESGPVL,9
var,110,TLQQSGPGL,8
var,110,TLQQSGPVL,7
var,110,TLQESGPGL,8
var,110,TLQESGPVL,8
wt,111,LKQSGPGLV,8
var,111,LKQSGPVLV,8
var,111,LKESGPGLV,8
var,111,LKESGPVLV,9
var,111,LQQSGPGLV,9
var,111,LQQSGPVLV,8
var,111,LQESGPGLV,9
var,111,LQESGPVLV,8
wt,112,KQSGPGLVQ,7
var,112,KQSGPGLVK,8
var,112,KQSGPVLVQ,7
var,112,KQSGPVLVK,8
var,112,KESGPGLVQ,7
var,112,KESGPGLVK,8
var,112,KESGPVLVQ,8
var,112,KESGPVLVK,9
var,112,QQSGPGLVQ,8
var,112,QQSGPGLVK,9
var,112,QQSGPVLVQ,7
var,112,QQSGPVLVK,8
var,112,QESGPGLVQ,8
var,112,QESGPGLVK,9
var,112,QESGPVLVQ,7
var,112,QESGPVLVK,8
wt,113,QSGPGLVQP,8
var,113,QSGPGLVKP,9
var,113,QSGPVLVQP,7
var,113,QSGPVLVKP,8
var,113,ESGPGLVQP,8
var,113,ESGPGLVKP,9
var,113,ESGPVLVQP,8
var,113,ESGPVLVKP,9
wt,114,SGPGLVQPS,8
var,114,SGPGLVQPT,7
var,114,SGPGLVKPS,9
var,114,SGPGLVKPT,8
var,114,SGPVLVQPS,7
var,114,SGPVLVQPT,8
var,114,SGPVLVKPS,8
var,114,SGPVLVKPT,9
wt,115,GPGLVQPSQ,8
var,115,GPGLVQPSE,8
var,115,GPGLVQPTQ,7
var,115,GPGLVQPTE,7
var,115,GPGLVKPSQ,9
var,115,GPGLVKPSE,9
var,115,GPGLVKPTQ,8
var,115,GPGLVKPTE,8
var,115,GPVLVQPSQ,7
var,115,GPVLVQPSE,7
var,115,GPVLVQPTQ,7
var,115,GPVLVQPTE,8
var,115,GPVLVKPSQ,8
var,115,GPVLVKPSE,8
var,115,GPVLVKPTQ,8
var,115,GPVLVKPTE,9
wt,116,PGLVQPSQS,7
var,116,PGLVQPSQT,8
var,116,PGLVQPSES,7
var,116,PGLVQPSET,8
var,116,PGLVQPTQS,6
var,116,PGLVQPTQT,7
var,116,PGLVQPTES,6
var,116,PGLVQPTET,7
var,116,PGLVKPSQS,8
var,116,PGLVKPSQT,9
var,116,PGLVKPSES,8
var,116,PGLVKPSET,9
var,116,PGLVKPTQS,7
var,116,PGLVKPTQT,8
var,116,PGLVKPTES,7
var,116,PGLVKPTET,8
var,116,PVLVQPSQS,6
var,116,PVLVQPSQT,7
var,116,PVLVQPSES,6
var,116,PVLVQPSET,7
var,116,PVLVQPTQS,6
var,116,PVLVQPTQT,7
var,116,PVLVQPTES,7
var,116,PVLVQPTET,8
var,116,PVLVKPSQS,7
var,116,PVLVKPSQT,8
var,116,PVLVKPSES,7
var,116,PVLVKPSET,8
var,116,PVLVKPTQS,7
var,116,PVLVKPTQT,8
var,116,PVLVKPTES,8
var,116,PVLVKPTET,9
wt,117,GLVQPSQSL,7
var,117,GLVQPSQTL,8
var,117,GLVQPSESL,7
var,117,GLVQPSETL,8
var,117,GLVQPTQSL,7
var,117,GLVQPTQTL,7
var,117,GLVQPTESL,7
var,117,GLVQPTETL,7
var,117,GLVKPSQSL,8
var,117,GLVKPSQTL,9
var,117,GLVKPSESL,8
var,117,GLVKPSETL,9
var,117,GLVKPTQSL,7
var,117,GLVKPTQTL,8
var,117,GLVKPTESL,7
var,117,GLVKPTETL,8
var,117,VLVQPSQSL,7
var,117,VLVQPSQTL,7
var,117,VLVQPSESL,7
var,117,VLVQPSETL,7
var,117,VLVQPTQSL,7
var,117,VLVQPTQTL,7
var,117,VLVQPTESL,7
var,117,VLVQPTETL,8
var,117,VLVKPSQSL,7
var,117,VLVKPSQTL,8
var,117,VLVKPSESL,7
var,117,VLVKPSETL,8
var,117,VLVKPTQSL,7
var,117,VLVKPTQTL,8
var,117,VLVKPTESL,8
var,117,VLVKPTETL,9
wt,118,LVQPSQSLS,7
var,118,LVQPSQSLT,6
var,118,LVQPSQTLS,8
var,118,LVQPSQTLT,7
var,118,LVQPSESLS,7
var,118,LVQPSESLT,6
var,118,LVQPSETLS,8
var,118,LVQPSETLT,7
var,118,LVQPTQSLS,6
var,118,LVQPTQSLT,7
var,118,LVQPTQTLS,7
var,118,LVQPTQTLT,8
var,118,LVQPTESLS,6
var,118,LVQPTESLT,7
var,118,LVQPTETLS,7
var,118,LVQPTETLT,8
var,118,LVKPSQSLS,8
var,118,LVKPSQSLT,7
var,118,LVKPSQTLS,9
var,118,LVKPSQTLT,8
var,118,LVKPSESLS,8
var,118,LVKPSESLT,7
var,118,LVKPSETLS,9
var,118,LVKPSETLT,8
var,118,LVKPTQSLS,7
var,118,LVKPTQSLT,8
var,118,LVKPTQTLS,8
var,118,LVKPTQTLT,9
var,118,LVKPTESLS,7
var,118,LVKPTESLT,8
var,118,LVKPTETLS,8
var,118,LVKPTETLT,9
wt,119,VQPSQSLSI,6
var,119,VQPSQSLSL,7
var,119,VQPSQSLTI,5
var,119,VQPSQSLTL,6
var,119,VQPSQTLSI,7
var,119,VQPSQTLSL,8
var,119,VQPSQTLTI,6
var,119,VQPSQTLTL,7
var,119,VQPSESLSI,6
var,119,VQPSESLSL,7
var,119,VQPSESLTI,5
var,119,VQPSESLTL,6
var,119,VQPSETLSI,7
var,119,VQPSETLSL,8
var,119,VQPSETLTI,6
var,119,VQPSETLTL,7
var,119,VQPTQSLSI,5
var,119,VQPTQSLSL,6
var,119,VQPTQSLTI,6
var,119,VQPTQSLTL,7
var,119,VQPTQTLSI,6
var,119,VQPTQTLSL,7
var,119,VQPTQTLTI,7
var,119,VQPTQTLTL,8
var,119,VQPTESLSI,5
var,119,VQPTESLSL,6
var,119,VQPTESLTI,6
var,119,VQPTESLTL,7
var,119,VQPTETLSI,6
var,119,VQPTETLSL,7
var,119,VQPTETLTI,7
var,119,VQPTETLTL,8
var,119,VKPSQSLSI,7
var,119,VKPSQSLSL,8
var,119,VKPSQSLTI,6
var,119,VKPSQSLTL,7
var,119,VKPSQTLSI,8
var,119,VKPSQTLSL,9
var,119,VKPSQTLTI,7
var,119,VKPSQTLTL,8
var,119,VKPSESLSI,7
var,119,VKPSESLSL,8
var,119,VKPSESLTI,6
var,119,VKPSESLTL,7
var,119,VKPSETLSI,8
var,119,VKPSETLSL,9
var,119,VKPSETLTI,7
var,119,VKPSETLTL,8
var,119,VKPTQSLSI,6
var,119,VKPTQSLSL,7
var,119,VKPTQSLTI,7
var,119,VKPTQSLTL,8
var,119,VKPTQTLSI,7
var,119,VKPTQTLSL,8
var,119,VKPTQTLTI,8
var,119,VKPTQTLTL,9
var,119,VKPTESLSI,6
var,119,VKPTESLSL,7
var,119,VKPTESLTI,7
var,119,VKPTESLTL,8
var,119,VKPTETLSI,7
var,119,VKPTETLSL,8
var,119,VKPTETLTI,8
var,119,VKPTETLTL,9
wt,120,QPSQSLSIT,6
var,120,QPSQSLSLT,7
var,120,QPSQSLTIT,5
var,120,QPSQSLTLT,6
var,120,QPSQTLSIT,7
var,120,QPSQTLSLT,8
var,120,QPSQTLTIT,6
var,120,QPSQTLTLT,7
var,120,QPSESLSIT,6
var,120,QPSESLSLT,7
var,120,QPSESLTIT,5
var,120,QPSESLTLT,6
var,120,QPSETLSIT,7
var,120,QPSETLSLT,8
var,120,QPSETLTIT,6
var,120,QPSETLTLT,7
var,120,QPTQSLSIT,5
var,120,QPTQSLSLT,6
var,120,QPTQSLTIT,6
var,120,QPTQSLTLT,7
var,120,QPTQTLSIT,6
var,120,QPTQTLSLT,7
var,120,QPTQTLTIT,7
var,120,QPTQTLTLT,8
var,120,QPTESLSIT,5
var,120,QPTESLSLT,6
var,120,QPTESLTIT,6
var,120,QPTESLTLT,7
var,120,QPTETLSIT,6
var,120,QPTETLSLT,7
var,120,QPTETLTIT,7
var,120,QPTETLTLT,8
var,120,KPSQSLSIT,7
var,120,KPSQSLSLT,8
var,120,KPSQSLTIT,6
var,120,KPSQSLTLT,7
var,120,KPSQTLSIT,8
var,120,KPSQTLSLT,9
var,120,KPSQTLTIT,7
var,120,KPSQTLTLT,8
var,120,KPSESLSIT,7
var,120,KPSESLSLT,8
var,120,KPSESLTIT,6
var,120,KPSESLTLT,7
var,120,KPSETLSIT,8
var,120,KPSETLSLT,9
var,120,KPSETLTIT,7
var,120,KPSETLTLT,8
var,120,KPTQSLSIT,6
var,120,KPTQSLSLT,7
var,120,KPTQSLTIT,7
var,120,KPTQSLTLT,8
var,120,KPTQTLSIT,7
var,120,KPTQTLSLT,8
var,120,KPTQTLTIT,8
var,120,KPTQTLTLT,9
var,120,KPTESLSIT,6
var,120,KPTESLSLT,7
var,120,KPTESLTIT,7
var,120,KPTESLTLT,8
var,120,KPTETLSIT,7
var,120,KPTETLSLT,8
var,120,KPTETLTIT,8
var,120,KPTETLTLT,9
wt,121,PSQSLSITC,7
var,121,PSQSLSLTC,8
var,121,PSQSLTITC,6
var,121,PSQSLTLTC,7
var,121,PSQTLSITC,8
var,121,PSQTLSLTC,9
var,121,PSQTLTITC,7
var,121,PSQTLTLTC,8
var,121,PSESLSITC,7
var,121,PSESLSLTC,8
var,121,PSESLTITC,6
var,121,PSESLTLTC,7
var,121,PSETLSITC,8
var,121,PSETLSLTC,9
var,121,PSETLTITC,7
var,121,PSETLTLTC,8
var,121,PTQSLSITC,6
var,121,PTQSLSLTC,7
var,121,PTQSLTITC,7
var,121,PTQSLTLTC,8
var,121,PTQTLSITC,7
var,121,PTQTLSLTC,8
var,121,PTQTLTITC,8
var,121,PTQTLTLTC,9
var,121,PTESLSITC,6
var,121,PTESLSLTC,7
var,121,PTESLTITC,7
var,121,PTESLTLTC,8
var,121,PTETLSITC,7
var,121,PTETLSLTC,8
var,121,PTETLTITC,8
var,121,PTETLTLTC,9
wt,122,SQSLSITCT,7
var,122,SQSLSLTCT,8
var,122,SQSLTITCT,6
var,122,SQSLTLTCT,7
var,122,SQTLSITCT,8
var,122,SQTLSLTCT,9
var,122,SQTLTITCT,7
var,122,SQTLTLTCT,8
var,122,SESLSITCT,7
var,122,SESLSLTCT,8
var,122,SESLTITCT,6
var,122,SESLTLTCT,7
var,122,SETLSITCT,8
var,122,SETLSLTCT,9
var,122,SETLTITCT,7
var,122,SETLTLTCT,8
var,122,TQSLSITCT,6
var,122,TQSLSLTCT,7
var,122,TQSLTITCT,7
var,122,TQSLTLTCT,8
var,122,TQTLSITCT,7
var,122,TQTLSLTCT,8
var,122,TQTLTITCT,8
var,122,TQTLTLTCT,9
var,122,TESLSITCT,6
var,122,TESLSLTCT,7
var,122,TESLTITCT,7
var,122,TESLTLTCT,8
var,122,TETLSITCT,7
var,122,TETLSLTCT,8
var,122,TETLTITCT,8
var,122,TETLTLTCT,9
wt,123,QSLSITCTV,7
var,123,QSLSLTCTV,8
var,123,QSLTITCTV,6
var,123,QSLTLTCTV,7
var,123,QTLSITCTV,8
var,123,QTLSLTCTV,9
var,123,QTLTITCTV,7
var,123,QTLTLTCTV,8
var,123,ESLSITCTV,7
var,123,ESLSLTCTV,8
var,123,ESLTITCTV,7
var,123,ESLTLTCTV,8
var,123,ETLSITCTV,8
var,123,ETLSLTCTV,9
var,123,ETLTITCTV,8
var,123,ETLTLTCTV,9
wt,124,SLSITCTVS,7
var,124,SLSLTCTVS,8
var,124,SLTITCTVS,7
var,124,SLTLTCTVS,8
var,124,TLSITCTVS,8
var,124,TLSLTCTVS,9
var,124,TLTITCTVS,8
var,124,TLTLTCTVS,9
wt,125,LSITCTVSG,8
var,125,LSLTCTVSG,9
var,125,LTITCTVSG,8
var,125,LTLTCTVSG,9
wt,126,SITCTVSGF,7
var,126,SITCTVSGG,8
var,126,SLTCTVSGF,8
var,126,SLTCTVSGG,9
var,126,TITCTVSGF,8
var,126,TITCTVSGG,7
var,126,TLTCTVSGF,9
var,126,TLTCTVSGG,8
wt,127,ITCTVSGFS,8
var,127,ITCTVSGGS,8
var,127,LTCTVSGFS,9
var,127,LTCTVSGGS,9
wt,128,TCTVSGFSL,9
var,128,TCTVSGFSI,8
var,128,TCTVSGGSL,8
var,128,TCTVSGGSI,9
wt,129,CTVSGFSLT,8
var,129,CTVSGFSLS,9
var,129,CTVSGFSIT,7
var,129,CTVSGFSIS,8
var,129,CTVSGGSLT,7
var,129,CTVSGGSLS,8
var,129,CTVSGGSIT,8
var,129,CTVSGGSIS,9
wt,130,TVSGFSLTN,8
var,130,TVSGFSLSN,9
var,130,TVSGFSITN,7
var,130,TVSGFSISN,8
var,130,TVSGGSLTN,7
var,130,TVSGGSLSN,8
var,130,TVSGGSITN,7
var,130,TVSGGSISN,8
wt,131,VSGFSLTNY,7
var,131,VSGFSLSNY,8
var,131,VSGFSITNY,6
var,131,VSGFSISNY,7
var,131,VSGGSLTNY,6
var,131,VSGGSLSNY,7
var,131,VSGGSITNY,7
var,131,VSGGSISNY,8
wt,132,SGFSLTNYG,6
var,132,SGFSLSNYG,7
var,132,SGFSITNYG,7
var,132,SGFSISNYG,6
var,132,SGGSLTNYG,6
var,132,SGGSLSNYG,6
var,132,SGGSITNYG,6
var,132,SGGSISNYG,7
wt,133,GFSLTNYGV,6
var,133,GFSLSNYGV,7
var,133,GFSITNYGV,6
var,133,GFSISNYGV,6
var,133,GGSLTNYGV,5
var,133,GGSLSNYGV,6
var,133,GGSITNYGV,5
var,133,GGSISNYGV,6
wt,134,FSLTNYGVH,5
var,134,FSLSNYGVH,6
var,134,FSITNYGVH,6
var,134,FSISNYGVH,5
var,134,GSLTNYGVH,4
var,134,GSLSNYGVH,5
var,134,GSITNYGVH,5
var,134,GSISNYGVH,5
wt,135,SLTNYGVHW,5
var,135,SLSNYGVHW,6
var,135,SITNYGVHW,6
var,135,SISNYGVHW,5
wt,136,LTNYGVHWV,6
var,136,LTNYGVHWI,5
var,136,LSNYGVHWV,6
var,136,LSNYGVHWI,6
var,136,ITNYGVHWV,7
var,136,ITNYGVHWI,6
var,136,ISNYGVHWV,6
var,136,ISNYGVHWI,5
wt,137,TNYGVHWVR,7
var,137,TNYGVHWIR,6
var,137,SNYGVHWVR,7
var,137,SNYGVHWIR,6
wt,138,NYGVHWVRQ,7
var,138,NYGVHWIRQ,6
wt,139,YGVHWVRQS,7
var,139,YGVHWVRQH,7
var,139,YGVHWVRQP,7
var,139,YGVHWIRQS,6
var,139,YGVHWIRQH,6
var,139,YGVHWIRQP,7
wt,140,GVHWVRQSP,7
var,140,GVHWVRQHP,7
var,140,GVHWVRQPP,7
var,140,GVHWIRQSP,7
var,140,GVHWIRQHP,7
var,140,GVHWIRQPP,8
wt,141,VHWVRQSPG,7
var,141,VHWVRQHPG,7
var,141,VHWVRQPPG,7
var,141,VHWIRQSPG,7
var,141,VHWIRQHPG,7
var,141,VHWIRQPPG,8
wt,142,HWVRQSPGK,8
var,142,HWVRQHPGK,8
var,142,HWVRQPPGK,8
var,142,HWIRQSPGK,7
var,142,HWIRQHPGK,8
var,142,HWIRQPPGK,8
wt,143,WVRQSPGKG,8
var,143,WVRQSPGKA,7
var,143,WVRQHPGKG,8
var,143,WVRQHPGKA,7
var,143,WVRQPPGKG,9
var,143,WVRQPPGKA,8
var,143,WIRQSPGKG,8
var,143,WIRQSPGKA,8
var,143,WIRQHPGKG,9
var,143,WIRQHPGKA,8
var,143,WIRQPPGKG,9
var,143,WIRQPPGKA,9
wt,144,VRQSPGKGL,8
var,144,VRQSPGKAL,7
var,144,VRQHPGKGL,8
var,144,VRQHPGKAL,7
var,144,VRQPPGKGL,9
var,144,VRQPPGKAL,8
var,144,IRQSPGKGL,8
var,144,IRQSPGKAL,8
var,144,IRQHPGKGL,9
var,144,IRQHPGKAL,8
var,144,IRQPPGKGL,9
var,144,IRQPPGKAL,9
wt,145,RQSPGKGLE,8
var,145,RQSPGKALE,8
var,145,RQHPGKGLE,9
var,145,RQHPGKALE,8
var,145,RQPPGKGLE,9
var,145,RQPPGKALE,9
wt,146,QSPGKGLEW,8
var,146,QSPGKALEW,8
var,146,QHPGKGLEW,9
var,146,QHPGKALEW,8
var,146,QPPGKGLEW,9
var,146,QPPGKALEW,9
wt,147,SPGKGLEWL,7
var,147,SPGKGLEWI,8
var,147,SPGKALEWL,8
var,147,SPGKALEWI,8
var,147,HPGKGLEWL,8
var,147,HPGKGLEWI,9
var,147,HPGKALEWL,8
var,147,HPGKALEWI,8
var,147,PPGKGLEWL,8
var,147,PPGKGLEWI,9
var,147,PPGKALEWL,9
var,147,PPGKALEWI,9
wt,148,PGKGLEWLG,8
var,148,PGKGLEWLA,8
var,148,PGKGLEWIG,9
var,148,PGKGLEWIA,8
var,148,PGKALEWLG,8
var,148,PGKALEWLA,9
var,148,PGKALEWIG,8
var,148,PGKALEWIA,9
wt,149,GKGLEWLGV,7
var,149,GKGLEWLAV,8
var,149,GKGLEWIGV,8
var,149,GKGLEWIAV,8
var,149,GKALEWLGV,7
var,149,GKALEWLAV,8
var,149,GKALEWIGV,7
var,149,GKALEWIAV,8
wt,150,KGLEWLGVI,7
var,150,KGLEWLAVI,8
var,150,KGLEWIGVI,8
var,150,KGLEWIAVI,8
var,150,KALEWLGVI,7
var,150,KALEWLAVI,8
var,150,KALEWIGVI,7
var,150,KALEWIAVI,8
wt,151,GLEWLGVIW,7
var,151,GLEWLAVIW,8
var,151,GLEWIGVIW,7
var,151,GLEWIAVIW,8
var,151,ALEWLGVIW,6
var,151,ALEWLAVIW,7
var,151,ALEWIGVIW,6
var,151,ALEWIAVIW,7
wt,152,LEWLGVIWS,6
var,152,LEWLAVIWS,7
var,152,LEWIGVIWS,6
var,152,LEWIAVIWS,7
wt,153,EWLGVIWSG,6
var,153,EWLAVIWSG,7
var,153,EWIGVIWSG,6
var,153,EWIAVIWSG,7
wt,154,WLGVIWSGG,6
var,154,WLAVIWSGG,6
var,154,WIGVIWSGG,6
var,154,WIAVIWSGG,6
wt,155,LGVIWSGGN,5
var,155,LAVIWSGGN,6
var,155,IGVIWSGGN,5
var,155,IAVIWSGGN,6
wt,156,GVIWSGGNT,6
var,156,AVIWSGGNT,6
wt,157,VIWSGGNTD,6
wt,158,IWSGGNTDY,6
wt,159,WSGGNTDYN,5
wt,160,SGGNTDYNT,5
wt,161,GGNTDYNTP,6
wt,162,GNTDYNTPF,5
wt,163,NTDYNTPFT,4
wt,164,TDYNTPFTS,4
wt,165,DYNTPFTSR,4
wt,166,YNTPFTSRL,5
var,166,YNTPFTSRV,5
wt,167,NTPFTSRLS,4
var,167,NTPFTSRLT,5
var,167,NTPFTSRVS,4
var,167,NTPFTSRVT,5
wt,168,TPFTSRLSI,5
var,168,TPFTSRLTI,6
var,168,TPFTSRVSI,4
var,168,TPFTSRVTI,5
wt,169,PFTSRLSIN,4
var,169,PFTSRLSIS,5
var,169,PFTSRLTIN,5
var,169,PFTSRLTIS,6
var,169,PFTSRVSIN,4
var,169,PFTSRVSIS,5
var,169,PFTSRVTIN,5
var,169,PFTSRVTIS,6
wt,170,FTSRLSINK,5
var,170,FTSRLSINV,4
var,170,FTSRLSISK,6
var,170,FTSRLSISV,5
var,170,FTSRLTINK,6
var,170,FTSRLTINV,5
var,170,FTSRLTISK,7
var,170,FTSRLTISV,6
var,170,FTSRVSINK,4
var,170,FTSRVSINV,5
var,170,FTSRVSISK,5
var,170,FTSRVSISV,6
var,170,FTSRVTINK,5
var,170,FTSRVTINV,6
var,170,FTSRVTISK,6
var,170,FTSRVTISV,7
wt,171,TSRLSINKD,6
var,171,TSRLSINVD,5
var,171,TSRLSISKD,7
var,171,TSRLSISVD,6
var,171,TSRLTINKD,7
var,171,TSRLTINVD,6
var,171,TSRLTISKD,8
var,171,TSRLTISVD,7
var,171,TSRVSINKD,5
var,171,TSRVSINVD,6
var,171,TSRVSISKD,6
var,171,TSRVSISVD,7
var,171,TSRVTINKD,6
var,171,TSRVTINVD,7
var,171,TSRVTISKD,7
var,171,TSRVTISVD,8
wt,172,SRLSINKDN,6
var,172,SRLSINKDT,7
var,172,SRLSINVDN,5
var,172,SRLSINVDT,6
var,172,SRLSISKDN,7
var,172,SRLSISKDT,8
var,172,SRLSISVDN,6
var,172,SRLSISVDT,7
var,172,SRLTINKDN,7
var,172,SRLTINKDT,8
var,172,SRLTINVDN,6
var,172,SRLTINVDT,7
var,172,SRLTISKDN,8
var,172,SRLTISKDT,9
var,172,SRLTISVDN,7
var,172,SRLTISVDT,8
var,172,SRVSINKDN,5
var,172,SRVSINKDT,6
var,172,SRVSINVDN,6
var,172,SRVSINVDT,7
var,172,SRVSISKDN,6
var,172,SRVSISKDT,7
var,172,SRVSISVDN,7
var,172,SRVSISVDT,8
var,172,SRVTINKDN,6
var,172,SRVTINKDT,7
var,172,SRVTINVDN,7
var,172,SRVTINVDT,8
var,172,SRVTISKDN,7
var,172,SRVTISKDT,8
var,172,SRVTISVDN,8
var,172,SRVTISVDT,9
wt,173,RLSINKDNS,6
var,173,RLSINKDTS,7
var,173,RLSINVDNS,5
var,173,RLSINVDTS,6
var,173,RLSISKDNS,7
var,173,RLSISKDTS,8
var,173,RLSISVDNS,6
var,173,RLSISVDTS,7
var,173,RLTINKDNS,7
var,173,RLTINKDTS,8
var,173,RLTINVDNS,6
var,173,RLTINVDTS,7
var,173,RLTISKDNS,8
var,173,RLTISKDTS,9
var,173,RLTISVDNS,7
var,173,RLTISVDTS,8
var,173,RVSINKDNS,5
var,173,RVSINKDTS,6
var,173,RVSINVDNS,6
var,173,RVSINVDTS,7
var,173,RVSISKDNS,6
var,173,RVSISKDTS,7
var,173,RVSISVDNS,7
var,173,RVSISVDTS,8
var,173,RVTINKDNS,6
var,173,RVTINKDTS,7
var,173,RVTINVDNS,7
var,173,RVTINVDTS,8
var,173,RVTISKDNS,7
var,173,RVTISKDTS,8
var,173,RVTISVDNS,8
var,173,RVTISVDTS,9
wt,174,LSINKDNSK,6
var,174,LSINKDTSK,7
var,174,LSINVDNSK,5
var,174,LSINVDTSK,6
var,174,LSISKDNSK,7
var,174,LSISKDTSK,8
var,174,LSISVDNSK,6
var,174,LSISVDTSK,7
var,174,LTINKDNSK,7
var,174,LTINKDTSK,8
var,174,LTINVDNSK,6
var,174,LTINVDTSK,7
var,174,LTISKDNSK,8
var,174,LTISKDTSK,9
var,174,LTISVDNSK,7
var,174,LTISVDTSK,8
var,174,VSINKDNSK,5
var,174,VSINKDTSK,6
var,174,VSINVDNSK,6
var,174,VSINVDTSK,7
var,174,VSISKDNSK,6
var,174,VSISKDTSK,7
var,174,VSISVDNSK,7
var,174,VSISVDTSK,8
var,174,VTINKDNSK,6
var,174,VTINKDTSK,7
var,174,VTINVDNSK,7
var,174,VTINVDTSK,8
var,174,VTISKDNSK,7
var,174,VTISKDTSK,8
var,174,VTISVDNSK,8
var,174,VTISVDTSK,9
wt,175,SINKDNSKS,6
var,175,SINKDNSKN,6
var,175,SINKDTSKS,7
var,175,SINKDTSKN,7
var,175,SINVDNSKS,5
var,175,SINVDNSKN,6
var,175,SINVDTSKS,6
var,175,SINVDTSKN,7
var,175,SISKDNSKS,7
var,175,SISKDNSKN,7
var,175,SISKDTSKS,8
var,175,SISKDTSKN,8
var,175,SISVDNSKS,6
var,175,SISVDNSKN,7
var,175,SISVDTSKS,7
var,175,SISVDTSKN,8
var,175,TINKDNSKS,7
var,175,TINKDNSKN,7
var,175,TINKDTSKS,8
var,175,TINKDTSKN,8
var,175,TINVDNSKS,6
var,175,TINVDNSKN,7
var,175,TINVDTSKS,7
var,175,TINVDTSKN,8
var,175,TISKDNSKS,8
var,175,TISKDNSKN,8
var,175,TISKDTSKS,9
var,175,TISKDTSKN,9
var,175,TISVDNSKS,7
var,175,TISVDNSKN,8
var,175,TISVDTSKS,8
var,175,TISVDTSKN,9
wt,176,INKDNSKSQ,7
var,176,INKDNSKNQ,7
var,176,INKDTSKSQ,8
var,176,INKDTSKNQ,8
var,176,INVDNSKSQ,6
var,176,INVDNSKNQ,7
var,176,INVDTSKSQ,7
var,176,INVDTSKNQ,8
var,176,ISKDNSKSQ,8
var,176,ISKDNSKNQ,8
var,176,ISKDTSKSQ,9
var,176,ISKDTSKNQ,9
var,176,ISVDNSKSQ,7
var,176,ISVDNSKNQ,8
var,176,ISVDTSKSQ,8
var,176,ISVDTSKNQ,9
wt,177,NKDNSKSQV,7
var,177,NKDNSKSQF,6
var,177,NKDNSKNQV,7
var,177,NKDNSKNQF,7
var,177,NKDTSKSQV,8
var,177,NKDTSKSQF,7
var,177,NKDTSKNQV,8
var,177,NKDTSKNQF,8
var,177,NVDNSKSQV,6
var,177,NVDNSKSQF,6
var,177,NVDNSKNQV,6
var,177,NVDNSKNQF,7
var,177,NVDTSKSQV,7
var,177,NVDTSKSQF,7
var,177,NVDTSKNQV,7
var,177,NVDTSKNQF,8
var,177,SKDNSKSQV,8
var,177,SKDNSKSQF,7
var,177,SKDNSKNQV,8
var,177,SKDNSKNQF,7
var,177,SKDTSKSQV,9
var,177,SKDTSKSQF,8
var,177,SKDTSKNQV,9
var,177,SKDTSKNQF,8
var,177,SVDNSKSQV,7
var,177,SVDNSKSQF,7
var,177,SVDNSKNQV,7
var,177,SVDNSKNQF,8
var,177,SVDTSKSQV,8
var,177,SVDTSKSQF,8
var,177,SVDTSKNQV,8
var,177,SVDTSKNQF,9
wt,178,KDNSKSQVF,7
var,178,KDNSKSQVS,7
var,178,KDNSKSQVV,8
var,178,KDNSKSQFF,6
var,178,KDNSKSQFS,6
var,178,KDNSKSQFV,7
var,178,KDNSKNQVF,7
var,178,KDNSKNQVS,7
var,178,KDNSKNQVV,8
var,178,KDNSKNQFF,6
var,178,KDNSKNQFS,7
var,178,KDNSKNQFV,7
var,178,KDTSKSQVF,8
var,178,KDTSKSQVS,8
var,178,KDTSKSQVV,9
var,178,KDTSKSQFF,7
var,178,KDTSKSQFS,7
var,178,KDTSKSQFV,8
var,178,KDTSKNQVF,8
var,178,KDTSKNQVS,8
var,178,KDTSKNQVV,9
var,178,KDTSKNQFF,7
var,178,KDTSKNQFS,8
var,178,KDTSKNQFV,8
var,178,VDNSKSQVF,6
var,178,VDNSKSQVS,6
var,178,VDNSKSQVV,7
var,178,VDNSKSQFF,6
var,178,VDNSKSQFS,7
var,178,VDNSKSQFV,6
var,178,VDNSKNQVF,6
var,178,VDNSKNQVS,7
var,178,VDNSKNQVV,7
var,178,VDNSKNQFF,7
var,178,VDNSKNQFS,8
var,178,VDNSKNQFV,7
var,178,VDTSKSQVF,7
var,178,VDTSKSQVS,7
var,178,VDTSKSQVV,8
var,178,VDTSKSQFF,7
var,178,VDTSKSQFS,8
var,178,VDTSKSQFV,7
var,178,VDTSKNQVF,7
var,178,VDTSKNQVS,8
var,178,VDTSKNQVV,8
var,178,VDTSKNQFF,8
var,178,VDTSKNQFS,9
var,178,VDTSKNQFV,8
wt,179,DNSKSQVFF,6
var,179,DNSKSQVFL,7
var,179,DNSKSQVSF,6
var,179,DNSKSQVSL,7
var,179,DNSKSQVVF,7
var,179,DNSKSQVVL,8
var,179,DNSKSQFFF,5
var,179,DNSKSQFFL,6
var,179,DNSKSQFSF,6
var,179,DNSKSQFSL,7
var,179,DNSKSQFVF,6
var,179,DNSKSQFVL,7
var,179,DNSKNQVFF,6
var,179,DNSKNQVFL,7
var,179,DNSKNQVSF,6
var,179,DNSKNQVSL,7
var,179,DNSKNQVVF,7
var,179,DNSKNQVVL,8
var,179,DNSKNQFFF,6
var,179,DNSKNQFFL,7
var,179,DNSKNQFSF,7
var,179,DNSKNQFSL,8
var,179,DNSKNQFVF,6
var,179,DNSKNQFVL,7
var,179,DTSKSQVFF,7
var,179,DTSKSQVFL,8
var,179,DTSKSQVSF,7
var,179,DTSKSQVSL,8
var,179,DTSKSQVVF,8
var,179,DTSKSQVVL,9
var,179,DTSKSQFFF,6
var,179,DTSKSQFFL,7
var,179,DTSKSQFSF,7
var,179,DTSKSQFSL,8
var,179,DTSKSQFVF,7
var,179,DTSKSQFVL,8
var,179,DTSKNQVFF,7
var,179,DTSKNQVFL,8
var,179,DTSKNQVSF,7
var,179,DTSKNQVSL,8
var,179,DTSKNQVVF,8
var,179,DTSKNQVVL,9
var,179,DTSKNQFFF,7
var,179,DTSKNQFFL,8
var,179,DTSKNQFSF,8
var,179,DTSKNQFSL,9
var,179,DTSKNQFVF,7
var,179,DTSKNQFVL,8
wt,180,NSKSQVFFK,5
var,180,NSKSQVFFT,6
var,180,NSKSQVFLK,6
var,180,NSKSQVFLT,7
var,180,NSKSQVSFK,5
var,180,NSKSQVSFT,6
var,180,NSKSQVSLK,6
var,180,NSKSQVSLT,7
var,180,NSKSQVVFK,6
var,180,NSKSQVVFT,7
var,180,NSKSQVVLK,7
var,180,NSKSQVVLT,8
var,180,NSKSQFFFK,5
var,180,NSKSQFFFT,5
var,180,NSKSQFFLK,6
var,180,NSKSQFFLT,6
var,180,NSKSQFSFK,6
var,180,NSKSQFSFT,5
var,180,NSKSQFSLK,7
var,180,NSKSQFSLT,6
var,180,NSKSQFVFK,5
var,180,NSKSQFVFT,6
var,180,NSKSQFVLK,6
var,180,NSKSQFVLT,7
var,180,NSKNQVFFK,5
var,180,NSKNQVFFT,6
var,180,NSKNQVFLK,6
var,180,NSKNQVFLT,7
var,180,NSKNQVSFK,6
var,180,NSKNQVSFT,6
var,180,NSKNQVSLK,7
var,180,NSKNQVSLT,7
var,180,NSKNQVVFK,6
var,180,NSKNQVVFT,7
var,180,NSKNQVVLK,7
var,180,NSKNQVVLT,8
var,180,NSKNQFFFK,6
var,180,NSKNQFFFT,5
var,180,NSKNQFFLK,7
var,180,NSKNQFFLT,6
var,180,NSKNQFSFK,7
var,180,NSKNQFSFT,6
var,180,NSKNQFSLK,8
var,180,NSKNQFSLT,7
var,180,NSKNQFVFK,6
var,180,NSKNQFVFT,6
var,180,NSKNQFVLK,7
var,180,NSKNQFVLT,7
var,180,TSKSQVFFK,6
var,180,TSKSQVFFT,7
var,180,TSKSQVFLK,7
var,180,TSKSQVFLT,8
var,180,TSKSQVSFK,6
var,180,TSKSQVSFT,7
var,180,TSKSQVSLK,7
var,180,TSKSQVSLT,8
var,180,TSKSQVVFK,7
var,180,TSKSQVVFT,8
var,180,TSKSQVVLK,8
var,180,TSKSQVVLT,9
var,180,TSKSQFFFK,6
var,180,TSKSQFFFT,6
var,180,TSKSQFFLK,7
var,180,TSKSQFFLT,7
var,180,TSKSQFSFK,7
var,180,TSKSQFSFT,6
var,180,TSKSQFSLK,8
var,180,TSKSQFSLT,7
var,180,TSKSQFVFK,6
var,180,TSKSQFVFT,7
var,180,TSKSQFVLK,7
var,180,TSKSQFVLT,8
var,180,TSKNQVFFK,6
var,180,TSKNQVFFT,7
var,180,TSKNQVFLK,7
var,180,TSKNQVFLT,8
var,180,TSKNQVSFK,7
var,180,TSKNQVSFT,7
var,180,TSKNQVSLK,8
var,180,TSKNQVSLT,8
var,180,TSKNQVVFK,7
var,180,TSKNQVVFT,8
var,180,TSKNQVVLK,8
var,180,TSKNQVVLT,9
var,180,TSKNQFFFK,7
var,180,TSKNQFFFT,6
var,180,TSKNQFFLK,8
var,180,TSKNQFFLT,7
var,180,TSKNQFSFK,8
var,180,TSKNQFSFT,7
var,180,TSKNQFSLK,9
var,180,TSKNQFSLT,8
var,180,TSKNQFVFK,7
var,180,TSKNQFVFT,7
var,180,TSKNQFVLK,8
var,180,TSKNQFVLT,8
wt,181,SKSQVFFKM,6
var,181,SKSQVFFKL,5
var,181,SKSQVFFTM,7
var,181,SKSQVFFTL,6
var,181,SKSQVFLKM,7
var,181,SKSQVFLKL,6
var,181,SKSQVFLTM,8
var,181,SKSQVFLTL,7
var,181,SKSQVSFKM,6
var,181,SKSQVSFKL,6
var,181,SKSQVSFTM,7
var,181,SKSQVSFTL,6
var,181,SKSQVSLKM,7
var,181,SKSQVSLKL,7
var,181,SKSQVSLTM,8
var,181,SKSQVSLTL,7
var,181,SKSQVVFKM,7
var,181,SKSQVVFKL,6
var,181,SKSQVVFTM,8
var,181,SKSQVVFTL,7
var,181,SKSQVVLKM,8
var,181,SKSQVVLKL,7
var,181,SKSQVVLTM,9
var,181,SKSQVVLTL,8
var,181,SKSQFFFKM,5
var,181,SKSQFFFKL,6
var,181,SKSQFFFTM,6
var,181,SKSQFFFTL,5
var,181,SKSQFFLKM,6
var,181,SKSQFFLKL,7
var,181,SKSQFFLTM,7
var,181,SKSQFFLTL,6
var,181,SKSQFSFKM,6
var,181,SKSQFSFKL,7
var,181,SKSQFSFTM,6
var,181,SKSQFSFTL,6
var,181,SKSQFSLKM,7
var,181,SKSQFSLKL,8
var,181,SKSQFSLTM,7
var,181,SKSQFSLTL,7
var,181,SKSQFVFKM,6
var,181,SKSQFVFKL,6
var,181,SKSQFVFTM,7
var,181,SKSQFVFTL,6
var,181,SKSQFVLKM,7
var,181,SKSQFVLKL,7
var,181,SKSQFVLTM,8
var,181,SKSQFVLTL,7
var,181,SKNQVFFKM,6
var,181,SKNQVFFKL,6
var,181,SKNQVFFTM,7
var,181,SKNQVFFTL,6
var,181,SKNQVFLKM,7
var,181,SKNQVFLKL,7
var,181,SKNQVFLTM,8
var,181,SKNQVFLTL,7
var,181,SKNQVSFKM,6
var,181,SKNQVSFKL,7
var,181,SKNQVSFTM,7
var,181,SKNQVSFTL,6
var,181,SKNQVSLKM,7
var,181,SKNQVSLKL,8
var,181,SKNQVSLTM,8
var,181,SKNQVSLTL,7
var,181,SKNQVVFKM,7
var,181,SKNQVVFKL,6
var,181,SKNQVVFTM,8
var,181,SKNQVVFTL,7
var,181,SKNQVVLKM,8
var,181,SKNQVVLKL,7
var,181,SKNQVVLTM,9
var,181,SKNQVVLTL,8
var,181,SKNQFFFKM,6
var,181,SKNQFFFKL,7
var,181,SKNQFFFTM,6
var,181,SKNQFFFTL,6
var,181,SKNQFFLKM,7
var,181,SKNQFFLKL,8
var,181,SKNQFFLTM,7
var,181,SKNQFFLTL,7
var,181,SKNQFSFKM,7
var,181,SKNQFSFKL,8
var,181,SKNQFSFTM,6
var,181,SKNQFSFTL,7
var,181,SKNQFSLKM,8
var,181,SKNQFSLKL,9
var,181,SKNQFSLTM,7
var,181,SKNQFSLTL,8
var,181,SKNQFVFKM,6
var,181,SKNQFVFKL,7
var,181,SKNQFVFTM,7
var,181,SKNQFVFTL,6
var,181,SKNQFVLKM,7
var,181,SKNQFVLKL,8
var,181,SKNQFVLTM,8
var,181,SKNQFVLTL,7
wt,182,KSQVFFKMN,5
var,182,KSQVFFKMS,5
var,182,KSQVFFKMT,6
var,182,KSQVFFKLN,4
var,182,KSQVFFKLS,5
var,182,KSQVFFKLT,5
var,182,KSQVFFTMN,6
var,182,KSQVFFTMS,6
var,182,KSQVFFTMT,7
var,182,KSQVFFTLN,5
var,182,KSQVFFTLS,5
var,182,KSQVFFTLT,6
var,182,KSQVFLKMN,6
var,182,KSQVFLKMS,6
var,182,KSQVFLKMT,7
var,182,KSQVFLKLN,5
var,182,KSQVFLKLS,6
var,182,KSQVFLKLT,6
var,182,KSQVFLTMN,7
var,182,KSQVFLTMS,7
var,182,KSQVFLTMT,8
var,182,KSQVFLTLN,6
var,182,KSQVFLTLS,6
var,182,KSQVFLTLT,7
var,182,KSQVSFKMN,5
var,182,KSQVSFKMS,5
var,182,KSQVSFKMT,6
var,182,KSQVSFKLN,5
var,182,KSQVSFKLS,6
var,182,KSQVSFKLT,5
var,182,KSQVSFTMN,6
var,182,KSQVSFTMS,6
var,182,KSQVSFTMT,7
var,182,KSQVSFTLN,5
var,182,KSQVSFTLS,5
var,182,KSQVSFTLT,6
var,182,KSQVSLKMN,6
var,182,KSQVSLKMS,6
var,182,KSQVSLKMT,7
var,182,KSQVSLKLN,6
var,182,KSQVSLKLS,7
var,182,KSQVSLKLT,6
var,182,KSQVSLTMN,7
var,182,KSQVSLTMS,7
var,182,KSQVSLTMT,8
var,182,KSQVSLTLN,6
var,182,KSQVSLTLS,6
var,182,KSQVSLTLT,7
var,182,KSQVVFKMN,6
var,182,KSQVVFKMS,6
var,182,KSQVVFKMT,7
var,182,KSQVVFKLN,5
var,182,KSQVVFKLS,5
var,182,KSQVVFKLT,6
var,182,KSQVVFTMN,7
var,182,KSQVVFTMS,7
var,182,KSQVVFTMT,8
var,182,KSQVVFTLN,6
var,182,KSQVVFTLS,6
var,182,KSQVVFTLT,7
var,182,KSQVVLKMN,7
var,182,KSQVVLKMS,7
var,182,KSQVVLKMT,8
var,182,KSQVVLKLN,6
var,182,KSQVVLKLS,6
var,182,KSQVVLKLT,7
var,182,KSQVVLTMN,8
var,182,KSQVVLTMS,8
var,182,KSQVVLTMT,9
var,182,KSQVVLTLN,7
var,182,KSQVVLTLS,7
var,182,KSQVVLTLT,8
var,182,KSQFFFKMN,4
var,182,KSQFFFKMS,5
var,182,KSQFFFKMT,5
var,182,KSQFFFKLN,5
var,182,KSQFFFKLS,6
var,182,KSQFFFKLT,5
var,182,KSQFFFTMN,5
var,182,KSQFFFTMS,5
var,182,KSQFFFTMT,6
var,182,KSQFFFTLN,5
var,182,KSQFFFTLS,5
var,182,KSQFFFTLT,5
var,182,KSQFFLKMN,5
var,182,KSQFFLKMS,6
var,182,KSQFFLKMT,6
var,182,KSQFFLKLN,6
var,182,KSQFFLKLS,7
var,182,KSQFFLKLT,6
var,182,KSQFFLTMN,6
var,182,KSQFFLTMS,6
var,182,KSQFFLTMT,7
var,182,KSQFFLTLN,6
var,182,KSQFFLTLS,6
var,182,KSQFFLTLT,6
var,182,KSQFSFKMN,5
var,182,KSQFSFKMS,6
var,182,KSQFSFKMT,5
var,182,KSQFSFKLN,6
var,182,KSQFSFKLS,7
var,182,KSQFSFKLT,6
var,182,KSQFSFTMN,5
var,182,KSQFSFTMS,5
var,182,KSQFSFTMT,6
var,182,KSQFSFTLN,6
var,182,KSQFSFTLS,6
var,182,KSQFSFTLT,5
var,182,KSQFSLKMN,6
var,182,KSQFSLKMS,7
var,182,KSQFSLKMT,6
var,182,KSQFSLKLN,7
var,182,KSQFSLKLS,8
var,182,KSQFSLKLT,7
var,182,KSQFSLTMN,6
var,182,KSQFSLTMS,6
var,182,KSQFSLTMT,7
var,182,KSQFSLTLN,7
var,182,KSQFSLTLS,7
var,182,KSQFSLTLT,6
var,182,KSQFVFKMN,5
var,182,KSQFVFKMS,5
var,182,KSQFVFKMT,6
var,182,KSQFVFKLN,5
var,182,KSQFVFKLS,6
var,182,KSQFVFKLT,5
var,182,KSQFVFTMN,6
var,182,KSQFVFTMS,6
var,182,KSQFVFTMT,7
var,182,KSQFVFTLN,5
var,182,KSQFVFTLS,5
var,182,KSQFVFTLT,6
var,182,KSQFVLKMN,6
var,182,KSQFVLKMS,6
var,182,KSQFVLKMT,7
var,182,KSQFVLKLN,6
var,182,KSQFVLKLS,7
var,182,KSQFVLKLT,6
var,182,KSQFVLTMN,7
var,182,KSQFVLTMS,7
var,182,KSQFVLTMT,8
var,182,KSQFVLTLN,6
var,182,KSQFVLTLS,6
var,182,KSQFVLTLT,7
var,182,KNQVFFKMN,5
var,182,KNQVFFKMS,5
var,182,KNQVFFKMT,6
var,182,KNQVFFKLN,5
var,182,KNQVFFKLS,6
var,182,KNQVFFKLT,5
var,182,KNQVFFTMN,6
var,182,KNQVFFTMS,6
var,182,KNQVFFTMT,7
var,182,KNQVFFTLN,5
var,182,KNQVFFTLS,5
var,182,KNQVFFTLT,6
var,182,KNQVFLKMN,6
var,182,KNQVFLKMS,6
var,182,KNQVFLKMT,7
var,182,KNQVFLKLN,6
var,182,KNQVFLKLS,7
var,182,KNQVFLKLT,6
var,182,KNQVFLTMN,7
var,182,KNQVFLTMS,7
var,182,KNQVFLTMT,8
var,182,KNQVFLTLN,6
var,182,KNQVFLTLS,6
var,182,KNQVFLTLT,7
var,182,KNQVSFKMN,5
var,182,KNQVSFKMS,6
var,182,KNQVSFKMT,6
var,182,KNQVSFKLN,6
var,182,KNQVSFKLS,7
var,182,KNQVSFKLT,6
var,182,KNQVSFTMN,6
var,182,KNQVSFTMS,6
var,182,KNQVSFTMT,7
var,182,KNQVSFTLN,6
var,182,KNQVSFTLS,6
var,182,KNQVSFTLT,6
var,182,KNQVSLKMN,6
var,182,KNQVSLKMS,7
var,182,KNQVSLKMT,7
var,182,KNQVSLKLN,7
var,182,KNQVSLKLS,8
var,182,KNQVSLKLT,7
var,182,KNQVSLTMN,7
var,182,KNQVSLTMS,7
var,182,KNQVSLTMT,8
var,182,KNQVSLTLN,7
var,182,KNQVSLTLS,7
var,182,KNQVSLTLT,7
var,182,KNQVVFKMN,6
var,182,KNQVVFKMS,6
var,182,KNQVVFKMT,7
var,182,KNQVVFKLN,5
var,182,KNQVVFKLS,6
var,182,KNQVVFKLT,6
var,182,KNQVVFTMN,7
var,182,KNQVVFTMS,7
var,182,KNQVVFTMT,8
var,182,KNQVVFTLN,6
var,182,KNQVVFTLS,6
var,182,KNQVVFTLT,7
var,182,KNQVVLKMN,7
var,182,KNQVVLKMS,7
var,182,KNQVVLKMT,8
var,182,KNQVVLKLN,6
var,182,KNQVVLKLS,7
var,182,KNQVVLKLT,7
var,182,KNQVVLTMN,8
var,182,KNQVVLTMS,8
var,182,KNQVVLTMT,9
var,182,KNQVVLTLN,7
var,182,KNQVVLTLS,7
var,182,KNQVVLTLT,8
var,182,KNQFFFKMN,5
var,182,KNQFFFKMS,6
var,182,KNQFFFKMT,5
var,182,KNQFFFKLN,6
var,182,KNQFFFKLS,7
var,182,KNQFFFKLT,6
var,182,KNQFFFTMN,5
var,182,KNQFFFTMS,5
var,182,KNQFFFTMT,6
var,182,KNQFFFTLN,6
var,182,KNQFFFTLS,6
var,182,KNQFFFTLT,5
var,182,KNQFFLKMN,6
var,182,KNQFFLKMS,7
var,182,KNQFFLKMT,6
var,182,KNQFFLKLN,7
var,182,KNQFFLKLS,8
var,182,KNQFFLKLT,7
var,182,KNQFFLTMN,6
var,182,KNQFFLTMS,6
var,182,KNQFFLTMT,7
var,182,KNQFFLTLN,7
var,182,KNQFFLTLS,7
var,182,KNQFFLTLT,6
var,182,KNQFSFKMN,6
var,182,KNQFSFKMS,7
var,182,KNQFSFKMT,6
var,182,KNQFSFKLN,7
var,182,KNQFSFKLS,8
var,182,KNQFSFKLT,7
var,182,KNQFSFTMN,6
var,182,KNQFSFTMS,6
var,182,KNQFSFTMT,6
var,182,KNQFSFTLN,7
var,182,KNQFSFTLS,7
var,182,KNQFSFTLT,6
var,182,KNQFSLKMN,7
var,182,KNQFSLKMS,8
var,182,KNQFSLKMT,7
var,182,KNQFSLKLN,8
var,182,KNQFSLKLS,9
var,182,KNQFSLKLT,8
var,182,KNQFSLTMN,7
var,182,KNQFSLTMS,7
var,182,KNQFSLTMT,7
var,182,KNQFSLTLN,8
var,182,KNQFSLTLS,8
var,182,KNQFSLTLT,7
var,182,KNQFVFKMN,5
var,182,KNQFVFKMS,6
var,182,KNQFVFKMT,6
var,182,KNQFVFKLN,6
var,182,KNQFVFKLS,7
var,182,KNQFVFKLT,6
var,182,KNQFVFTMN,6
var,182,KNQFVFTMS,6
var,182,KNQFVFTMT,7
var,182,KNQFVFTLN,6
var,182,KNQFVFTLS,6
var,182,KNQFVFTLT,6
var,182,KNQFVLKMN,6
var,182,KNQFVLKMS,7
var,182,KNQFVLKMT,7
var,182,KNQFVLKLN,7
var,182,KNQFVLKLS,8
var,182,KNQFVLKLT,7
var,182,KNQFVLTMN,7
var,182,KNQFVLTMS,7
var,182,KNQFVLTMT,8
var,182,KNQFVLTLN,7
var,182,KNQFVLTLS,7
var,182,KNQFVLTLT,7
wt,183,SQVFFKMNS,4
var,183,SQVFFKMNN,5
var,183,SQVFFKMSS,4
var,183,SQVFFKMSN,5
var,183,SQVFFKMTS,5
var,183,SQVFFKMTN,6
var,183,SQVFFKLNS,4
var,183,SQVFFKLNN,4
var,183,SQVFFKLSS,5
var,183,SQVFFKLSN,4
var,183,SQVFFKLTS,4
var,183,SQVFFKLTN,5
var,183,SQVFFTMNS,5
var,183,SQVFFTMNN,6
var,183,SQVFFTMSS,5
var,183,SQVFFTMSN,6
var,183,SQVFFTMTS,6
var,183,SQVFFTMTN,7
var,183,SQVFFTLNS,4
var,183,SQVFFTLNN,5
var,183,SQVFFTLSS,5
var,183,SQVFFTLSN,5
var,183,SQVFFTLTS,5
var,183,SQVFFTLTN,6
var,183,SQVFLKMNS,5
var,183,SQVFLKMNN,6
var,183,SQVFLKMSS,5
var,183,SQVFLKMSN,6
var,183,SQVFLKMTS,6
var,183,SQVFLKMTN,7
var,183,SQVFLKLNS,5
var,183,SQVFLKLNN,5
var,183,SQVFLKLSS,6
var,183,SQVFLKLSN,5
var,183,SQVFLKLTS,5
var,183,SQVFLKLTN,6
var,183,SQVFLTMNS,6
var,183,SQVFLTMNN,7
var,183,SQVFLTMSS,6
var,183,SQVFLTMSN,7
var,183,SQVFLTMTS,7
var,183,SQVFLTMTN,8
var,183,SQVFLTLNS,5
var,183,SQVFLTLNN,6
var,183,SQVFLTLSS,5
var,183,SQVFLTLSN,6
var,183,SQVFLTLTS,6
var,183,SQVFLTLTN,7
var,183,SQVSFKMNS,4
var,183,SQVSFKMNN,5
var,183,SQVSFKMSS,5
var,183,SQVSFKMSN,5
var,183,SQVSFKMTS,5
var,183,SQVSFKMTN,6
var,183,SQVSFKLNS,5
var,183,SQVSFKLNN,4
var,183,SQVSFKLSS,6
var,183,SQVSFKLSN,5
var,183,SQVSFKLTS,5
var,183,SQVSFKLTN,5
var,183,SQVSFTMNS,5
var,183,SQVSFTMNN,6
var,183,SQVSFTMSS,5
var,183,SQVSFTMSN,6
var,183,SQVSFTMTS,6
var,183,SQVSFTMTN,7
var,183,SQVSFTLNS,5
var,183,SQVSFTLNN,5
var,183,SQVSFTLSS,5
var,183,SQVSFTLSN,5
var,183,SQVSFTLTS,5
var,183,SQVSFTLTN,6
var,183,SQVSLKMNS,5
var,183,SQVSLKMNN,6
var,183,SQVSLKMSS,6
var,183,SQVSLKMSN,6
var,183,SQVSLKMTS,6
var,183,SQVSLKMTN,7
var,183,SQVSLKLNS,6
var,183,SQVSLKLNN,5
var,183,SQVSLKLSS,7
var,183,SQVSLKLSN,6
var,183,SQVSLKLTS,6
var,183,SQVSLKLTN,6
var,183,SQVSLTMNS,6
var,183,SQVSLTMNN,7
var,183,SQVSLTMSS,6
var,183,SQVSLTMSN,7
var,183,SQVSLTMTS,7
var,183,SQVSLTMTN,8
var,183,SQVSLTLNS,6
var,183,SQVSLTLNN,6
var,183,SQVSLTLSS,6
var,183,SQVSLTLSN,6
var,183,SQVSLTLTS,6
var,183,SQVSLTLTN,7
var,183,SQVVFKMNS,5
var,183,SQVVFKMNN,6
var,183,SQVVFKMSS,5
var,183,SQVVFKMSN,6
var,183,SQVVFKMTS,6
var,183,SQVVFKMTN,7
var,183,SQVVFKLNS,4
var,183,SQVVFKLNN,5
var,183,SQVVFKLSS,5
var,183,SQVVFKLSN,5
var,183,SQVVFKLTS,5
var,183,SQVVFKLTN,6
var,183,SQVVFTMNS,6
var,183,SQVVFTMNN,7
var,183,SQVVFTMSS,6
var,183,SQVVFTMSN,7
var,183,SQVVFTMTS,7
var,183,SQVVFTMTN,8
var,183,SQVVFTLNS,5
var,183,SQVVFTLNN,6
var,183,SQVVFTLSS,5
var,183,SQVVFTLSN,6
var,183,SQVVFTLTS,6
var,183,SQVVFTLTN,7
var,183,SQVVLKMNS,6
var,183,SQVVLKMNN,7
var,183,SQVVLKMSS,6
var,183,SQVVLKMSN,7
var,183,SQVVLKMTS,7
var,183,SQVVLKMTN,8
var,183,SQVVLKLNS,5
var,183,SQVVLKLNN,6
var,183,SQVVLKLSS,6
var,183,SQVVLKLSN,6
var,183,SQVVLKLTS,6
var,183,SQVVLKLTN,7
var,183,SQVVLTMNS,7
var,183,SQVVLTMNN,8
var,183,SQVVLTMSS,7
var,183,SQVVLTMSN,8
var,183,SQVVLTMTS,8
var,183,SQVVLTMTN,9
var,183,SQVVLTLNS,6
var,183,SQVVLTLNN,7
var,183,SQVVLTLSS,6
var,183,SQVVLTLSN,7
var,183,SQVVLTLTS,7
var,183,SQVVLTLTN,8
var,183,SQFFFKMNS,4
var,183,SQFFFKMNN,4
var,183,SQFFFKMSS,5
var,183,SQFFFKMSN,4
var,183,SQFFFKMTS,4
var,183,SQFFFKMTN,5
var,183,SQFFFKLNS,5
var,183,SQFFFKLNN,4
var,183,SQFFFKLSS,6
var,183,SQFFFKLSN,5
var,183,SQFFFKLTS,5
var,183,SQFFFKLTN,4
var,183,SQFFFTMNS,4
var,183,SQFFFTMNN,5
var,183,SQFFFTMSS,4
var,183,SQFFFTMSN,5
var,183,SQFFFTMTS,5
var,183,SQFFFTMTN,6
var,183,SQFFFTLNS,5
var,183,SQFFFTLNN,4
var,183,SQFFFTLSS,5
var,183,SQFFFTLSN,4
var,183,SQFFFTLTS,4
var,183,SQFFFTLTN,5
var,183,SQFFLKMNS,5
var,183,SQFFLKMNN,5
var,183,SQFFLKMSS,6
var,183,SQFFLKMSN,5
var,183,SQFFLKMTS,5
var,183,SQFFLKMTN,6
var,183,SQFFLKLNS,6
var,183,SQFFLKLNN,5
var,183,SQFFLKLSS,7
var,183,SQFFLKLSN,6
var,183,SQFFLKLTS,6
var,183,SQFFLKLTN,5
var,183,SQFFLTMNS,5
var,183,SQFFLTMNN,6
var,183,SQFFLTMSS,5
var,183,SQFFLTMSN,6
var,183,SQFFLTMTS,6
var,183,SQFFLTMTN,7
var,183,SQFFLTLNS,6
var,183,SQFFLTLNN,5
var,183,SQFFLTLSS,6
var,183,SQFFLTLSN,5
var,183,SQFFLTLTS,5
var,183,SQFFLTLTN,6
var,183,SQFSFKMNS,5
var,183,SQFSFKMNN,4
var,183,SQFSFKMSS,6
var,183,SQFSFKMSN,5
var,183,SQFSFKMTS,5
var,183,SQFSFKMTN,5
var,183,SQFSFKLNS,6
var,183,SQFSFKLNN,5
var,183,SQFSFKLSS,7
var,183,SQFSFKLSN,6
var,183,SQFSFKLTS,6
var,183,SQFSFKLTN,5
var,183,SQFSFTMNS,5
var,183,SQFSFTMNN,5
var,183,SQFSFTMSS,5
var,183,SQFSFTMSN,5
var,183,SQFSFTMTS,5
var,183,SQFSFTMTN,6
var,183,SQFSFTLNS,6
var,183,SQFSFTLNN,5
var,183,SQFSFTLSS,6
var,183,SQFSFTLSN,5
var,183,SQFSFTLTS,5
var,183,SQFSFTLTN,5
var,183,SQFSLKMNS,6
var,183,SQFSLKMNN,5
var,183,SQFSLKMSS,7
var,183,SQFSLKMSN,6
var,183,SQFSLKMTS,6
var,183,SQFSLKMTN,6
var,183,SQFSLKLNS,7
var,183,SQFSLKLNN,6
var,183,SQFSLKLSS,8
var,183,SQFSLKLSN,7
var,183,SQFSLKLTS,7
var,183,SQFSLKLTN,6
var,183,SQFSLTMNS,6
var,183,SQFSLTMNN,6
var,183,SQFSLTMSS,6
var,183,SQFSLTMSN,6
var,183,SQFSLTMTS,6
var,183,SQFSLTMTN,7
var,183,SQFSLTLNS,7
var,183,SQFSLTLNN,6
var,183,SQFSLTLSS,7
var,183,SQFSLTLSN,6
var,183,SQFSLTLTS,6
var,183,SQFSLTLTN,6
var,183,SQFVFKMNS,4
var,183,SQFVFKMNN,5
var,183,SQFVFKMSS,5
var,183,SQFVFKMSN,5
var,183,SQFVFKMTS,5
var,183,SQFVFKMTN,6
var,183,SQFVFKLNS,5
var,183,SQFVFKLNN,4
var,183,SQFVFKLSS,6
var,183,SQFVFKLSN,5
var,183,SQFVFKLTS,5
var,183,SQFVFKLTN,5
var,183,SQFVFTMNS,5
var,183,SQFVFTMNN,6
var,183,SQFVFTMSS,5
var,183,SQFVFTMSN,6
var,183,SQFVFTMTS,6
var,183,SQFVFTMTN,7
var,183,SQFVFTLNS,5
var,183,SQFVFTLNN,5
var,183,SQFVFTLSS,5
var,183,SQFVFTLSN,5
var,183,SQFVFTLTS,5
var,183,SQFVFTLTN,6
var,183,SQFVLKMNS,5
var,183,SQFVLKMNN,6
var,183,SQFVLKMSS,6
var,183,SQFVLKMSN,6
var,183,SQFVLKMTS,6
var,183,SQFVLKMTN,7
var,183,SQFVLKLNS,6
var,183,SQFVLKLNN,5
var,183,SQFVLKLSS,7
var,183,SQFVLKLSN,6
var,183,SQFVLKLTS,6
var,183,SQFVLKLTN,6
var,183,SQFVLTMNS,6
var,183,SQFVLTMNN,7
var,183,SQFVLTMSS,6
var,183,SQFVLTMSN,7
var,183,SQFVLTMTS,7
var,183,SQFVLTMTN,8
var,183,SQFVLTLNS,6
var,183,SQFVLTLNN,6
var,183,SQFVLTLSS,6
var,183,SQFVLTLSN,6
var,183,SQFVLTLTS,6
var,183,SQFVLTLTN,7
var,183,NQVFFKMNS,5
var,183,NQVFFKMNN,5
var,183,NQVFFKMSS,5
var,183,NQVFFKMSN,5
var,183,NQVFFKMTS,5
var,183,NQVFFKMTN,6
var,183,NQVFFKLNS,5
var,183,NQVFFKLNN,4
var,183,NQVFFKLSS,6
var,183,NQVFFKLSN,5
var,183,NQVFFKLTS,5
var,183,NQVFFKLTN,5
var,183,NQVFFTMNS,5
var,183,NQVFFTMNN,6
var,183,NQVFFTMSS,5
var,183,NQVFFTMSN,6
var,183,NQVFFTMTS,6
var,183,NQVFFTMTN,7
var,183,NQVFFTLNS,5
var,183,NQVFFTLNN,5
var,183,NQVFFTLSS,5
var,183,NQVFFTLSN,5
var,183,NQVFFTLTS,5
var,183,NQVFFTLTN,6
var,183,NQVFLKMNS,6
var,183,NQVFLKMNN,6
var,183,NQVFLKMSS,6
var,183,NQVFLKMSN,6
var,183,NQVFLKMTS,6
var,183,NQVFLKMTN,7
var,183,NQVFLKLNS,6
var,183,NQVFLKLNN,5
var,183,NQVFLKLSS,7
var,183,NQVFLKLSN,6
var,183,NQVFLKLTS,6
var,183,NQVFLKLTN,6
var,183,NQVFLTMNS,6
var,183,NQVFLTMNN,7
var,183,NQVFLTMSS,6
var,183,NQVFLTMSN,7
var,183,NQVFLTMTS,7
var,183,NQVFLTMTN,8
var,183,NQVFLTLNS,6
var,183,NQVFLTLNN,6
var,183,NQVFLTLSS,6
var,183,NQVFLTLSN,6
var,183,NQVFLTLTS,6
var,183,NQVFLTLTN,7
var,183,NQVSFKMNS,5
var,183,NQVSFKMNN,5
var,183,NQVSFKMSS,6
var,183,NQVSFKMSN,5
var,183,NQVSFKMTS,5
var,183,NQVSFKMTN,6
var,183,NQVSFKLNS,6
var,183,NQVSFKLNN,5
var,183,NQVSFKLSS,7
var,183,NQVSFKLSN,6
var,183,NQVSFKLTS,6
var,183,NQVSFKLTN,5
var,183,NQVSFTMNS,5
var,183,NQVSFTMNN,6
var,183,NQVSFTMSS,5
var,183,NQVSFTMSN,6
var,183,NQVSFTMTS,6
var,183,NQVSFTMTN,7
var,183,NQVSFTLNS,6
var,183,NQVSFTLNN,5
var,183,NQVSFTLSS,6
var,183,NQVSFTLSN,5
var,183,NQVSFTLTS,5
var,183,NQVSFTLTN,6
var,183,NQVSLKMNS,6
var,183,NQVSLKMNN,6
var,183,NQVSLKMSS,7
var,183,NQVSLKMSN,6
var,183,NQVSLKMTS,6
var,183,NQVSLKMTN,7
var,183,NQVSLKLNS,7
var,183,NQVSLKLNN,6
var,183,NQVSLKLSS,8
var,183,NQVSLKLSN,7
var,183,NQVSLKLTS,7
var,183,NQVSLKLTN,6
var,183,NQVSLTMNS,6
var,183,NQVSLTMNN,7
var,183,NQVSLTMSS,6
var,183,NQVSLTMSN,7
var,183,NQVSLTMTS,7
var,183,NQVSLTMTN,8
var,183,NQVSLTLNS,7
var,183,NQVSLTLNN,6
var,183,NQVSLTLSS,7
var,183,NQVSLTLSN,6
var,183,NQVSLTLTS,6
var,183,NQVSLTLTN,7
var,183,NQVVFKMNS,5
var,183,NQVVFKMNN,6
var,183,NQVVFKMSS,5
var,183,NQVVFKMSN,6
var,183,NQVVFKMTS,6
var,183,NQVVFKMTN,7
var,183,NQVVFKLNS,5
var,183,NQVVFKLNN,5
var,183,NQVVFKLSS,6
var,183,NQVVFKLSN,5
var,183,NQVVFKLTS,5
var,183,NQVVFKLTN,6
var,183,NQVVFTMNS,6
var,183,NQVVFTMNN,7
var,183,NQVVFTMSS,6
var,183,NQVVFTMSN,7
var,183,NQVVFTMTS,7
var,183,NQVVFTMTN,8
var,183,NQVVFTLNS,5
var,183,NQVVFTLNN,6
var,183,NQVVFTLSS,5
var,183,NQVVFTLSN,6
var,183,NQVVFTLTS,6
var,183,NQVVFTLTN,7
var,183,NQVVLKMNS,6
var,183,NQVVLKMNN,7
var,183,NQVVLKMSS,6
var,183,NQVVLKMSN,7
var,183,NQVVLKMTS,7
var,183,NQVVLKMTN,8
var,183,NQVVLKLNS,6
var,183,NQVVLKLNN,6
var,183,NQVVLKLSS,7
var,183,NQVVLKLSN,6
var,183,NQVVLKLTS,6
var,183,NQVVLKLTN,7
var,183,NQVVLTMNS,7
var,183,NQVVLTMNN,8
var,183,NQVVLTMSS,7
var,183,NQVVLTMSN,8
var,183,NQVVLTMTS,8
var,183,NQVVLTMTN,9
var,183,NQVVLTLNS,6
var,183,NQVVLTLNN,7
var,183,NQVVLTLSS,6
var,183,NQVVLTLSN,7
var,183,NQVVLTLTS,7
var,183,NQVVLTLTN,8
var,183,NQFFFKMNS,5
var,183,NQFFFKMNN,4
var,183,NQFFFKMSS,6
var,183,NQFFFKMSN,5
var,183,NQFFFKMTS,5
var,183,NQFFFKMTN,5
var,183,NQFFFKLNS,6
var,183,NQFFFKLNN,5
var,183,NQFFFKLSS,7
var,183,NQFFFKLSN,6
var,183,NQFFFKLTS,6
var,183,NQFFFKLTN,5
var,183,NQFFFTMNS,5
var,183,NQFFFTMNN,5
var,183,NQFFFTMSS,5
var,183,NQFFFTMSN,5
var,183,NQFFFTMTS,5
var,183,NQFFFTMTN,6
var,183,NQFFFTLNS,6
var,183,NQFFFTLNN,5
var,183,NQFFFTLSS,6
var,183,NQFFFTLSN,5
var,183,NQFFFTLTS,5
var,183,NQFFFTLTN,5
var,183,NQFFLKMNS,6
var,183,NQFFLKMNN,5
var,183,NQFFLKMSS,7
var,183,NQFFLKMSN,6
var,183,NQFFLKMTS,6
var,183,NQFFLKMTN,6
var,183,NQFFLKLNS,7
var,183,NQFFLKLNN,6
var,183,NQFFLKLSS,8
var,183,NQFFLKLSN,7
var,183,NQFFLKLTS,7
var,183,NQFFLKLTN,6
var,183,NQFFLTMNS,6
var,183,NQFFLTMNN,6
var,183,NQFFLTMSS,6
var,183,NQFFLTMSN,6
var,183,NQFFLTMTS,6
var,183,NQFFLTMTN,7
var,183,NQFFLTLNS,7
var,183,NQFFLTLNN,6
var,183,NQFFLTLSS,7
var,183,NQFFLTLSN,6
var,183,NQFFLTLTS,6
var,183,NQFFLTLTN,6
var,183,NQFSFKMNS,6
var,183,NQFSFKMNN,5
var,183,NQFSFKMSS,7
var,183,NQFSFKMSN,6
var,183,NQFSFKMTS,6
var,183,NQFSFKMTN,5
var,183,NQFSFKLNS,7
var,183,NQFSFKLNN,6
var,183,NQFSFKLSS,8
var,183,NQFSFKLSN,7
var,183,NQFSFKLTS,7
var,183,NQFSFKLTN,6
var,183,NQFSFTMNS,6
var,183,NQFSFTMNN,5
var,183,NQFSFTMSS,6
var,183,NQFSFTMSN,5
var,183,NQFSFTMTS,5
var,183,NQFSFTMTN,6
var,183,NQFSFTLNS,7
var,183,NQFSFTLNN,6
var,183,NQFSFTLSS,7
var,183,NQFSFTLSN,6
var,183,NQFSFTLTS,6
var,183,NQFSFTLTN,5
var,183,NQFSLKMNS,7
var,183,NQFSLKMNN,6
var,183,NQFSLKMSS,8
var,183,NQFSLKMSN,7
var,183,NQFSLKMTS,7
var,183,NQFSLKMTN,6
var,183,NQFSLKLNS,8
var,183,NQFSLKLNN,7
var,183,NQFSLKLSS,9
var,183,NQFSLKLSN,8
var,183,NQFSLKLTS,8
var,183,NQFSLKLTN,7
var,183,NQFSLTMNS,7
var,183,NQFSLTMNN,6
var,183,NQFSLTMSS,7
var,183,NQFSLTMSN,6
var,183,NQFSLTMTS,6
var,183,NQFSLTMTN,7
var,183,NQFSLTLNS,8
var,183,NQFSLTLNN,7
var,183,NQFSLTLSS,8
var,183,NQFSLTLSN,7
var,183,NQFSLTLTS,7
var,183,NQFSLTLTN,6
var,183,NQFVFKMNS,5
var,183,NQFVFKMNN,5
var,183,NQFVFKMSS,6
var,183,NQFVFKMSN,5
var,183,NQFVFKMTS,5
var,183,NQFVFKMTN,6
var,183,NQFVFKLNS,6
var,183,NQFVFKLNN,5
var,183,NQFVFKLSS,7
var,183,NQFVFKLSN,6
var,183,NQFVFKLTS,6
var,183,NQFVFKLTN,5
var,183,NQFVFTMNS,5
var,183,NQFVFTMNN,6
var,183,NQFVFTMSS,5
var,183,NQFVFTMSN,6
var,183,NQFVFTMTS,6
var,183,NQFVFTMTN,7
var,183,NQFVFTLNS,6
var,183,NQFVFTLNN,5
var,183,NQFVFTLSS,6
var,183,NQFVFTLSN,5
var,183,NQFVFTLTS,5
var,183,NQFVFTLTN,6
var,183,NQFVLKMNS,6
var,183,NQFVLKMNN,6
var,183,NQFVLKMSS,7
var,183,NQFVLKMSN,6
var,183,NQFVLKMTS,6
var,183,NQFVLKMTN,7
var,183,NQFVLKLNS,7
var,183,NQFVLKLNN,6
var,183,NQFVLKLSS,8
var,183,NQFVLKLSN,7
var,183,NQFVLKLTS,7
var,183,NQFVLKLTN,6
var,183,NQFVLTMNS,6
var,183,NQFVLTMNN,7
var,183,NQFVLTMSS,6
var,183,NQFVLTMSN,7
var,183,NQFVLTMTS,7
var,183,NQFVLTMTN,8
var,183,NQFVLTLNS,7
var,183,NQFVLTLNN,6
var,183,NQFVLTLSS,7
var,183,NQFVLTLSN,6
var,183,NQFVLTLTS,6
var,183,NQFVLTLTN,7
wt,184,QVFFKMNSL,5
var,184,QVFFKMNSV,4
var,184,QVFFKMNSM,4
var,184,QVFFKMNNL,4
var,184,QVFFKMNNV,4
var,184,QVFFKMNNM,5
var,184,QVFFKMSSL,4
var,184,QVFFKMSSV,5
var,184,QVFFKMSSM,4
var,184,QVFFKMSNL,4
var,184,QVFFKMSNV,4
var,184,QVFFKMSNM,5
var,184,QVFFKMTSL,4
var,184,QVFFKMTSV,4
var,184,QVFFKMTSM,5
var,184,QVFFKMTNL,5
var,184,QVFFKMTNV,5
var,184,QVFFKMTNM,6
var,184,QVFFKLNSL,4
var,184,QVFFKLNSV,5
var,184,QVFFKLNSM,4
var,184,QVFFKLNNL,3
var,184,QVFFKLNNV,4
var,184,QVFFKLNNM,4
var,184,QVFFKLSSL,5
var,184,QVFFKLSSV,6
var,184,QVFFKLSSM,5
var,184,QVFFKLSNL,4
var,184,QVFFKLSNV,5
var,184,QVFFKLSNM,4
var,184,QVFFKLTSL,4
var,184,QVFFKLTSV,5
var,184,QVFFKLTSM,4
var,184,QVFFKLTNL,4
var,184,QVFFKLTNV,4
var,184,QVFFKLTNM,5
var,184,QVFFTMNSL,5
var,184,QVFFTMNSV,4
var,184,QVFFTMNSM,5
var,184,QVFFTMNNL,5
var,184,QVFFTMNNV,5
var,184,QVFFTMNNM,6
var,184,QVFFTMSSL,4
var,184,QVFFTMSSV,4
var,184,QVFFTMSSM,5
var,184,QVFFTMSNL,5
var,184,QVFFTMSNV,5
var,184,QVFFTMSNM,6
var,184,QVFFTMTSL,5
var,184,QVFFTMTSV,5
var,184,QVFFTMTSM,6
var,184,QVFFTMTNL,6
var,184,QVFFTMTNV,6
var,184,QVFFTMTNM,7
var,184,QVFFTLNSL,4
var,184,QVFFTLNSV,5
var,184,QVFFTLNSM,4
var,184,QVFFTLNNL,4
var,184,QVFFTLNNV,4
var,184,QVFFTLNNM,5
var,184,QVFFTLSSL,5
var,184,QVFFTLSSV,5
var,184,QVFFTLSSM,4
var,184,QVFFTLSNL,4
var,184,QVFFTLSNV,4
var,184,QVFFTLSNM,5
var,184,QVFFTLTSL,4
var,184,QVFFTLTSV,4
var,184,QVFFTLTSM,5
var,184,QVFFTLTNL,5
var,184,QVFFTLTNV,5
var,184,QVFFTLTNM,6
var,184,QVFLKMNSL,6
var,184,QVFLKMNSV,5
var,184,QVFLKMNSM,5
var,184,QVFLKMNNL,5
var,184,QVFLKMNNV,5
var,184,QVFLKMNNM,6
var,184,QVFLKMSSL,5
var,184,QVFLKMSSV,6
var,184,QVFLKMSSM,5
var,184,QVFLKMSNL,5
var,184,QVFLKMSNV,5
var,184,QVFLKMSNM,6
var,184,QVFLKMTSL,5
var,184,QVFLKMTSV,5
var,184,QVFLKMTSM,6
var,184,QVFLKMTNL,6
var,184,QVFLKMTNV,6
var,184,QVFLKMTNM,7
var,184,QVFLKLNSL,5
var,184,QVFLKLNSV,6
var,184,QVFLKLNSM,5
var,184,QVFLKLNNL,4
var,184,QVFLKLNNV,5
var,184,QVFLKLNNM,5
var,184,QVFLKLSSL,6
var,184,QVFLKLSSV,7
var,184,QVFLKLSSM,6
var,184,QVFLKLSNL,5
var,184,QVFLKLSNV,6
var,184,QVFLKLSNM,5
var,184,QVFLKLTSL,5
var,184,QVFLKLTSV,6
var,184,QVFLKLTSM,5
var,184,QVFLKLTNL,5
var,184,QVFLKLTNV,5
var,184,QVFLKLTNM,6
var,184,QVFLTMNSL,6
var,184,QVFLTMNSV,5
var,184,QVFLTMNSM,6
var,184,QVFLTMNNL,6
var,184,QVFLTMNNV,6
var,184,QVFLTMNNM,7
var,184,QVFLTMSSL,5
var,184,QVFLTMSSV,5
var,184,QVFLTMSSM,6
var,184,QVFLTMSNL,6
var,184,QVFLTMSNV,6
var,184,QVFLTMSNM,7
var,184,QVFLTMTSL,6
var,184,QVFLTMTSV,6
var,184,QVFLTMTSM,7
var,184,QVFLTMTNL,7
var,184,QVFLTMTNV,7
var,184,QVFLTMTNM,8
var,184,QVFLTLNSL,5
var,184,QVFLTLNSV,6
var,184,QVFLTLNSM,5
var,184,QVFLTLNNL,5
var,184,QVFLTLNNV,5
var,184,QVFLTLNNM,6
var,184,QVFLTLSSL,5
var,184,QVFLTLSSV,6
var,184,QVFLTLSSM,5
var,184,QVFLTLSNL,5
var,184,QVFLTLSNV,5
var,184,QVFLTLSNM,6
var,184,QVFLTLTSL,5
var,184,QVFLTLTSV,5
var,184,QVFLTLTSM,6
var,184,QVFLTLTNL,6
var,184,QVFLTLTNV,6
var,184,QVFLTLTNM,7
var,184,QVSFKMNSL,4
var,184,QVSFKMNSV,5
var,184,QVSFKMNSM,4
var,184,QVSFKMNNL,4
var,184,QVSFKMNNV,4
var,184,QVSFKMNNM,5
var,184,QVSFKMSSL,5
var,184,QVSFKMSSV,6
var,184,QVSFKMSSM,5
var,184,QVSFKMSNL,4
var,184,QVSFKMSNV,5
var,184,QVSFKMSNM,5
var,184,QVSFKMTSL,4
var,184,QVSFKMTSV,5
var,184,QVSFKMTSM,5
var,184,QVSFKMTNL,5
var,184,QVSFKMTNV,5
var,184,QVSFKMTNM,6
var,184,QVSFKLNSL,5
var,184,QVSFKLNSV,6
var,184,QVSFKLNSM,5
var,184,QVSFKLNNL,4
var,184,QVSFKLNNV,5
var,184,QVSFKLNNM,4
var,184,QVSFKLSSL,6
var,184,QVSFKLSSV,7
var,184,QVSFKLSSM,6
var,184,QVSFKLSNL,5
var,184,QVSFKLSNV,6
var,184,QVSFKLSNM,5
var,184,QVSFKLTSL,5
var,184,QVSFKLTSV,6
var,184,QVSFKLTSM,5
var,184,QVSFKLTNL,4
var,184,QVSFKLTNV,5
var,184,QVSFKLTNM,5
var,184,QVSFTMNSL,4
var,184,QVSFTMNSV,5
var,184,QVSFTMNSM,5
var,184,QVSFTMNNL,5
var,184,QVSFTMNNV,5
var,184,QVSFTMNNM,6
var,184,QVSFTMSSL,4
var,184,QVSFTMSSV,5
var,184,QVSFTMSSM,5
var,184,QVSFTMSNL,5
var,184,QVSFTMSNV,5
var,184,QVSFTMSNM,6
var,184,QVSFTMTSL,5
var,184,QVSFTMTSV,5
var,184,QVSFTMTSM,6
var,184,QVSFTMTNL,6
var,184,QVSFTMTNV,6
var,184,QVSFTMTNM,7
var,184,QVSFTLNSL,5
var,184,QVSFTLNSV,6
var,184,QVSFTLNSM,5
var,184,QVSFTLNNL,4
var,184,QVSFTLNNV,5
var,184,QVSFTLNNM,5
var,184,QVSFTLSSL,5
var,184,QVSFTLSSV,6
var,184,QVSFTLSSM,5
var,184,QVSFTLSNL,4
var,184,QVSFTLSNV,5
var,184,QVSFTLSNM,5
var,184,QVSFTLTSL,4
var,184,QVSFTLTSV,5
var,184,QVSFTLTSM,5
var,184,QVSFTLTNL,5
var,184,QVSFTLTNV,5
var,184,QVSFTLTNM,6
var,184,QVSLKMNSL,5
var,184,QVSLKMNSV,6
var,184,QVSLKMNSM,5
var,184,QVSLKMNNL,5
var,184,QVSLKMNNV,5
var,184,QVSLKMNNM,6
var,184,QVSLKMSSL,6
var,184,QVSLKMSSV,7
var,184,QVSLKMSSM,6
var,184,QVSLKMSNL,5
var,184,QVSLKMSNV,6
var,184,QVSLKMSNM,6
var,184,QVSLKMTSL,5
var,184,QVSLKMTSV,6
var,184,QVSLKMTSM,6
var,184,QVSLKMTNL,6
var,184,QVSLKMTNV,6
var,184,QVSLKMTNM,7
var,184,QVSLKLNSL,6
var,184,QVSLKLNSV,7
var,184,QVSLKLNSM,6
var,184,QVSLKLNNL,5
var,184,QVSLKLNNV,6
var,184,QVSLKLNNM,5
var,184,QVSLKLSSL,7
var,184,QVSLKLSSV,8
var,184,QVSLKLSSM,7
var,184,QVSLKLSNL,6
var,184,QVSLKLSNV,7
var,184,QVSLKLSNM,6
var,184,QVSLKLTSL,6
var,184,QVSLKLTSV,7
var,184,QVSLKLTSM,6
var,184,QVSLKLTNL,5
var,184,QVSLKLTNV,6
var,184,QVSLKLTNM,6
var,184,QVSLTMNSL,5
var,184,QVSLTMNSV,6
var,184,QVSLTMNSM,6
var,184,QVSLTMNNL,6
var,184,QVSLTMNNV,6
var,184,QVSLTMNNM,7
var,184,QVSLTMSSL,5
var,184,QVSLTMSSV,6
var,184,QVSLTMSSM,6
var,184,QVSLTMSNL,6
var,184,QVSLTMSNV,6
var,184,QVSLTMSNM,7
var,184,QVSLTMTSL,6
var,184,QVSLTMTSV,6
var,184,QVSLTMTSM,7
var,184,QVSLTMTNL,7
var,184,QVSLTMTNV,7
var,184,QVSLTMTNM,8
var,184,QVSLTLNSL,6
var,184,QVSLTLNSV,7
var,184,QVSLTLNSM,6
var,184,QVSLTLNNL,5
var,184,QVSLTLNNV,6
var,184,QVSLTLNNM,6
var,184,QVSLTLSSL,6
var,184,QVSLTLSSV,7
var,184,QVSLTLSSM,6
var,184,QVSLTLSNL,5
var,184,QVSLTLSNV,6
var,184,QVSLTLSNM,6
var,184,QVSLTLTSL,5
var,184,QVSLTLTSV,6
var,184,QVSLTLTSM,6
var,184,QVSLTLTNL,6
var,184,QVSLTLTNV,6
var,184,QVSLTLTNM,7
var,184,QVVFKMNSL,4
var,184,QVVFKMNSV,4
var,184,QVVFKMNSM,5
var,184,QVVFKMNNL,5
var,184,QVVFKMNNV,5
var,184,QVVFKMNNM,6
var,184,QVVFKMSSL,4
var,184,QVVFKMSSV,5
var,184,QVVFKMSSM,5
var,184,QVVFKMSNL,5
var,184,QVVFKMSNV,5
var,184,QVVFKMSNM,6
var,184,QVVFKMTSL,5
var,184,QVVFKMTSV,5
var,184,QVVFKMTSM,6
var,184,QVVFKMTNL,6
var,184,QVVFKMTNV,6
var,184,QVVFKMTNM,7
var,184,QVVFKLNSL,4
var,184,QVVFKLNSV,5
var,184,QVVFKLNSM,4
var,184,QVVFKLNNL,4
var,184,QVVFKLNNV,4
var,184,QVVFKLNNM,5
var,184,QVVFKLSSL,5
var,184,QVVFKLSSV,6
var,184,QVVFKLSSM,5
var,184,QVVFKLSNL,4
var,184,QVVFKLSNV,5
var,184,QVVFKLSNM,5
var,184,QVVFKLTSL,4
var,184,QVVFKLTSV,5
var,184,QVVFKLTSM,5
var,184,QVVFKLTNL,5
var,184,QVVFKLTNV,5
var,184,QVVFKLTNM,6
var,184,QVVFTMNSL,5
var,184,QVVFTMNSV,5
var,184,QVVFTMNSM,6
var,184,QVVFTMNNL,6
var,184,QVVFTMNNV,6
var,184,QVVFTMNNM,7
var,184,QVVFTMSSL,5
var,184,QVVFTMSSV,5
var,184,QVVFTMSSM,6
var,184,QVVFTMSNL,6
var,184,QVVFTMSNV,6
var,184,QVVFTMSNM,7
var,184,QVVFTMTSL,6
var,184,QVVFTMTSV,6
var,184,QVVFTMTSM,7
var,184,QVVFTMTNL,7
var,184,QVVFTMTNV,7
var,184,QVVFTMTNM,8
var,184,QVVFTLNSL,4
var,184,QVVFTLNSV,5
var,184,QVVFTLNSM,5
var,184,QVVFTLNNL,5
var,184,QVVFTLNNV,5
var,184,QVVFTLNNM,6
var,184,QVVFTLSSL,5
var,184,QVVFTLSSV,5
var,184,QVVFTLSSM,5
var,184,QVVFTLSNL,5
var,184,QVVFTLSNV,5
var,184,QVVFTLSNM,6
var,184,QVVFTLTSL,5
var,184,QVVFTLTSV,5
var,184,QVVFTLTSM,6
var,184,QVVFTLTNL,6
var,184,QVVFTLTNV,6
var,184,QVVFTLTNM,7
var,184,QVVLKMNSL,5
var,184,QVVLKMNSV,5
var,184,QVVLKMNSM,6
var,184,QVVLKMNNL,6
var,184,QVVLKMNNV,6
var,184,QVVLKMNNM,7
var,184,QVVLKMSSL,5
var,184,QVVLKMSSV,6
var,184,QVVLKMSSM,6
var,184,QVVLKMSNL,6
var,184,QVVLKMSNV,6
var,184,QVVLKMSNM,7
var,184,QVVLKMTSL,6
var,184,QVVLKMTSV,6
var,184,QVVLKMTSM,7
var,184,QVVLKMTNL,7
var,184,QVVLKMTNV,7
var,184,QVVLKMTNM,8
var,184,QVVLKLNSL,5
var,184,QVVLKLNSV,6
var,184,QVVLKLNSM,5
var,184,QVVLKLNNL,5
var,184,QVVLKLNNV,5
var,184,QVVLKLNNM,6
var,184,QVVLKLSSL,6
var,184,QVVLKLSSV,7
var,184,QVVLKLSSM,6
var,184,QVVLKLSNL,5
var,184,QVVLKLSNV,6
var,184,QVVLKLSNM,6
var,184,QVVLKLTSL,5
var,184,QVVLKLTSV,6
var,184,QVVLKLTSM,6
var,184,QVVLKLTNL,6
var,184,QVVLKLTNV,6
var,184,QVVLKLTNM,7
var,184,QVVLTMNSL,6
var,184,QVVLTMNSV,6
var,184,QVVLTMNSM,7
var,184,QVVLTMNNL,7
var,184,QVVLTMNNV,7
var,184,QVVLTMNNM,8
var,184,QVVLTMSSL,6
var,184,QVVLTMSSV,6
var,184,QVVLTMSSM,7
var,184,QVVLTMSNL,7
var,184,QVVLTMSNV,7
var,184,QVVLTMSNM,8
var,184,QVVLTMTSL,7
var,184,QVVLTMTSV,7
var,184,QVVLTMTSM,8
var,184,QVVLTMTNL,8
var,184,QVVLTMTNV,8
var,184,QVVLTMTNM,9
var,184,QVVLTLNSL,5
var,184,QVVLTLNSV,6
var,184,QVVLTLNSM,6
var,184,QVVLTLNNL,6
var,184,QVVLTLNNV,6
var,184,QVVLTLNNM,7
var,184,QVVLTLSSL,5
var,184,QVVLTLSSV,6
var,184,QVVLTLSSM,6
var,184,QVVLTLSNL,6
var,184,QVVLTLSNV,6
var,184,QVVLTLSNM,7
var,184,QVVLTLTSL,6
var,184,QVVLTLTSV,6
var,184,QVVLTLTSM,7
var,184,QVVLTLTNL,7
var,184,QVVLTLTNV,7
var,184,QVVLTLTNM,8
var,184,QFFFKMNSL,5
var,184,QFFFKMNSV,5
var,184,QFFFKMNSM,4
var,184,QFFFKMNNL,4
var,184,QFFFKMNNV,4
var,184,QFFFKMNNM,4
var,184,QFFFKMSSL,5
var,184,QFFFKMSSV,6
var,184,QFFFKMSSM,5
var,184,QFFFKMSNL,4
var,184,QFFFKMSNV,5
var,184,QFFFKMSNM,4
var,184,QFFFKMTSL,4
var,184,QFFFKMTSV,5
var,184,QFFFKMTSM,4
var,184,QFFFKMTNL,4
var,184,QFFFKMTNV,4
var,184,QFFFKMTNM,5
var,184,QFFFKLNSL,5
var,184,QFFFKLNSV,6
var,184,QFFFKLNSM,5
var,184,QFFFKLNNL,4
var,184,QFFFKLNNV,5
var,184,QFFFKLNNM,4
var,184,QFFFKLSSL,6
var,184,QFFFKLSSV,7
var,184,QFFFKLSSM,6
var,184,QFFFKLSNL,5
var,184,QFFFKLSNV,6
var,184,QFFFKLSNM,5
var,184,QFFFKLTSL,5
var,184,QFFFKLTSV,6
var,184,QFFFKLTSM,5
var,184,QFFFKLTNL,4
var,184,QFFFKLTNV,5
var,184,QFFFKLTNM,4
var,184,QFFFTMNSL,5
var,184,QFFFTMNSV,5
var,184,QFFFTMNSM,4
var,184,QFFFTMNNL,4
var,184,QFFFTMNNV,4
var,184,QFFFTMNNM,5
var,184,QFFFTMSSL,4
var,184,QFFFTMSSV,5
var,184,QFFFTMSSM,4
var,184,QFFFTMSNL,4
var,184,QFFFTMSNV,4
var,184,QFFFTMSNM,5
var,184,QFFFTMTSL,4
var,184,QFFFTMTSV,4
var,184,QFFFTMTSM,5
var,184,QFFFTMTNL,5
var,184,QFFFTMTNV,5
var,184,QFFFTMTNM,6
var,184,QFFFTLNSL,5
var,184,QFFFTLNSV,6
var,184,QFFFTLNSM,5
var,184,QFFFTLNNL,4
var,184,QFFFTLNNV,5
var,184,QFFFTLNNM,4
var,184,QFFFTLSSL,5
var,184,QFFFTLSSV,6
var,184,QFFFTLSSM,5
var,184,QFFFTLSNL,4
var,184,QFFFTLSNV,5
var,184,QFFFTLSNM,4
var,184,QFFFTLTSL,4
var,184,QFFFTLTSV,5
var,184,QFFFTLTSM,4
var,184,QFFFTLTNL,4
var,184,QFFFTLTNV,4
var,184,QFFFTLTNM,5
var,184,QFFLKMNSL,6
var,184,QFFLKMNSV,6
var,184,QFFLKMNSM,5
var,184,QFFLKMNNL,5
var,184,QFFLKMNNV,5
var,184,QFFLKMNNM,5
var,184,QFFLKMSSL,6
var,184,QFFLKMSSV,7
var,184,QFFLKMSSM,6
var,184,QFFLKMSNL,5
var,184,QFFLKMSNV,6
var,184,QFFLKMSNM,5
var,184,QFFLKMTSL,5
var,184,QFFLKMTSV,6
var,184,QFFLKMTSM,5
var,184,QFFLKMTNL,5
var,184,QFFLKMTNV,5
var,184,QFFLKMTNM,6
var,184,QFFLKLNSL,6
var,184,QFFLKLNSV,7
var,184,QFFLKLNSM,6
var,184,QFFLKLNNL,5
var,184,QFFLKLNNV,6
var,184,QFFLKLNNM,5
var,184,QFFLKLSSL,7
var,184,QFFLKLSSV,8
var,184,QFFLKLSSM,7
var,184,QFFLKLSNL,6
var,184,QFFLKLSNV,7
var,184,QFFLKLSNM,6
var,184,QFFLKLTSL,6
var,184,QFFLKLTSV,7
var,184,QFFLKLTSM,6
var,184,QFFLKLTNL,5
var,184,QFFLKLTNV,6
var,184,QFFLKLTNM,5
var,184,QFFLTMNSL,6
var,184,QFFLTMNSV,6
var,184,QFFLTMNSM,5
var,184,QFFLTMNNL,5
var,184,QFFLTMNNV,5
var,184,QFFLTMNNM,6
var,184,QFFLTMSSL,5
var,184,QFFLTMSSV,6
var,184,QFFLTMSSM,5
var,184,QFFLTMSNL,5
var,184,QFFLTMSNV,5
var,184,QFFLTMSNM,6
var,184,QFFLTMTSL,5
var,184,QFFLTMTSV,5
var,184,QFFLTMTSM,6
var,184,QFFLTMTNL,6
var,184,QFFLTMTNV,6
var,184,QFFLTMTNM,7
var,184,QFFLTLNSL,6
var,184,QFFLTLNSV,7
var,184,QFFLTLNSM,6
var,184,QFFLTLNNL,5
var,184,QFFLTLNNV,6
var,184,QFFLTLNNM,5
var,184,QFFLTLSSL,6
var,184,QFFLTLSSV,7
var,184,QFFLTLSSM,6
var,184,QFFLTLSNL,5
var,184,QFFLTLSNV,6
var,184,QFFLTLSNM,5
var,184,QFFLTLTSL,5
var,184,QFFLTLTSV,6
var,184,QFFLTLTSM,5
var,184,QFFLTLTNL,5
var,184,QFFLTLTNV,5
var,184,QFFLTLTNM,6
var,184,QFSFKMNSL,5
var,184,QFSFKMNSV,6
var,184,QFSFKMNSM,5
var,184,QFSFKMNNL,4
var,184,QFSFKMNNV,5
var,184,QFSFKMNNM,4
var,184,QFSFKMSSL,6
var,184,QFSFKMSSV,7
var,184,QFSFKMSSM,6
var,184,QFSFKMSNL,5
var,184,QFSFKMSNV,6
var,184,QFSFKMSNM,5
var,184,QFSFKMTSL,5
var,184,QFSFKMTSV,6
var,184,QFSFKMTSM,5
var,184,QFSFKMTNL,4
var,184,QFSFKMTNV,5
var,184,QFSFKMTNM,5
var,184,QFSFKLNSL,6
var,184,QFSFKLNSV,7
var,184,QFSFKLNSM,6
var,184,QFSFKLNNL,5
var,184,QFSFKLNNV,6
var,184,QFSFKLNNM,5
var,184,QFSFKLSSL,7
var,184,QFSFKLSSV,8
var,184,QFSFKLSSM,7
var,184,QFSFKLSNL,6
var,184,QFSFKLSNV,7
var,184,QFSFKLSNM,6
var,184,QFSFKLTSL,6
var,184,QFSFKLTSV,7
var,184,QFSFKLTSM,6
var,184,QFSFKLTNL,5
var,184,QFSFKLTNV,6
var,184,QFSFKLTNM,5
var,184,QFSFTMNSL,5
var,184,QFSFTMNSV,6
var,184,QFSFTMNSM,5
var,184,QFSFTMNNL,4
var,184,QFSFTMNNV,5
var,184,QFSFTMNNM,5
var,184,QFSFTMSSL,5
var,184,QFSFTMSSV,6
var,184,QFSFTMSSM,5
var,184,QFSFTMSNL,4
var,184,QFSFTMSNV,5
var,184,QFSFTMSNM,5
var,184,QFSFTMTSL,4
var,184,QFSFTMTSV,5
var,184,QFSFTMTSM,5
var,184,QFSFTMTNL,5
var,184,QFSFTMTNV,5
var,184,QFSFTMTNM,6
var,184,QFSFTLNSL,6
var,184,QFSFTLNSV,7
var,184,QFSFTLNSM,6
var,184,QFSFTLNNL,5
var,184,QFSFTLNNV,6
var,184,QFSFTLNNM,5
var,184,QFSFTLSSL,6
var,184,QFSFTLSSV,7
var,184,QFSFTLSSM,6
var,184,QFSFTLSNL,5
var,184,QFSFTLSNV,6
var,184,QFSFTLSNM,5
var,184,QFSFTLTSL,5
var,184,QFSFTLTSV,6
var,184,QFSFTLTSM,5
var,184,QFSFTLTNL,4
var,184,QFSFTLTNV,5
var,184,QFSFTLTNM,5
var,184,QFSLKMNSL,6
var,184,QFSLKMNSV,7
var,184,QFSLKMNSM,6
var,184,QFSLKMNNL,5
var,184,QFSLKMNNV,6
var,184,QFSLKMNNM,5
var,184,QFSLKMSSL,7
var,184,QFSLKMSSV,8
var,184,QFSLKMSSM,7
var,184,QFSLKMSNL,6
var,184,QFSLKMSNV,7
var,184,QFSLKMSNM,6
var,184,QFSLKMTSL,6
var,184,QFSLKMTSV,7
var,184,QFSLKMTSM,6
var,184,QFSLKMTNL,5
var,184,QFSLKMTNV,6
var,184,QFSLKMTNM,6
var,184,QFSLKLNSL,7
var,184,QFSLKLNSV,8
var,184,QFSLKLNSM,7
var,184,QFSLKLNNL,6
var,184,QFSLKLNNV,7
var,184,QFSLKLNNM,6
var,184,QFSLKLSSL,8
var,184,QFSLKLSSV,9
var,184,QFSLKLSSM,8
var,184,QFSLKLSNL,7
var,184,QFSLKLSNV,8
var,184,QFSLKLSNM,7
var,184,QFSLKLTSL,7
var,184,QFSLKLTSV,8
var,184,QFSLKLTSM,7
var,184,QFSLKLTNL,6
var,184,QFSLKLTNV,7
var,184,QFSLKLTNM,6
var,184,QFSLTMNSL,6
var,184,QFSLTMNSV,7
var,184,QFSLTMNSM,6
var,184,QFSLTMNNL,5
var,184,QFSLTMNNV,6
var,184,QFSLTMNNM,6
var,184,QFSLTMSSL,6
var,184,QFSLTMSSV,7
var,184,QFSLTMSSM,6
var,184,QFSLTMSNL,5
var,184,QFSLTMSNV,6
var,184,QFSLTMSNM,6
var,184,QFSLTMTSL,5
var,184,QFSLTMTSV,6
var,184,QFSLTMTSM,6
var,184,QFSLTMTNL,6
var,184,QFSLTMTNV,6
var,184,QFSLTMTNM,7
var,184,QFSLTLNSL,7
var,184,QFSLTLNSV,8
var,184,QFSLTLNSM,7
var,184,QFSLTLNNL,6
var,184,QFSLTLNNV,7
var,184,QFSLTLNNM,6
var,184,QFSLTLSSL,7
var,184,QFSLTLSSV,8
var,184,QFSLTLSSM,7
var,184,QFSLTLSNL,6
var,184,QFSLTLSNV,7
var,184,QFSLTLSNM,6
var,184,QFSLTLTSL,6
var,184,QFSLTLTSV,7
var,184,QFSLTLTSM,6
var,184,QFSLTLTNL,5
var,184,QFSLTLTNV,6
var,184,QFSLTLTNM,6
var,184,QFVFKMNSL,4
var,184,QFVFKMNSV,5
var,184,QFVFKMNSM,4
var,184,QFVFKMNNL,4
var,184,QFVFKMNNV,4
var,184,QFVFKMNNM,5
var,184,QFVFKMSSL,5
var,184,QFVFKMSSV,6
var,184,QFVFKMSSM,5
var,184,QFVFKMSNL,4
var,184,QFVFKMSNV,5
var,184,QFVFKMSNM,5
var,184,QFVFKMTSL,4
var,184,QFVFKMTSV,5
var,184,QFVFKMTSM,5
var,184,QFVFKMTNL,5
var,184,QFVFKMTNV,5
var,184,QFVFKMTNM,6
var,184,QFVFKLNSL,5
var,184,QFVFKLNSV,6
var,184,QFVFKLNSM,5
var,184,QFVFKLNNL,4
var,184,QFVFKLNNV,5
var,184,QFVFKLNNM,4
var,184,QFVFKLSSL,6
var,184,QFVFKLSSV,7
var,184,QFVFKLSSM,6
var,184,QFVFKLSNL,5
var,184,QFVFKLSNV,6
var,184,QFVFKLSNM,5
var,184,QFVFKLTSL,5
var,184,QFVFKLTSV,6
var,184,QFVFKLTSM,5
var,184,QFVFKLTNL,4
var,184,QFVFKLTNV,5
var,184,QFVFKLTNM,5
var,184,QFVFTMNSL,4
var,184,QFVFTMNSV,5
var,184,QFVFTMNSM,5
var,184,QFVFTMNNL,5
var,184,QFVFTMNNV,5
var,184,QFVFTMNNM,6
var,184,QFVFTMSSL,4
var,184,QFVFTMSSV,5
var,184,QFVFTMSSM,5
var,184,QFVFTMSNL,5
var,184,QFVFTMSNV,5
var,184,QFVFTMSNM,6
var,184,QFVFTMTSL,5
var,184,QFVFTMTSV,5
var,184,QFVFTMTSM,6
var,184,QFVFTMTNL,6
var,184,QFVFTMTNV,6
var,184,QFVFTMTNM,7
var,184,QFVFTLNSL,5
var,184,QFVFTLNSV,6
var,184,QFVFTLNSM,5
var,184,QFVFTLNNL,4
var,184,QFVFTLNNV,5
var,184,QFVFTLNNM,5
var,184,QFVFTLSSL,5
var,184,QFVFTLSSV,6
var,184,QFVFTLSSM,5
var,184,QFVFTLSNL,4
var,184,QFVFTLSNV,5
var,184,QFVFTLSNM,5
var,184,QFVFTLTSL,4
var,184,QFVFTLTSV,5
var,184,QFVFTLTSM,5
var,184,QFVFTLTNL,5
var,184,QFVFTLTNV,5
var,184,QFVFTLTNM,6
var,184,QFVLKMNSL,5
var,184,QFVLKMNSV,6
var,184,QFVLKMNSM,5
var,184,QFVLKMNNL,5
var,184,QFVLKMNNV,5
var,184,QFVLKMNNM,6
var,184,QFVLKMSSL,6
var,184,QFVLKMSSV,7
var,184,QFVLKMSSM,6
var,184,QFVLKMSNL,5
var,184,QFVLKMSNV,6
var,184,QFVLKMSNM,6
var,184,QFVLKMTSL,5
var,184,QFVLKMTSV,6
var,184,QFVLKMTSM,6
var,184,QFVLKMTNL,6
var,184,QFVLKMTNV,6
var,184,QFVLKMTNM,7
var,184,QFVLKLNSL,6
var,184,QFVLKLNSV,7
var,184,QFVLKLNSM,6
var,184,QFVLKLNNL,5
var,184,QFVLKLNNV,6
var,184,QFVLKLNNM,5
var,184,QFVLKLSSL,7
var,184,QFVLKLSSV,8
var,184,QFVLKLSSM,7
var,184,QFVLKLSNL,6
var,184,QFVLKLSNV,7
var,184,QFVLKLSNM,6
var,184,QFVLKLTSL,6
var,184,QFVLKLTSV,7
var,184,QFVLKLTSM,6
var,184,QFVLKLTNL,5
var,184,QFVLKLTNV,6
var,184,QFVLKLTNM,6
var,184,QFVLTMNSL,5
var,184,QFVLTMNSV,6
var,184,QFVLTMNSM,6
var,184,QFVLTMNNL,6
var,184,QFVLTMNNV,6
var,184,QFVLTMNNM,7
var,184,QFVLTMSSL,5
var,184,QFVLTMSSV,6
var,184,QFVLTMSSM,6
var,184,QFVLTMSNL,6
var,184,QFVLTMSNV,6
var,184,QFVLTMSNM,7
var,184,QFVLTMTSL,6
var,184,QFVLTMTSV,6
var,184,QFVLTMTSM,7
var,184,QFVLTMTNL,7
var,184,QFVLTMTNV,7
var,184,QFVLTMTNM,8
var,184,QFVLTLNSL,6
var,184,QFVLTLNSV,7
var,184,QFVLTLNSM,6
var,184,QFVLTLNNL,5
var,184,QFVLTLNNV,6
var,184,QFVLTLNNM,6
var,184,QFVLTLSSL,6
var,184,QFVLTLSSV,7
var,184,QFVLTLSSM,6
var,184,QFVLTLSNL,5
var,184,QFVLTLSNV,6
var,184,QFVLTLSNM,6
var,184,QFVLTLTSL,5
var,184,QFVLTLTSV,6
var,184,QFVLTLTSM,6
var,184,QFVLTLTNL,6
var,184,QFVLTLTNV,6
var,184,QFVLTLTNM,7
wt,185,VFFKMNSLQ,5
var,185,VFFKMNSLT,5
var,185,VFFKMNSLD,5
var,185,VFFKMNSVQ,4
var,185,VFFKMNSVT,4
var,185,VFFKMNSVD,4
var,185,VFFKMNSMQ,4
var,185,VFFKMNSMT,4
var,185,VFFKMNSMD,4
var,185,VFFKMNNLQ,4
var,185,VFFKMNNLT,4
var,185,VFFKMNNLD,4
var,185,VFFKMNNVQ,3
var,185,VFFKMNNVT,3
var,185,VFFKMNNVD,4
var,185,VFFKMNNMQ,4
var,185,VFFKMNNMT,4
var,185,VFFKMNNMD,5
var,185,VFFKMSSLQ,4
var,185,VFFKMSSLT,4
var,185,VFFKMSSLD,4
var,185,VFFKMSSVQ,4
var,185,VFFKMSSVT,5
var,185,VFFKMSSVD,4
var,185,VFFKMSSMQ,3
var,185,VFFKMSSMT,4
var,185,VFFKMSSMD,4
var,185,VFFKMSNLQ,4
var,185,VFFKMSNLT,4
var,185,VFFKMSNLD,4
var,185,VFFKMSNVQ,3
var,185,VFFKMSNVT,4
var,185,VFFKMSNVD,4
var,185,VFFKMSNMQ,4
var,185,VFFKMSNMT,4
var,185,VFFKMSNMD,5
var,185,VFFKMTSLQ,4
var,185,VFFKMTSLT,4
var,185,VFFKMTSLD,4
var,185,VFFKMTSVQ,3
var,185,VFFKMTSVT,4
var,185,VFFKMTSVD,4
var,185,VFFKMTSMQ,4
var,185,VFFKMTSMT,4
var,185,VFFKMTSMD,5
var,185,VFFKMTNLQ,4
var,185,VFFKMTNLT,4
var,185,VFFKMTNLD,5
var,185,VFFKMTNVQ,4
var,185,VFFKMTNVT,4
var,185,VFFKMTNVD,5
var,185,VFFKMTNMQ,5
var,185,VFFKMTNMT,5
var,185,VFFKMTNMD,6
var,185,VFFKLNSLQ,4
var,185,VFFKLNSLT,4
var,185,VFFKLNSLD,4
var,185,VFFKLNSVQ,4
var,185,VFFKLNSVT,5
var,185,VFFKLNSVD,4
var,185,VFFKLNSMQ,3
var,185,VFFKLNSMT,4
var,185,VFFKLNSMD,3
var,185,VFFKLNNLQ,3
var,185,VFFKLNNLT,3
var,185,VFFKLNNLD,3
var,185,VFFKLNNVQ,3
var,185,VFFKLNNVT,4
var,185,VFFKLNNVD,3
var,185,VFFKLNNMQ,3
var,185,VFFKLNNMT,3
var,185,VFFKLNNMD,4
var,185,VFFKLSSLQ,5
var,185,VFFKLSSLT,5
var,185,VFFKLSSLD,5
var,185,VFFKLSSVQ,5
var,185,VFFKLSSVT,6
var,185,VFFKLSSVD,5
var,185,VFFKLSSMQ,4
var,185,VFFKLSSMT,5
var,185,VFFKLSSMD,4
var,185,VFFKLSNLQ,4
var,185,VFFKLSNLT,4
var,185,VFFKLSNLD,4
var,185,VFFKLSNVQ,4
var,185,VFFKLSNVT,5
var,185,VFFKLSNVD,4
var,185,VFFKLSNMQ,3
var,185,VFFKLSNMT,4
var,185,VFFKLSNMD,4
var,185,VFFKLTSLQ,4
var,185,VFFKLTSLT,4
var,185,VFFKLTSLD,4
var,185,VFFKLTSVQ,4
var,185,VFFKLTSVT,5
var,185,VFFKLTSVD,4
var,185,VFFKLTSMQ,3
var,185,VFFKLTSMT,4
var,185,VFFKLTSMD,4
var,185,VFFKLTNLQ,3
var,185,VFFKLTNLT,3
var,185,VFFKLTNLD,4
var,185,VFFKLTNVQ,3
var,185,VFFKLTNVT,4
var,185,VFFKLTNVD,4
var,185,VFFKLTNMQ,4
var,185,VFFKLTNMT,4
var,185,VFFKLTNMD,5
var,185,VFFTMNSLQ,5
var,185,VFFTMNSLT,5
var,185,VFFTMNSLD,5
var,185,VFFTMNSVQ,4
var,185,VFFTMNSVT,4
var,185,VFFTMNSVD,4
var,185,VFFTMNSMQ,4
var,185,VFFTMNSMT,4
var,185,VFFTMNSMD,5
var,185,VFFTMNNLQ,4
var,185,VFFTMNNLT,4
var,185,VFFTMNNLD,5
var,185,VFFTMNNVQ,4
var,185,VFFTMNNVT,4
var,185,VFFTMNNVD,5
var,185,VFFTMNNMQ,5
var,185,VFFTMNNMT,5
var,185,VFFTMNNMD,6
var,185,VFFTMSSLQ,4
var,185,VFFTMSSLT,4
var,185,VFFTMSSLD,4
var,185,VFFTMSSVQ,3
var,185,VFFTMSSVT,4
var,185,VFFTMSSVD,4
var,185,VFFTMSSMQ,4
var,185,VFFTMSSMT,4
var,185,VFFTMSSMD,5
var,185,VFFTMSNLQ,4
var,185,VFFTMSNLT,4
var,185,VFFTMSNLD,5
var,185,VFFTMSNVQ,4
var,185,VFFTMSNVT,4
var,185,VFFTMSNVD,5
var,185,VFFTMSNMQ,5
var,185,VFFTMSNMT,5
var,185,VFFTMSNMD,6
var,185,VFFTMTSLQ,4
var,185,VFFTMTSLT,4
var,185,VFFTMTSLD,5
var,185,VFFTMTSVQ,4
var,185,VFFTMTSVT,4
var,185,VFFTMTSVD,5
var,185,VFFTMTSMQ,5
var,185,VFFTMTSMT,5
var,185,VFFTMTSMD,6
var,185,VFFTMTNLQ,5
var,185,VFFTMTNLT,5
var,185,VFFTMTNLD,6
var,185,VFFTMTNVQ,5
var,185,VFFTMTNVT,5
var,185,VFFTMTNVD,6
var,185,VFFTMTNMQ,6
var,185,VFFTMTNMT,6
var,185,VFFTMTNMD,7
var,185,VFFTLNSLQ,4
var,185,VFFTLNSLT,4
var,185,VFFTLNSLD,4
var,185,VFFTLNSVQ,4
var,185,VFFTLNSVT,5
var,185,VFFTLNSVD,4
var,185,VFFTLNSMQ,3
var,185,VFFTLNSMT,4
var,185,VFFTLNSMD,4
var,185,VFFTLNNLQ,3
var,185,VFFTLNNLT,3
var,185,VFFTLNNLD,4
var,185,VFFTLNNVQ,3
var,185,VFFTLNNVT,4
var,185,VFFTLNNVD,4
var,185,VFFTLNNMQ,4
var,185,VFFTLNNMT,4
var,185,VFFTLNNMD,5
var,185,VFFTLSSLQ,5
var,185,VFFTLSSLT,5
var,185,VFFTLSSLD,5
var,185,VFFTLSSVQ,4
var,185,VFFTLSSVT,5
var,185,VFFTLSSVD,4
var,185,VFFTLSSMQ,4
var,185,VFFTLSSMT,4
var,185,VFFTLSSMD,4
var,185,VFFTLSNLQ,4
var,185,VFFTLSNLT,4
var,185,VFFTLSNLD,4
var,185,VFFTLSNVQ,3
var,185,VFFTLSNVT,4
var,185,VFFTLSNVD,4
var,185,VFFTLSNMQ,4
var,185,VFFTLSNMT,4
var,185,VFFTLSNMD,5
var,185,VFFTLTSLQ,4
var,185,VFFTLTSLT,4
var,185,VFFTLTSLD,4
var,185,VFFTLTSVQ,3
var,185,VFFTLTSVT,4
var,185,VFFTLTSVD,4
var,185,VFFTLTSMQ,4
var,185,VFFTLTSMT,4
var,185,VFFTLTSMD,5
var,185,VFFTLTNLQ,4
var,185,VFFTLTNLT,4
var,185,VFFTLTNLD,5
var,185,VFFTLTNVQ,4
var,185,VFFTLTNVT,4
var,185,VFFTLTNVD,5
var,185,VFFTLTNMQ,5
var,185,VFFTLTNMT,5
var,185,VFFTLTNMD,6
var,185,VFLKMNSLQ,6
var,185,VFLKMNSLT,6
var,185,VFLKMNSLD,6
var,185,VFLKMNSVQ,5
var,185,VFLKMNSVT,5
var,185,VFLKMNSVD,5
var,185,VFLKMNSMQ,5
var,185,VFLKMNSMT,5
var,185,VFLKMNSMD,5
var,185,VFLKMNNLQ,5
var,185,VFLKMNNLT,5
var,185,VFLKMNNLD,5
var,185,VFLKMNNVQ,4
var,185,VFLKMNNVT,4
var,185,VFLKMNNVD,5
var,185,VFLKMNNMQ,5
var,185,VFLKMNNMT,5
var,185,VFLKMNNMD,6
var,185,VFLKMSSLQ,5
var,185,VFLKMSSLT,5
var,185,VFLKMSSLD,5
var,185,VFLKMSSVQ,5
var,185,VFLKMSSVT,6
var,185,VFLKMSSVD,5
var,185,VFLKMSSMQ,4
var,185,VFLKMSSMT,5
var,185,VFLKMSSMD,5
var,185,VFLKMSNLQ,5
var,185,VFLKMSNLT,5
var,185,VFLKMSNLD,5
var,185,VFLKMSNVQ,4
var,185,VFLKMSNVT,5
var,185,VFLKMSNVD,5
var,185,VFLKMSNMQ,5
var,185,VFLKMSNMT,5
var,185,VFLKMSNMD,6
var,185,VFLKMTSLQ,5
var,185,VFLKMTSLT,5
var,185,VFLKMTSLD,5
var,185,VFLKMTSVQ,4
var,185,VFLKMTSVT,5
var,185,VFLKMTSVD,5
var,185,VFLKMTSMQ,5
var,185,VFLKMTSMT,5
var,185,VFLKMTSMD,6
var,185,VFLKMTNLQ,5
var,185,VFLKMTNLT,5
var,185,VFLKMTNLD,6
var,185,VFLKMTNVQ,5
var,185,VFLKMTNVT,5
var,185,VFLKMTNVD,6
var,185,VFLKMTNMQ,6
var,185,VFLKMTNMT,6
var,185,VFLKMTNMD,7
var,185,VFLKLNSLQ,5
var,185,VFLKLNSLT,5
var,185,VFLKLNSLD,5
var,185,VFLKLNSVQ,5
var,185,VFLKLNSVT,6
var,185,VFLKLNSVD,5
var,185,VFLKLNSMQ,4
var,185,VFLKLNSMT,5
var,185,VFLKLNSMD,4
var,185,VFLKLNNLQ,4
var,185,VFLKLNNLT,4
var,185,VFLKLNNLD,4
var,185,VFLKLNNVQ,4
var,185,VFLKLNNVT,5
var,185,VFLKLNNVD,4
var,185,VFLKLNNMQ,4
var,185,VFLKLNNMT,4
var,185,VFLKLNNMD,5
var,185,VFLKLSSLQ,5
var,185,VFLKLSSLT,6
var,185,VFLKLSSLD,5
var,185,VFLKLSSVQ,6
var,185,VFLKLSSVT,7
var,185,VFLKLSSVD,6
var,185,VFLKLSSMQ,5
var,185,VFLKLSSMT,6
var,185,VFLKLSSMD,5
var,185,VFLKLSNLQ,4
var,185,VFLKLSNLT,5
var,185,VFLKLSNLD,4
var,185,VFLKLSNVQ,5
var,185,VFLKLSNVT,6
var,185,VFLKLSNVD,5
var,185,VFLKLSNMQ,4
var,185,VFLKLSNMT,5
var,185,VFLKLSNMD,5
var,185,VFLKLTSLQ,4
var,185,VFLKLTSLT,5
var,185,VFLKLTSLD,4
var,185,VFLKLTSVQ,5
var,185,VFLKLTSVT,6
var,185,VFLKLTSVD,5
var,185,VFLKLTSMQ,4
var,185,VFLKLTSMT,5
var,185,VFLKLTSMD,5
var,185,VFLKLTNLQ,4
var,185,VFLKLTNLT,4
var,185,VFLKLTNLD,5
var,185,VFLKLTNVQ,4
var,185,VFLKLTNVT,5
var,185,VFLKLTNVD,5
var,185,VFLKLTNMQ,5
var,185,VFLKLTNMT,5
var,185,VFLKLTNMD,6
var,185,VFLTMNSLQ,6
var,185,VFLTMNSLT,6
var,185,VFLTMNSLD,6
var,185,VFLTMNSVQ,5
var,185,VFLTMNSVT,5
var,185,VFLTMNSVD,5
var,185,VFLTMNSMQ,5
var,185,VFLTMNSMT,5
var,185,VFLTMNSMD,6
var,185,VFLTMNNLQ,5
var,185,VFLTMNNLT,5
var,185,VFLTMNNLD,6
var,185,VFLTMNNVQ,5
var,185,VFLTMNNVT,5
var,185,VFLTMNNVD,6
var,185,VFLTMNNMQ,6
var,185,VFLTMNNMT,6
var,185,VFLTMNNMD,7
var,185,VFLTMSSLQ,5
var,185,VFLTMSSLT,5
var,185,VFLTMSSLD,5
var,185,VFLTMSSVQ,4
var,185,VFLTMSSVT,5
var,185,VFLTMSSVD,5
var,185,VFLTMSSMQ,5
var,185,VFLTMSSMT,5
var,185,VFLTMSSMD,6
var,185,VFLTMSNLQ,5
var,185,VFLTMSNLT,5
var,185,VFLTMSNLD,6
var,185,VFLTMSNVQ,5
var,185,VFLTMSNVT,5
var,185,VFLTMSNVD,6
var,185,VFLTMSNMQ,6
var,185,VFLTMSNMT,6
var,185,VFLTMSNMD,7
var,185,VFLTMTSLQ,5
var,185,VFLTMTSLT,5
var,185,VFLTMTSLD,6
var,185,VFLTMTSVQ,5
var,185,VFLTMTSVT,5
var,185,VFLTMTSVD,6
var,185,VFLTMTSMQ,6
var,185,VFLTMTSMT,6
var,185,VFLTMTSMD,7
var,185,VFLTMTNLQ,6
var,185,VFLTMTNLT,6
var,185,VFLTMTNLD,7
var,185,VFLTMTNVQ,6
var,185,VFLTMTNVT,6
var,185,VFLTMTNVD,7
var,185,VFLTMTNMQ,7
var,185,VFLTMTNMT,7
var,185,VFLTMTNMD,8
var,185,VFLTLNSLQ,5
var,185,VFLTLNSLT,5
var,185,VFLTLNSLD,5
var,185,VFLTLNSVQ,5
var,185,VFLTLNSVT,6
var,185,VFLTLNSVD,5
var,185,VFLTLNSMQ,4
var,185,VFLTLNSMT,5
var,185,VFLTLNSMD,5
var,185,VFLTLNNLQ,4
var,185,VFLTLNNLT,4
var,185,VFLTLNNLD,5
var,185,VFLTLNNVQ,4
var,185,VFLTLNNVT,5
var,185,VFLTLNNVD,5
var,185,VFLTLNNMQ,5
var,185,VFLTLNNMT,5
var,185,VFLTLNNMD,6
var,185,VFLTLSSLQ,5
var,185,VFLTLSSLT,5
var,185,VFLTLSSLD,5
var,185,VFLTLSSVQ,5
var,185,VFLTLSSVT,6
var,185,VFLTLSSVD,5
var,185,VFLTLSSMQ,4
var,185,VFLTLSSMT,5
var,185,VFLTLSSMD,5
var,185,VFLTLSNLQ,4
var,185,VFLTLSNLT,4
var,185,VFLTLSNLD,5
var,185,VFLTLSNVQ,4
var,185,VFLTLSNVT,5
var,185,VFLTLSNVD,5
var,185,VFLTLSNMQ,5
var,185,VFLTLSNMT,5
var,185,VFLTLSNMD,6
var,185,VFLTLTSLQ,4
var,185,VFLTLTSLT,4
var,185,VFLTLTSLD,5
var,185,VFLTLTSVQ,4
var,185,VFLTLTSVT,5
var,185,VFLTLTSVD,5
var,185,VFLTLTSMQ,5
var,185,VFLTLTSMT,5
var,185,VFLTLTSMD,6
var,185,VFLTLTNLQ,5
var,185,VFLTLTNLT,5
var,185,VFLTLTNLD,6
var,185,VFLTLTNVQ,5
var,185,VFLTLTNVT,5
var,185,VFLTLTNVD,6
var,185,VFLTLTNMQ,6
var,185,VFLTLTNMT,6
var,185,VFLTLTNMD,7
var,185,VSFKMNSLQ,4
var,185,VSFKMNSLT,4
var,185,VSFKMNSLD,4
var,185,VSFKMNSVQ,4
var,185,VSFKMNSVT,5
var,185,VSFKMNSVD,4
var,185,VSFKMNSMQ,3
var,185,VSFKMNSMT,4
var,185,VSFKMNSMD,4
var,185,VSFKMNNLQ,4
var,185,VSFKMNNLT,4
var,185,VSFKMNNLD,4
var,185,VSFKMNNVQ,3
var,185,VSFKMNNVT,4
var,185,VSFKMNNVD,4
var,185,VSFKMNNMQ,4
var,185,VSFKMNNMT,4
var,185,VSFKMNNMD,5
var,185,VSFKMSSLQ,4
var,185,VSFKMSSLT,5
var,185,VSFKMSSLD,4
var,185,VSFKMSSVQ,5
var,185,VSFKMSSVT,6
var,185,VSFKMSSVD,5
var,185,VSFKMSSMQ,4
var,185,VSFKMSSMT,5
var,185,VSFKMSSMD,4
var,185,VSFKMSNLQ,4
var,185,VSFKMSNLT,4
var,185,VSFKMSNLD,4
var,185,VSFKMSNVQ,4
var,185,VSFKMSNVT,5
var,185,VSFKMSNVD,4
var,185,VSFKMSNMQ,4
var,185,VSFKMSNMT,4
var,185,VSFKMSNMD,5
var,185,VSFKMTSLQ,3
var,185,VSFKMTSLT,4
var,185,VSFKMTSLD,4
var,185,VSFKMTSVQ,4
var,185,VSFKMTSVT,5
var,185,VSFKMTSVD,4
var,185,VSFKMTSMQ,4
var,185,VSFKMTSMT,4
var,185,VSFKMTSMD,5
var,185,VSFKMTNLQ,4
var,185,VSFKMTNLT,4
var,185,VSFKMTNLD,5
var,185,VSFKMTNVQ,4
var,185,VSFKMTNVT,4
var,185,VSFKMTNVD,5
var,185,VSFKMTNMQ,5
var,185,VSFKMTNMT,5
var,185,VSFKMTNMD,6
var,185,VSFKLNSLQ,4
var,185,VSFKLNSLT,5
var,185,VSFKLNSLD,4
var,185,VSFKLNSVQ,5
var,185,VSFKLNSVT,6
var,185,VSFKLNSVD,5
var,185,VSFKLNSMQ,4
var,185,VSFKLNSMT,5
var,185,VSFKLNSMD,4
var,185,VSFKLNNLQ,3
var,185,VSFKLNNLT,4
var,185,VSFKLNNLD,3
var,185,VSFKLNNVQ,4
var,185,VSFKLNNVT,5
var,185,VSFKLNNVD,4
var,185,VSFKLNNMQ,3
var,185,VSFKLNNMT,4
var,185,VSFKLNNMD,4
var,185,VSFKLSSLQ,5
var,185,VSFKLSSLT,6
var,185,VSFKLSSLD,5
var,185,VSFKLSSVQ,6
var,185,VSFKLSSVT,7
var,185,VSFKLSSVD,6
var,185,VSFKLSSMQ,5
var,185,VSFKLSSMT,6
var,185,VSFKLSSMD,5
var,185,VSFKLSNLQ,4
var,185,VSFKLSNLT,5
var,185,VSFKLSNLD,4
var,185,VSFKLSNVQ,5
var,185,VSFKLSNVT,6
var,185,VSFKLSNVD,5
var,185,VSFKLSNMQ,4
var,185,VSFKLSNMT,5
var,185,VSFKLSNMD,4
var,185,VSFKLTSLQ,4
var,185,VSFKLTSLT,5
var,185,VSFKLTSLD,4
var,185,VSFKLTSVQ,5
var,185,VSFKLTSVT,6
var,185,VSFKLTSVD,5
var,185,VSFKLTSMQ,4
var,185,VSFKLTSMT,5
var,185,VSFKLTSMD,4
var,185,VSFKLTNLQ,3
var,185,VSFKLTNLT,4
var,185,VSFKLTNLD,4
var,185,VSFKLTNVQ,4
var,185,VSFKLTNVT,5
var,185,VSFKLTNVD,4
var,185,VSFKLTNMQ,4
var,185,VSFKLTNMT,4
var,185,VSFKLTNMD,5
var,185,VSFTMNSLQ,4
var,185,VSFTMNSLT,4
var,185,VSFTMNSLD,4
var,185,VSFTMNSVQ,4
var,185,VSFTMNSVT,5
var,185,VSFTMNSVD,4
var,185,VSFTMNSMQ,4
var,185,VSFTMNSMT,4
var,185,VSFTMNSMD,5
var,185,VSFTMNNLQ,4
var,185,VSFTMNNLT,4
var,185,VSFTMNNLD,5
var,185,VSFTMNNVQ,4
var,185,VSFTMNNVT,4
var,185,VSFTMNNVD,5
var,185,VSFTMNNMQ,5
var,185,VSFTMNNMT,5
var,185,VSFTMNNMD,6
var,185,VSFTMSSLQ,4
var,185,VSFTMSSLT,4
var,185,VSFTMSSLD,4
var,185,VSFTMSSVQ,4
var,185,VSFTMSSVT,5
var,185,VSFTMSSVD,4
var,185,VSFTMSSMQ,4
var,185,VSFTMSSMT,4
var,185,VSFTMSSMD,5
var,185,VSFTMSNLQ,4
var,185,VSFTMSNLT,4
var,185,VSFTMSNLD,5
var,185,VSFTMSNVQ,4
var,185,VSFTMSNVT,4
var,185,VSFTMSNVD,5
var,185,VSFTMSNMQ,5
var,185,VSFTMSNMT,5
var,185,VSFTMSNMD,6
var,185,VSFTMTSLQ,4
var,185,VSFTMTSLT,4
var,185,VSFTMTSLD,5
var,185,VSFTMTSVQ,4
var,185,VSFTMTSVT,4
var,185,VSFTMTSVD,5
var,185,VSFTMTSMQ,5
var,185,VSFTMTSMT,5
var,185,VSFTMTSMD,6
var,185,VSFTMTNLQ,5
var,185,VSFTMTNLT,5
var,185,VSFTMTNLD,6
var,185,VSFTMTNVQ,5
var,185,VSFTMTNVT,5
var,185,VSFTMTNVD,6
var,185,VSFTMTNMQ,6
var,185,VSFTMTNMT,6
var,185,VSFTMTNMD,7
var,185,VSFTLNSLQ,4
var,185,VSFTLNSLT,5
var,185,VSFTLNSLD,4
var,185,VSFTLNSVQ,5
var,185,VSFTLNSVT,6
var,185,VSFTLNSVD,5
var,185,VSFTLNSMQ,4
var,185,VSFTLNSMT,5
var,185,VSFTLNSMD,4
var,185,VSFTLNNLQ,3
var,185,VSFTLNNLT,4
var,185,VSFTLNNLD,4
var,185,VSFTLNNVQ,4
var,185,VSFTLNNVT,5
var,185,VSFTLNNVD,4
var,185,VSFTLNNMQ,4
var,185,VSFTLNNMT,4
var,185,VSFTLNNMD,5
var,185,VSFTLSSLQ,5
var,185,VSFTLSSLT,5
var,185,VSFTLSSLD,5
var,185,VSFTLSSVQ,5
var,185,VSFTLSSVT,6
var,185,VSFTLSSVD,5
var,185,VSFTLSSMQ,4
var,185,VSFTLSSMT,5
var,185,VSFTLSSMD,4
var,185,VSFTLSNLQ,4
var,185,VSFTLSNLT,4
var,185,VSFTLSNLD,4
var,185,VSFTLSNVQ,4
var,185,VSFTLSNVT,5
var,185,VSFTLSNVD,4
var,185,VSFTLSNMQ,4
var,185,VSFTLSNMT,4
var,185,VSFTLSNMD,5
var,185,VSFTLTSLQ,4
var,185,VSFTLTSLT,4
var,185,VSFTLTSLD,4
var,185,VSFTLTSVQ,4
var,185,VSFTLTSVT,5
var,185,VSFTLTSVD,4
var,185,VSFTLTSMQ,4
var,185,VSFTLTSMT,4
var,185,VSFTLTSMD,5
var,185,VSFTLTNLQ,4
var,185,VSFTLTNLT,4
var,185,VSFTLTNLD,5
var,185,VSFTLTNVQ,4
var,185,VSFTLTNVT,4
var,185,VSFTLTNVD,5
var,185,VSFTLTNMQ,5
var,185,VSFTLTNMT,5
var,185,VSFTLTNMD,6
var,185,VSLKMNSLQ,5
var,185,VSLKMNSLT,5
var,185,VSLKMNSLD,5
var,185,VSLKMNSVQ,5
var,185,VSLKMNSVT,6
var,185,VSLKMNSVD,5
var,185,VSLKMNSMQ,4
var,185,VSLKMNSMT,5
var,185,VSLKMNSMD,5
var,185,VSLKMNNLQ,5
var,185,VSLKMNNLT,5
var,185,VSLKMNNLD,5
var,185,VSLKMNNVQ,4
var,185,VSLKMNNVT,5
var,185,VSLKMNNVD,5
var,185,VSLKMNNMQ,5
var,185,VSLKMNNMT,5
var,185,VSLKMNNMD,6
var,185,VSLKMSSLQ,5
var,185,VSLKMSSLT,6
var,185,VSLKMSSLD,5
var,185,VSLKMSSVQ,6
var,185,VSLKMSSVT,7
var,185,VSLKMSSVD,6
var,185,VSLKMSSMQ,5
var,185,VSLKMSSMT,6
var,185,VSLKMSSMD,5
var,185,VSLKMSNLQ,5
var,185,VSLKMSNLT,5
var,185,VSLKMSNLD,5
var,185,VSLKMSNVQ,5
var,185,VSLKMSNVT,6
var,185,VSLKMSNVD,5
var,185,VSLKMSNMQ,5
var,185,VSLKMSNMT,5
var,185,VSLKMSNMD,6
var,185,VSLKMTSLQ,4
var,185,VSLKMTSLT,5
var,185,VSLKMTSLD,5
var,185,VSLKMTSVQ,5
var,185,VSLKMTSVT,6
var,185,VSLKMTSVD,5
var,185,VSLKMTSMQ,5
var,185,VSLKMTSMT,5
var,185,VSLKMTSMD,6
var,185,VSLKMTNLQ,5
var,185,VSLKMTNLT,5
var,185,VSLKMTNLD,6
var,185,VSLKMTNVQ,5
var,185,VSLKMTNVT,5
var,185,VSLKMTNVD,6
var,185,VSLKMTNMQ,6
var,185,VSLKMTNMT,6
var,185,VSLKMTNMD,7
var,185,VSLKLNSLQ,5
var,185,VSLKLNSLT,6
var,185,VSLKLNSLD,5
var,185,VSLKLNSVQ,6
var,185,VSLKLNSVT,7
var,185,VSLKLNSVD,6
var,185,VSLKLNSMQ,5
var,185,VSLKLNSMT,6
var,185,VSLKLNSMD,5
var,185,VSLKLNNLQ,4
var,185,VSLKLNNLT,5
var,185,VSLKLNNLD,4
var,185,VSLKLNNVQ,5
var,185,VSLKLNNVT,6
var,185,VSLKLNNVD,5
var,185,VSLKLNNMQ,4
var,185,VSLKLNNMT,5
var,185,VSLKLNNMD,5
var,185,VSLKLSSLQ,6
var,185,VSLKLSSLT,7
var,185,VSLKLSSLD,6
var,185,VSLKLSSVQ,7
var,185,VSLKLSSVT,8
var,185,VSLKLSSVD,7
var,185,VSLKLSSMQ,6
var,185,VSLKLSSMT,7
var,185,VSLKLSSMD,6
var,185,VSLKLSNLQ,5
var,185,VSLKLSNLT,6
var,185,VSLKLSNLD,5
var,185,VSLKLSNVQ,6
var,185,VSLKLSNVT,7
var,185,VSLKLSNVD,6
var,185,VSLKLSNMQ,5
var,185,VSLKLSNMT,6
var,185,VSLKLSNMD,5
var,185,VSLKLTSLQ,5
var,185,VSLKLTSLT,6
var,185,VSLKLTSLD,5
var,185,VSLKLTSVQ,6
var,185,VSLKLTSVT,7
var,185,VSLKLTSVD,6
var,185,VSLKLTSMQ,5
var,185,VSLKLTSMT,6
var,185,VSLKLTSMD,5
var,185,VSLKLTNLQ,4
var,185,VSLKLTNLT,5
var,185,VSLKLTNLD,5
var,185,VSLKLTNVQ,5
var,185,VSLKLTNVT,6
var,185,VSLKLTNVD,5
var,185,VSLKLTNMQ,5
var,185,VSLKLTNMT,5
var,185,VSLKLTNMD,6
var,185,VSLTMNSLQ,5
var,185,VSLTMNSLT,5
var,185,VSLTMNSLD,5
var,185,VSLTMNSVQ,5
var,185,VSLTMNSVT,6
var,185,VSLTMNSVD,5
var,185,VSLTMNSMQ,5
var,185,VSLTMNSMT,5
var,185,VSLTMNSMD,6
var,185,VSLTMNNLQ,5
var,185,VSLTMNNLT,5
var,185,VSLTMNNLD,6
var,185,VSLTMNNVQ,5
var,185,VSLTMNNVT,5
var,185,VSLTMNNVD,6
var,185,VSLTMNNMQ,6
var,185,VSLTMNNMT,6
var,185,VSLTMNNMD,7
var,185,VSLTMSSLQ,5
var,185,VSLTMSSLT,5
var,185,VSLTMSSLD,5
var,185,VSLTMSSVQ,5
var,185,VSLTMSSVT,6
var,185,VSLTMSSVD,5
var,185,VSLTMSSMQ,5
var,185,VSLTMSSMT,5
var,185,VSLTMSSMD,6
var,185,VSLTMSNLQ,5
var,185,VSLTMSNLT,5
var,185,VSLTMSNLD,6
var,185,VSLTMSNVQ,5
var,185,VSLTMSNVT,5
var,185,VSLTMSNVD,6
var,185,VSLTMSNMQ,6
var,185,VSLTMSNMT,6
var,185,VSLTMSNMD,7
var,185,VSLTMTSLQ,5
var,185,VSLTMTSLT,5
var,185,VSLTMTSLD,6
var,185,VSLTMTSVQ,5
var,185,VSLTMTSVT,5
var,185,VSLTMTSVD,6
var,185,VSLTMTSMQ,6
var,185,VSLTMTSMT,6
var,185,VSLTMTSMD,7
var,185,VSLTMTNLQ,6
var,185,VSLTMTNLT,6
var,185,VSLTMTNLD,7
var,185,VSLTMTNVQ,6
var,185,VSLTMTNVT,6
var,185,VSLTMTNVD,7
var,185,VSLTMTNMQ,7
var,185,VSLTMTNMT,7
var,185,VSLTMTNMD,8
var,185,VSLTLNSLQ,5
var,185,VSLTLNSLT,6
var,185,VSLTLNSLD,5
var,185,VSLTLNSVQ,6
var,185,VSLTLNSVT,7
var,185,VSLTLNSVD,6
var,185,VSLTLNSMQ,5
var,185,VSLTLNSMT,6
var,185,VSLTLNSMD,5
var,185,VSLTLNNLQ,4
var,185,VSLTLNNLT,5
var,185,VSLTLNNLD,5
var,185,VSLTLNNVQ,5
var,185,VSLTLNNVT,6
var,185,VSLTLNNVD,5
var,185,VSLTLNNMQ,5
var,185,VSLTLNNMT,5
var,185,VSLTLNNMD,6
var,185,VSLTLSSLQ,5
var,185,VSLTLSSLT,6
var,185,VSLTLSSLD,5
var,185,VSLTLSSVQ,6
var,185,VSLTLSSVT,7
var,185,VSLTLSSVD,6
var,185,VSLTLSSMQ,5
var,185,VSLTLSSMT,6
var,185,VSLTLSSMD,5
var,185,VSLTLSNLQ,4
var,185,VSLTLSNLT,5
var,185,VSLTLSNLD,5
var,185,VSLTLSNVQ,5
var,185,VSLTLSNVT,6
var,185,VSLTLSNVD,5
var,185,VSLTLSNMQ,5
var,185,VSLTLSNMT,5
var,185,VSLTLSNMD,6
var,185,VSLTLTSLQ,4
var,185,VSLTLTSLT,5
var,185,VSLTLTSLD,5
var,185,VSLTLTSVQ,5
var,185,VSLTLTSVT,6
var,185,VSLTLTSVD,5
var,185,VSLTLTSMQ,5
var,185,VSLTLTSMT,5
var,185,VSLTLTSMD,6
var,185,VSLTLTNLQ,5
var,185,VSLTLTNLT,5
var,185,VSLTLTNLD,6
var,185,VSLTLTNVQ,5
var,185,VSLTLTNVT,5
var,185,VSLTLTNVD,6
var,185,VSLTLTNMQ,6
var,185,VSLTLTNMT,6
var,185,VSLTLTNMD,7
var,185,VVFKMNSLQ,4
var,185,VVFKMNSLT,4
var,185,VVFKMNSLD,4
var,185,VVFKMNSVQ,3
var,185,VVFKMNSVT,4
var,185,VVFKMNSVD,4
var,185,VVFKMNSMQ,4
var,185,VVFKMNSMT,4
var,185,VVFKMNSMD,5
var,185,VVFKMNNLQ,4
var,185,VVFKMNNLT,4
var,185,VVFKMNNLD,5
var,185,VVFKMNNVQ,4
var,185,VVFKMNNVT,4
var,185,VVFKMNNVD,5
var,185,VVFKMNNMQ,5
var,185,VVFKMNNMT,5
var,185,VVFKMNNMD,6
var,185,VVFKMSSLQ,4
var,185,VVFKMSSLT,4
var,185,VVFKMSSLD,4
var,185,VVFKMSSVQ,4
var,185,VVFKMSSVT,5
var,185,VVFKMSSVD,4
var,185,VVFKMSSMQ,4
var,185,VVFKMSSMT,4
var,185,VVFKMSSMD,5
var,185,VVFKMSNLQ,4
var,185,VVFKMSNLT,4
var,185,VVFKMSNLD,5
var,185,VVFKMSNVQ,4
var,185,VVFKMSNVT,4
var,185,VVFKMSNVD,5
var,185,VVFKMSNMQ,5
var,185,VVFKMSNMT,5
var,185,VVFKMSNMD,6
var,185,VVFKMTSLQ,4
var,185,VVFKMTSLT,4
var,185,VVFKMTSLD,5
var,185,VVFKMTSVQ,4
var,185,VVFKMTSVT,4
var,185,VVFKMTSVD,5
var,185,VVFKMTSMQ,5
var,185,VVFKMTSMT,5
var,185,VVFKMTSMD,6
var,185,VVFKMTNLQ,5
var,185,VVFKMTNLT,5
var,185,VVFKMTNLD,6
var,185,VVFKMTNVQ,5
var,185,VVFKMTNVT,5
var,185,VVFKMTNVD,6
var,185,VVFKMTNMQ,6
var,185,VVFKMTNMT,6
var,185,VVFKMTNMD,7
var,185,VVFKLNSLQ,4
var,185,VVFKLNSLT,4
var,185,VVFKLNSLD,4
var,185,VVFKLNSVQ,4
var,185,VVFKLNSVT,5
var,185,VVFKLNSVD,4
var,185,VVFKLNSMQ,3
var,185,VVFKLNSMT,4
var,185,VVFKLNSMD,4
var,185,VVFKLNNLQ,3
var,185,VVFKLNNLT,3
var,185,VVFKLNNLD,4
var,185,VVFKLNNVQ,3
var,185,VVFKLNNVT,4
var,185,VVFKLNNVD,4
var,185,VVFKLNNMQ,4
var,185,VVFKLNNMT,4
var,185,VVFKLNNMD,5
var,185,VVFKLSSLQ,5
var,185,VVFKLSSLT,5
var,185,VVFKLSSLD,5
var,185,VVFKLSSVQ,5
var,185,VVFKLSSVT,6
var,185,VVFKLSSVD,5
var,185,VVFKLSSMQ,4
var,185,VVFKLSSMT,5
var,185,VVFKLSSMD,4
var,185,VVFKLSNLQ,4
var,185,VVFKLSNLT,4
var,185,VVFKLSNLD,4
var,185,VVFKLSNVQ,4
var,185,VVFKLSNVT,5
var,185,VVFKLSNVD,4
var,185,VVFKLSNMQ,4
var,185,VVFKLSNMT,4
var,185,VVFKLSNMD,5
var,185,VVFKLTSLQ,4
var,185,VVFKLTSLT,4
var,185,VVFKLTSLD,4
var,185,VVFKLTSVQ,4
var,185,VVFKLTSVT,5
var,185,VVFKLTSVD,4
var,185,VVFKLTSMQ,4
var,185,VVFKLTSMT,4
var,185,VVFKLTSMD,5
var,185,VVFKLTNLQ,4
var,185,VVFKLTNLT,4
var,185,VVFKLTNLD,5
var,185,VVFKLTNVQ,4
var,185,VVFKLTNVT,4
var,185,VVFKLTNVD,5
var,185,VVFKLTNMQ,5
var,185,VVFKLTNMT,5
var,185,VVFKLTNMD,6
var,185,VVFTMNSLQ,4
var,185,VVFTMNSLT,4
var,185,VVFTMNSLD,5
var,185,VVFTMNSVQ,4
var,185,VVFTMNSVT,4
var,185,VVFTMNSVD,5
var,185,VVFTMNSMQ,5
var,185,VVFTMNSMT,5
var,185,VVFTMNSMD,6
var,185,VVFTMNNLQ,5
var,185,VVFTMNNLT,5
var,185,VVFTMNNLD,6
var,185,VVFTMNNVQ,5
var,185,VVFTMNNVT,5
var,185,VVFTMNNVD,6
var,185,VVFTMNNMQ,6
var,185,VVFTMNNMT,6
var,185,VVFTMNNMD,7
var,185,VVFTMSSLQ,4
var,185,VVFTMSSLT,4
var,185,VVFTMSSLD,5
var,185,VVFTMSSVQ,4
var,185,VVFTMSSVT,4
var,185,VVFTMSSVD,5
var,185,VVFTMSSMQ,5
var,185,VVFTMSSMT,5
var,185,VVFTMSSMD,6
var,185,VVFTMSNLQ,5
var,185,VVFTMSNLT,5
var,185,VVFTMSNLD,6
var,185,VVFTMSNVQ,5
var,185,VVFTMSNVT,5
var,185,VVFTMSNVD,6
var,185,VVFTMSNMQ,6
var,185,VVFTMSNMT,6
var,185,VVFTMSNMD,7
var,185,VVFTMTSLQ,5
var,185,VVFTMTSLT,5
var,185,VVFTMTSLD,6
var,185,VVFTMTSVQ,5
var,185,VVFTMTSVT,5
var,185,VVFTMTSVD,6
var,185,VVFTMTSMQ,6
var,185,VVFTMTSMT,6
var,185,VVFTMTSMD,7
var,185,VVFTMTNLQ,6
var,185,VVFTMTNLT,6
var,185,VVFTMTNLD,7
var,185,VVFTMTNVQ,6
var,185,VVFTMTNVT,6
var,185,VVFTMTNVD,7
var,185,VVFTMTNMQ,7
var,185,VVFTMTNMT,7
var,185,VVFTMTNMD,8
var,185,VVFTLNSLQ,4
var,185,VVFTLNSLT,4
var,185,VVFTLNSLD,4
var,185,VVFTLNSVQ,4
var,185,VVFTLNSVT,5
var,185,VVFTLNSVD,4
var,185,VVFTLNSMQ,4
var,185,VVFTLNSMT,4
var,185,VVFTLNSMD,5
var,185,VVFTLNNLQ,4
var,185,VVFTLNNLT,4
var,185,VVFTLNNLD,5
var,185,VVFTLNNVQ,4
var,185,VVFTLNNVT,4
var,185,VVFTLNNVD,5
var,185,VVFTLNNMQ,5
var,185,VVFTLNNMT,5
var,185,VVFTLNNMD,6
var,185,VVFTLSSLQ,5
var,185,VVFTLSSLT,5
var,185,VVFTLSSLD,5
var,185,VVFTLSSVQ,4
var,185,VVFTLSSVT,5
var,185,VVFTLSSVD,4
var,185,VVFTLSSMQ,4
var,185,VVFTLSSMT,4
var,185,VVFTLSSMD,5
var,185,VVFTLSNLQ,4
var,185,VVFTLSNLT,4
var,185,VVFTLSNLD,5
var,185,VVFTLSNVQ,4
var,185,VVFTLSNVT,4
var,185,VVFTLSNVD,5
var,185,VVFTLSNMQ,5
var,185,VVFTLSNMT,5
var,185,VVFTLSNMD,6
var,185,VVFTLTSLQ,4
var,185,VVFTLTSLT,4
var,185,VVFTLTSLD,5
var,185,VVFTLTSVQ,4
var,185,VVFTLTSVT,4
var,185,VVFTLTSVD,5
var,185,VVFTLTSMQ,5
var,185,VVFTLTSMT,5
var,185,VVFTLTSMD,6
var,185,VVFTLTNLQ,5
var,185,VVFTLTNLT,5
var,185,VVFTLTNLD,6
var,185,VVFTLTNVQ,5
var,185,VVFTLTNVT,5
var,185,VVFTLTNVD,6
var,185,VVFTLTNMQ,6
var,185,VVFTLTNMT,6
var,185,VVFTLTNMD,7
var,185,VVLKMNSLQ,5
var,185,VVLKMNSLT,5
var,185,VVLKMNSLD,5
var,185,VVLKMNSVQ,4
var,185,VVLKMNSVT,5
var,185,VVLKMNSVD,5
var,185,VVLKMNSMQ,5
var,185,VVLKMNSMT,5
var,185,VVLKMNSMD,6
var,185,VVLKMNNLQ,5
var,185,VVLKMNNLT,5
var,185,VVLKMNNLD,6
var,185,VVLKMNNVQ,5
var,185,VVLKMNNVT,5
var,185,VVLKMNNVD,6
var,185,VVLKMNNMQ,6
var,185,VVLKMNNMT,6
var,185,VVLKMNNMD,7
var,185,VVLKMSSLQ,5
var,185,VVLKMSSLT,5
var,185,VVLKMSSLD,5
var,185,VVLKMSSVQ,5
var,185,VVLKMSSVT,6
var,185,VVLKMSSVD,5
var,185,VVLKMSSMQ,5
var,185,VVLKMSSMT,5
var,185,VVLKMSSMD,6
var,185,VVLKMSNLQ,5
var,185,VVLKMSNLT,5
var,185,VVLKMSNLD,6
var,185,VVLKMSNVQ,5
var,185,VVLKMSNVT,5
var,185,VVLKMSNVD,6
var,185,VVLKMSNMQ,6
var,185,VVLKMSNMT,6
var,185,VVLKMSNMD,7
var,185,VVLKMTSLQ,5
var,185,VVLKMTSLT,5
var,185,VVLKMTSLD,6
var,185,VVLKMTSVQ,5
var,185,VVLKMTSVT,5
var,185,VVLKMTSVD,6
var,185,VVLKMTSMQ,6
var,185,VVLKMTSMT,6
var,185,VVLKMTSMD,7
var,185,VVLKMTNLQ,6
var,185,VVLKMTNLT,6
var,185,VVLKMTNLD,7
var,185,VVLKMTNVQ,6
var,185,VVLKMTNVT,6
var,185,VVLKMTNVD,7
var,185,VVLKMTNMQ,7
var,185,VVLKMTNMT,7
var,185,VVLKMTNMD,8
var,185,VVLKLNSLQ,4
var,185,VVLKLNSLT,5
var,185,VVLKLNSLD,4
var,185,VVLKLNSVQ,5
var,185,VVLKLNSVT,6
var,185,VVLKLNSVD,5
var,185,VVLKLNSMQ,4
var,185,VVLKLNSMT,5
var,185,VVLKLNSMD,5
var,185,VVLKLNNLQ,4
var,185,VVLKLNNLT,4
var,185,VVLKLNNLD,5
var,185,VVLKLNNVQ,4
var,185,VVLKLNNVT,5
var,185,VVLKLNNVD,5
var,185,VVLKLNNMQ,5
var,185,VVLKLNNMT,5
var,185,VVLKLNNMD,6
var,185,VVLKLSSLQ,5
var,185,VVLKLSSLT,6
var,185,VVLKLSSLD,5
var,185,VVLKLSSVQ,6
var,185,VVLKLSSVT,7
var,185,VVLKLSSVD,6
var,185,VVLKLSSMQ,5
var,185,VVLKLSSMT,6
var,185,VVLKLSSMD,5
var,185,VVLKLSNLQ,4
var,185,VVLKLSNLT,5
var,185,VVLKLSNLD,5
var,185,VVLKLSNVQ,5
var,185,VVLKLSNVT,6
var,185,VVLKLSNVD,5
var,185,VVLKLSNMQ,5
var,185,VVLKLSNMT,5
var,185,VVLKLSNMD,6
var,185,VVLKLTSLQ,4
var,185,VVLKLTSLT,5
var,185,VVLKLTSLD,5
var,185,VVLKLTSVQ,5
var,185,VVLKLTSVT,6
var,185,VVLKLTSVD,5
var,185,VVLKLTSMQ,5
var,185,VVLKLTSMT,5
var,185,VVLKLTSMD,6
var,185,VVLKLTNLQ,5
var,185,VVLKLTNLT,5
var,185,VVLKLTNLD,6
var,185,VVLKLTNVQ,5
var,185,VVLKLTNVT,5
var,185,VVLKLTNVD,6
var,185,VVLKLTNMQ,6
var,185,VVLKLTNMT,6
var,185,VVLKLTNMD,7
var,185,VVLTMNSLQ,5
var,185,VVLTMNSLT,5
var,185,VVLTMNSLD,6
var,185,VVLTMNSVQ,5
var,185,VVLTMNSVT,5
var,185,VVLTMNSVD,6
var,185,VVLTMNSMQ,6
var,185,VVLTMNSMT,6
var,185,VVLTMNSMD,7
var,185,VVLTMNNLQ,6
var,185,VVLTMNNLT,6
var,185,VVLTMNNLD,7
var,185,VVLTMNNVQ,6
var,185,VVLTMNNVT,6
var,185,VVLTMNNVD,7
var,185,VVLTMNNMQ,7
var,185,VVLTMNNMT,7
var,185,VVLTMNNMD,8
var,185,VVLTMSSLQ,5
var,185,VVLTMSSLT,5
var,185,VVLTMSSLD,6
var,185,VVLTMSSVQ,5
var,185,VVLTMSSVT,5
var,185,VVLTMSSVD,6
var,185,VVLTMSSMQ,6
var,185,VVLTMSSMT,6
var,185,VVLTMSSMD,7
var,185,VVLTMSNLQ,6
var,185,VVLTMSNLT,6
var,185,VVLTMSNLD,7
var,185,VVLTMSNVQ,6
var,185,VVLTMSNVT,6
var,185,VVLTMSNVD,7
var,185,VVLTMSNMQ,7
var,185,VVLTMSNMT,7
var,185,VVLTMSNMD,8
var,185,VVLTMTSLQ,6
var,185,VVLTMTSLT,6
var,185,VVLTMTSLD,7
var,185,VVLTMTSVQ,6
var,185,VVLTMTSVT,6
var,185,VVLTMTSVD,7
var,185,VVLTMTSMQ,7
var,185,VVLTMTSMT,7
var,185,VVLTMTSMD,8
var,185,VVLTMTNLQ,7
var,185,VVLTMTNLT,7
var,185,VVLTMTNLD,8
var,185,VVLTMTNVQ,7
var,185,VVLTMTNVT,7
var,185,VVLTMTNVD,8
var,185,VVLTMTNMQ,8
var,185,VVLTMTNMT,8
var,185,VVLTMTNMD,9
var,185,VVLTLNSLQ,4
var,185,VVLTLNSLT,5
var,185,VVLTLNSLD,5
var,185,VVLTLNSVQ,5
var,185,VVLTLNSVT,6
var,185,VVLTLNSVD,5
var,185,VVLTLNSMQ,5
var,185,VVLTLNSMT,5
var,185,VVLTLNSMD,6
var,185,VVLTLNNLQ,5
var,185,VVLTLNNLT,5
var,185,VVLTLNNLD,6
var,185,VVLTLNNVQ,5
var,185,VVLTLNNVT,5
var,185,VVLTLNNVD,6
var,185,VVLTLNNMQ,6
var,185,VVLTLNNMT,6
var,185,VVLTLNNMD,7
var,185,VVLTLSSLQ,5
var,185,VVLTLSSLT,5
var,185,VVLTLSSLD,5
var,185,VVLTLSSVQ,5
var,185,VVLTLSSVT,6
var,185,VVLTLSSVD,5
var,185,VVLTLSSMQ,5
var,185,VVLTLSSMT,5
var,185,VVLTLSSMD,6
var,185,VVLTLSNLQ,5
var,185,VVLTLSNLT,5
var,185,VVLTLSNLD,6
var,185,VVLTLSNVQ,5
var,185,VVLTLSNVT,5
var,185,VVLTLSNVD,6
var,185,VVLTLSNMQ,6
var,185,VVLTLSNMT,6
var,185,VVLTLSNMD,7
var,185,VVLTLTSLQ,5
var,185,VVLTLTSLT,5
var,185,VVLTLTSLD,6
var,185,VVLTLTSVQ,5
var,185,VVLTLTSVT,5
var,185,VVLTLTSVD,6
var,185,VVLTLTSMQ,6
var,185,VVLTLTSMT,6
var,185,VVLTLTSMD,7
var,185,VVLTLTNLQ,6
var,185,VVLTLTNLT,6
var,185,VVLTLTNLD,7
var,185,VVLTLTNVQ,6
var,185,VVLTLTNVT,6
var,185,VVLTLTNVD,7
var,185,VVLTLTNMQ,7
var,185,VVLTLTNMT,7
var,185,VVLTLTNMD,8
var,185,FFFKMNSLQ,5
var,185,FFFKMNSLT,5
var,185,FFFKMNSLD,5
var,185,FFFKMNSVQ,4
var,185,FFFKMNSVT,5
var,185,FFFKMNSVD,4
var,185,FFFKMNSMQ,4
var,185,FFFKMNSMT,4
var,185,FFFKMNSMD,4
var,185,FFFKMNNLQ,4
var,185,FFFKMNNLT,4
var,185,FFFKMNNLD,4
var,185,FFFKMNNVQ,3
var,185,FFFKMNNVT,4
var,185,FFFKMNNVD,3
var,185,FFFKMNNMQ,3
var,185,FFFKMNNMT,3
var,185,FFFKMNNMD,4
var,185,FFFKMSSLQ,4
var,185,FFFKMSSLT,5
var,185,FFFKMSSLD,4
var,185,FFFKMSSVQ,5
var,185,FFFKMSSVT,6
var,185,FFFKMSSVD,5
var,185,FFFKMSSMQ,4
var,185,FFFKMSSMT,5
var,185,FFFKMSSMD,4
var,185,FFFKMSNLQ,4
var,185,FFFKMSNLT,4
var,185,FFFKMSNLD,4
var,185,FFFKMSNVQ,4
var,185,FFFKMSNVT,5
var,185,FFFKMSNVD,4
var,185,FFFKMSNMQ,3
var,185,FFFKMSNMT,4
var,185,FFFKMSNMD,4
var,185,FFFKMTSLQ,4
var,185,FFFKMTSLT,4
var,185,FFFKMTSLD,4
var,185,FFFKMTSVQ,4
var,185,FFFKMTSVT,5
var,185,FFFKMTSVD,4
var,185,FFFKMTSMQ,3
var,185,FFFKMTSMT,4
var,185,FFFKMTSMD,4
var,185,FFFKMTNLQ,3
var,185,FFFKMTNLT,3
var,185,FFFKMTNLD,4
var,185,FFFKMTNVQ,3
var,185,FFFKMTNVT,4
var,185,FFFKMTNVD,4
var,185,FFFKMTNMQ,4
var,185,FFFKMTNMT,4
var,185,FFFKMTNMD,5
var,185,FFFKLNSLQ,4
var,185,FFFKLNSLT,5
var,185,FFFKLNSLD,4
var,185,FFFKLNSVQ,5
var,185,FFFKLNSVT,6
var,185,FFFKLNSVD,5
var,185,FFFKLNSMQ,4
var,185,FFFKLNSMT,5
var,185,FFFKLNSMD,4
var,185,FFFKLNNLQ,3
var,185,FFFKLNNLT,4
var,185,FFFKLNNLD,3
var,185,FFFKLNNVQ,4
var,185,FFFKLNNVT,5
var,185,FFFKLNNVD,4
var,185,FFFKLNNMQ,3
var,185,FFFKLNNMT,4
var,185,FFFKLNNMD,3
var,185,FFFKLSSLQ,5
var,185,FFFKLSSLT,6
var,185,FFFKLSSLD,5
var,185,FFFKLSSVQ,6
var,185,FFFKLSSVT,7
var,185,FFFKLSSVD,6
var,185,FFFKLSSMQ,5
var,185,FFFKLSSMT,6
var,185,FFFKLSSMD,5
var,185,FFFKLSNLQ,4
var,185,FFFKLSNLT,5
var,185,FFFKLSNLD,4
var,185,FFFKLSNVQ,5
var,185,FFFKLSNVT,6
var,185,FFFKLSNVD,5
var,185,FFFKLSNMQ,4
var,185,FFFKLSNMT,5
var,185,FFFKLSNMD,4
var,185,FFFKLTSLQ,4
var,185,FFFKLTSLT,5
var,185,FFFKLTSLD,4
var,185,FFFKLTSVQ,5
var,185,FFFKLTSVT,6
var,185,FFFKLTSVD,5
var,185,FFFKLTSMQ,4
var,185,FFFKLTSMT,5
var,185,FFFKLTSMD,4
var,185,FFFKLTNLQ,3
var,185,FFFKLTNLT,4
var,185,FFFKLTNLD,3
var,185,FFFKLTNVQ,4
var,185,FFFKLTNVT,5
var,185,FFFKLTNVD,4
var,185,FFFKLTNMQ,3
var,185,FFFKLTNMT,4
var,185,FFFKLTNMD,4
var,185,FFFTMNSLQ,5
var,185,FFFTMNSLT,5
var,185,FFFTMNSLD,5
var,185,FFFTMNSVQ,4
var,185,FFFTMNSVT,5
var,185,FFFTMNSVD,4
var,185,FFFTMNSMQ,4
var,185,FFFTMNSMT,4
var,185,FFFTMNSMD,4
var,185,FFFTMNNLQ,4
var,185,FFFTMNNLT,4
var,185,FFFTMNNLD,4
var,185,FFFTMNNVQ,3
var,185,FFFTMNNVT,4
var,185,FFFTMNNVD,4
var,185,FFFTMNNMQ,4
var,185,FFFTMNNMT,4
var,185,FFFTMNNMD,5
var,185,FFFTMSSLQ,4
var,185,FFFTMSSLT,4
var,185,FFFTMSSLD,4
var,185,FFFTMSSVQ,4
var,185,FFFTMSSVT,5
var,185,FFFTMSSVD,4
var,185,FFFTMSSMQ,3
var,185,FFFTMSSMT,4
var,185,FFFTMSSMD,4
var,185,FFFTMSNLQ,4
var,185,FFFTMSNLT,4
var,185,FFFTMSNLD,4
var,185,FFFTMSNVQ,3
var,185,FFFTMSNVT,4
var,185,FFFTMSNVD,4
var,185,FFFTMSNMQ,4
var,185,FFFTMSNMT,4
var,185,FFFTMSNMD,5
var,185,FFFTMTSLQ,4
var,185,FFFTMTSLT,4
var,185,FFFTMTSLD,4
var,185,FFFTMTSVQ,3
var,185,FFFTMTSVT,4
var,185,FFFTMTSVD,4
var,185,FFFTMTSMQ,4
var,185,FFFTMTSMT,4
var,185,FFFTMTSMD,5
var,185,FFFTMTNLQ,4
var,185,FFFTMTNLT,4
var,185,FFFTMTNLD,5
var,185,FFFTMTNVQ,4
var,185,FFFTMTNVT,4
var,185,FFFTMTNVD,5
var,185,FFFTMTNMQ,5
var,185,FFFTMTNMT,5
var,185,FFFTMTNMD,6
var,185,FFFTLNSLQ,4
var,185,FFFTLNSLT,5
var,185,FFFTLNSLD,4
var,185,FFFTLNSVQ,5
var,185,FFFTLNSVT,6
var,185,FFFTLNSVD,5
var,185,FFFTLNSMQ,4
var,185,FFFTLNSMT,5
var,185,FFFTLNSMD,4
var,185,FFFTLNNLQ,3
var,185,FFFTLNNLT,4
var,185,FFFTLNNLD,3
var,185,FFFTLNNVQ,4
var,185,FFFTLNNVT,5
var,185,FFFTLNNVD,4
var,185,FFFTLNNMQ,3
var,185,FFFTLNNMT,4
var,185,FFFTLNNMD,4
var,185,FFFTLSSLQ,4
var,185,FFFTLSSLT,5
var,185,FFFTLSSLD,4
var,185,FFFTLSSVQ,5
var,185,FFFTLSSVT,6
var,185,FFFTLSSVD,5
var,185,FFFTLSSMQ,4
var,185,FFFTLSSMT,5
var,185,FFFTLSSMD,4
var,185,FFFTLSNLQ,3
var,185,FFFTLSNLT,4
var,185,FFFTLSNLD,3
var,185,FFFTLSNVQ,4
var,185,FFFTLSNVT,5
var,185,FFFTLSNVD,4
var,185,FFFTLSNMQ,3
var,185,FFFTLSNMT,4
var,185,FFFTLSNMD,4
var,185,FFFTLTSLQ,3
var,185,FFFTLTSLT,4
var,185,FFFTLTSLD,3
var,185,FFFTLTSVQ,4
var,185,FFFTLTSVT,5
var,185,FFFTLTSVD,4
var,185,FFFTLTSMQ,3
var,185,FFFTLTSMT,4
var,185,FFFTLTSMD,4
var,185,FFFTLTNLQ,3
var,185,FFFTLTNLT,3
var,185,FFFTLTNLD,4
var,185,FFFTLTNVQ,3
var,185,FFFTLTNVT,4
var,185,FFFTLTNVD,4
var,185,FFFTLTNMQ,4
var,185,FFFTLTNMT,4
var,185,FFFTLTNMD,5
var,185,FFLKMNSLQ,6
var,185,FFLKMNSLT,6
var,185,FFLKMNSLD,6
var,185,FFLKMNSVQ,5
var,185,FFLKMNSVT,6
var,185,FFLKMNSVD,5
var,185,FFLKMNSMQ,5
var,185,FFLKMNSMT,5
var,185,FFLKMNSMD,5
var,185,FFLKMNNLQ,5
var,185,FFLKMNNLT,5
var,185,FFLKMNNLD,5
var,185,FFLKMNNVQ,4
var,185,FFLKMNNVT,5
var,185,FFLKMNNVD,4
var,185,FFLKMNNMQ,4
var,185,FFLKMNNMT,4
var,185,FFLKMNNMD,5
var,185,FFLKMSSLQ,5
var,185,FFLKMSSLT,6
var,185,FFLKMSSLD,5
var,185,FFLKMSSVQ,6
var,185,FFLKMSSVT,7
var,185,FFLKMSSVD,6
var,185,FFLKMSSMQ,5
var,185,FFLKMSSMT,6
var,185,FFLKMSSMD,5
var,185,FFLKMSNLQ,5
var,185,FFLKMSNLT,5
var,185,FFLKMSNLD,5
var,185,FFLKMSNVQ,5
var,185,FFLKMSNVT,6
var,185,FFLKMSNVD,5
var,185,FFLKMSNMQ,4
var,185,FFLKMSNMT,5
var,185,FFLKMSNMD,5
var,185,FFLKMTSLQ,5
var,185,FFLKMTSLT,5
var,185,FFLKMTSLD,5
var,185,FFLKMTSVQ,5
var,185,FFLKMTSVT,6
var,185,FFLKMTSVD,5
var,185,FFLKMTSMQ,4
var,185,FFLKMTSMT,5
var,185,FFLKMTSMD,5
var,185,FFLKMTNLQ,4
var,185,FFLKMTNLT,4
var,185,FFLKMTNLD,5
var,185,FFLKMTNVQ,4
var,185,FFLKMTNVT,5
var,185,FFLKMTNVD,5
var,185,FFLKMTNMQ,5
var,185,FFLKMTNMT,5
var,185,FFLKMTNMD,6
var,185,FFLKLNSLQ,5
var,185,FFLKLNSLT,6
var,185,FFLKLNSLD,5
var,185,FFLKLNSVQ,6
var,185,FFLKLNSVT,7
var,185,FFLKLNSVD,6
var,185,FFLKLNSMQ,5
var,185,FFLKLNSMT,6
var,185,FFLKLNSMD,5
var,185,FFLKLNNLQ,4
var,185,FFLKLNNLT,5
var,185,FFLKLNNLD,4
var,185,FFLKLNNVQ,5
var,185,FFLKLNNVT,6
var,185,FFLKLNNVD,5
var,185,FFLKLNNMQ,4
var,185,FFLKLNNMT,5
var,185,FFLKLNNMD,4
var,185,FFLKLSSLQ,6
var,185,FFLKLSSLT,7
var,185,FFLKLSSLD,6
var,185,FFLKLSSVQ,7
var,185,FFLKLSSVT,8
var,185,FFLKLSSVD,7
var,185,FFLKLSSMQ,6
var,185,FFLKLSSMT,7
var,185,FFLKLSSMD,6
var,185,FFLKLSNLQ,5
var,185,FFLKLSNLT,6
var,185,FFLKLSNLD,5
var,185,FFLKLSNVQ,6
var,185,FFLKLSNVT,7
var,185,FFLKLSNVD,6
var,185,FFLKLSNMQ,5
var,185,FFLKLSNMT,6
var,185,FFLKLSNMD,5
var,185,FFLKLTSLQ,5
var,185,FFLKLTSLT,6
var,185,FFLKLTSLD,5
var,185,FFLKLTSVQ,6
var,185,FFLKLTSVT,7
var,185,FFLKLTSVD,6
var,185,FFLKLTSMQ,5
var,185,FFLKLTSMT,6
var,185,FFLKLTSMD,5
var,185,FFLKLTNLQ,4
var,185,FFLKLTNLT,5
var,185,FFLKLTNLD,4
var,185,FFLKLTNVQ,5
var,185,FFLKLTNVT,6
var,185,FFLKLTNVD,5
var,185,FFLKLTNMQ,4
var,185,FFLKLTNMT,5
var,185,FFLKLTNMD,5
var,185,FFLTMNSLQ,6
var,185,FFLTMNSLT,6
var,185,FFLTMNSLD,6
var,185,FFLTMNSVQ,5
var,185,FFLTMNSVT,6
var,185,FFLTMNSVD,5
var,185,FFLTMNSMQ,5
var,185,FFLTMNSMT,5
var,185,FFLTMNSMD,5
var,185,FFLTMNNLQ,5
var,185,FFLTMNNLT,5
var,185,FFLTMNNLD,5
var,185,FFLTMNNVQ,4
var,185,FFLTMNNVT,5
var,185,FFLTMNNVD,5
var,185,FFLTMNNMQ,5
var,185,FFLTMNNMT,5
var,185,FFLTMNNMD,6
var,185,FFLTMSSLQ,5
var,185,FFLTMSSLT,5
var,185,FFLTMSSLD,5
var,185,FFLTMSSVQ,5
var,185,FFLTMSSVT,6
var,185,FFLTMSSVD,5
var,185,FFLTMSSMQ,4
var,185,FFLTMSSMT,5
var,185,FFLTMSSMD,5
var,185,FFLTMSNLQ,5
var,185,FFLTMSNLT,5
var,185,FFLTMSNLD,5
var,185,FFLTMSNVQ,4
var,185,FFLTMSNVT,5
var,185,FFLTMSNVD,5
var,185,FFLTMSNMQ,5
var,185,FFLTMSNMT,5
var,185,FFLTMSNMD,6
var,185,FFLTMTSLQ,5
var,185,FFLTMTSLT,5
var,185,FFLTMTSLD,5
var,185,FFLTMTSVQ,4
var,185,FFLTMTSVT,5
var,185,FFLTMTSVD,5
var,185,FFLTMTSMQ,5
var,185,FFLTMTSMT,5
var,185,FFLTMTSMD,6
var,185,FFLTMTNLQ,5
var,185,FFLTMTNLT,5
var,185,FFLTMTNLD,6
var,185,FFLTMTNVQ,5
var,185,FFLTMTNVT,5
var,185,FFLTMTNVD,6
var,185,FFLTMTNMQ,6
var,185,FFLTMTNMT,6
var,185,FFLTMTNMD,7
var,185,FFLTLNSLQ,5
var,185,FFLTLNSLT,6
var,185,FFLTLNSLD,5
var,185,FFLTLNSVQ,6
var,185,FFLTLNSVT,7
var,185,FFLTLNSVD,6
var,185,FFLTLNSMQ,5
var,185,FFLTLNSMT,6
var,185,FFLTLNSMD,5
var,185,FFLTLNNLQ,4
var,185,FFLTLNNLT,5
var,185,FFLTLNNLD,4
var,185,FFLTLNNVQ,5
var,185,FFLTLNNVT,6
var,185,FFLTLNNVD,5
var,185,FFLTLNNMQ,4
var,185,FFLTLNNMT,5
var,185,FFLTLNNMD,5
var,185,FFLTLSSLQ,5
var,185,FFLTLSSLT,6
var,185,FFLTLSSLD,5
var,185,FFLTLSSVQ,6
var,185,FFLTLSSVT,7
var,185,FFLTLSSVD,6
var,185,FFLTLSSMQ,5
var,185,FFLTLSSMT,6
var,185,FFLTLSSMD,5
var,185,FFLTLSNLQ,4
var,185,FFLTLSNLT,5
var,185,FFLTLSNLD,4
var,185,FFLTLSNVQ,5
var,185,FFLTLSNVT,6
var,185,FFLTLSNVD,5
var,185,FFLTLSNMQ,4
var,185,FFLTLSNMT,5
var,185,FFLTLSNMD,5
var,185,FFLTLTSLQ,4
var,185,FFLTLTSLT,5
var,185,FFLTLTSLD,4
var,185,FFLTLTSVQ,5
var,185,FFLTLTSVT,6
var,185,FFLTLTSVD,5
var,185,FFLTLTSMQ,4
var,185,FFLTLTSMT,5
var,185,FFLTLTSMD,5
var,185,FFLTLTNLQ,4
var,185,FFLTLTNLT,4
var,185,FFLTLTNLD,5
var,185,FFLTLTNVQ,4
var,185,FFLTLTNVT,5
var,185,FFLTLTNVD,5
var,185,FFLTLTNMQ,5
var,185,FFLTLTNMT,5
var,185,FFLTLTNMD,6
var,185,FSFKMNSLQ,4
var,185,FSFKMNSLT,5
var,185,FSFKMNSLD,4
var,185,FSFKMNSVQ,5
var,185,FSFKMNSVT,6
var,185,FSFKMNSVD,5
var,185,FSFKMNSMQ,4
var,185,FSFKMNSMT,5
var,185,FSFKMNSMD,4
var,185,FSFKMNNLQ,4
var,185,FSFKMNNLT,4
var,185,FSFKMNNLD,4
var,185,FSFKMNNVQ,4
var,185,FSFKMNNVT,5
var,185,FSFKMNNVD,4
var,185,FSFKMNNMQ,3
var,185,FSFKMNNMT,4
var,185,FSFKMNNMD,4
var,185,FSFKMSSLQ,5
var,185,FSFKMSSLT,6
var,185,FSFKMSSLD,5
var,185,FSFKMSSVQ,6
var,185,FSFKMSSVT,7
var,185,FSFKMSSVD,6
var,185,FSFKMSSMQ,5
var,185,FSFKMSSMT,6
var,185,FSFKMSSMD,5
var,185,FSFKMSNLQ,4
var,185,FSFKMSNLT,5
var,185,FSFKMSNLD,4
var,185,FSFKMSNVQ,5
var,185,FSFKMSNVT,6
var,185,FSFKMSNVD,5
var,185,FSFKMSNMQ,4
var,185,FSFKMSNMT,5
var,185,FSFKMSNMD,4
var,185,FSFKMTSLQ,4
var,185,FSFKMTSLT,5
var,185,FSFKMTSLD,4
var,185,FSFKMTSVQ,5
var,185,FSFKMTSVT,6
var,185,FSFKMTSVD,5
var,185,FSFKMTSMQ,4
var,185,FSFKMTSMT,5
var,185,FSFKMTSMD,4
var,185,FSFKMTNLQ,3
var,185,FSFKMTNLT,4
var,185,FSFKMTNLD,4
var,185,FSFKMTNVQ,4
var,185,FSFKMTNVT,5
var,185,FSFKMTNVD,4
var,185,FSFKMTNMQ,4
var,185,FSFKMTNMT,4
var,185,FSFKMTNMD,5
var,185,FSFKLNSLQ,5
var,185,FSFKLNSLT,6
var,185,FSFKLNSLD,5
var,185,FSFKLNSVQ,6
var,185,FSFKLNSVT,7
var,185,FSFKLNSVD,6
var,185,FSFKLNSMQ,5
var,185,FSFKLNSMT,6
var,185,FSFKLNSMD,5
var,185,FSFKLNNLQ,4
var,185,FSFKLNNLT,5
var,185,FSFKLNNLD,4
var,185,FSFKLNNVQ,5
var,185,FSFKLNNVT,6
var,185,FSFKLNNVD,5
var,185,FSFKLNNMQ,4
var,185,FSFKLNNMT,5
var,185,FSFKLNNMD,4
var,185,FSFKLSSLQ,6
var,185,FSFKLSSLT,7
var,185,FSFKLSSLD,6
var,185,FSFKLSSVQ,7
var,185,FSFKLSSVT,8
var,185,FSFKLSSVD,7
var,185,FSFKLSSMQ,6
var,185,FSFKLSSMT,7
var,185,FSFKLSSMD,6
var,185,FSFKLSNLQ,5
var,185,FSFKLSNLT,6
var,185,FSFKLSNLD,5
var,185,FSFKLSNVQ,6
var,185,FSFKLSNVT,7
var,185,FSFKLSNVD,6
var,185,FSFKLSNMQ,5
var,185,FSFKLSNMT,6
var,185,FSFKLSNMD,5
var,185,FSFKLTSLQ,5
var,185,FSFKLTSLT,6
var,185,FSFKLTSLD,5
var,185,FSFKLTSVQ,6
var,185,FSFKLTSVT,7
var,185,FSFKLTSVD,6
var,185,FSFKLTSMQ,5
var,185,FSFKLTSMT,6
var,185,FSFKLTSMD,5
var,185,FSFKLTNLQ,4
var,185,FSFKLTNLT,5
var,185,FSFKLTNLD,4
var,185,FSFKLTNVQ,5
var,185,FSFKLTNVT,6
var,185,FSFKLTNVD,5
var,185,FSFKLTNMQ,4
var,185,FSFKLTNMT,5
var,185,FSFKLTNMD,4
var,185,FSFTMNSLQ,4
var,185,FSFTMNSLT,5
var,185,FSFTMNSLD,4
var,185,FSFTMNSVQ,5
var,185,FSFTMNSVT,6
var,185,FSFTMNSVD,5
var,185,FSFTMNSMQ,4
var,185,FSFTMNSMT,5
var,185,FSFTMNSMD,4
var,185,FSFTMNNLQ,4
var,185,FSFTMNNLT,4
var,185,FSFTMNNLD,4
var,185,FSFTMNNVQ,4
var,185,FSFTMNNVT,5
var,185,FSFTMNNVD,4
var,185,FSFTMNNMQ,4
var,185,FSFTMNNMT,4
var,185,FSFTMNNMD,5
var,185,FSFTMSSLQ,4
var,185,FSFTMSSLT,5
var,185,FSFTMSSLD,4
var,185,FSFTMSSVQ,5
var,185,FSFTMSSVT,6
var,185,FSFTMSSVD,5
var,185,FSFTMSSMQ,4
var,185,FSFTMSSMT,5
var,185,FSFTMSSMD,4
var,185,FSFTMSNLQ,4
var,185,FSFTMSNLT,4
var,185,FSFTMSNLD,4
var,185,FSFTMSNVQ,4
var,185,FSFTMSNVT,5
var,185,FSFTMSNVD,4
var,185,FSFTMSNMQ,4
var,185,FSFTMSNMT,4
var,185,FSFTMSNMD,5
var,185,FSFTMTSLQ,3
var,185,FSFTMTSLT,4
var,185,FSFTMTSLD,4
var,185,FSFTMTSVQ,4
var,185,FSFTMTSVT,5
var,185,FSFTMTSVD,4
var,185,FSFTMTSMQ,4
var,185,FSFTMTSMT,4
var,185,FSFTMTSMD,5
var,185,FSFTMTNLQ,4
var,185,FSFTMTNLT,4
var,185,FSFTMTNLD,5
var,185,FSFTMTNVQ,4
var,185,FSFTMTNVT,4
var,185,FSFTMTNVD,5
var,185,FSFTMTNMQ,5
var,185,FSFTMTNMT,5
var,185,FSFTMTNMD,6
var,185,FSFTLNSLQ,5
var,185,FSFTLNSLT,6
var,185,FSFTLNSLD,5
var,185,FSFTLNSVQ,6
var,185,FSFTLNSVT,7
var,185,FSFTLNSVD,6
var,185,FSFTLNSMQ,5
var,185,FSFTLNSMT,6
var,185,FSFTLNSMD,5
var,185,FSFTLNNLQ,4
var,185,FSFTLNNLT,5
var,185,FSFTLNNLD,4
var,185,FSFTLNNVQ,5
var,185,FSFTLNNVT,6
var,185,FSFTLNNVD,5
var,185,FSFTLNNMQ,4
var,185,FSFTLNNMT,5
var,185,FSFTLNNMD,4
var,185,FSFTLSSLQ,5
var,185,FSFTLSSLT,6
var,185,FSFTLSSLD,5
var,185,FSFTLSSVQ,6
var,185,FSFTLSSVT,7
var,185,FSFTLSSVD,6
var,185,FSFTLSSMQ,5
var,185,FSFTLSSMT,6
var,185,FSFTLSSMD,5
var,185,FSFTLSNLQ,4
var,185,FSFTLSNLT,5
var,185,FSFTLSNLD,4
var,185,FSFTLSNVQ,5
var,185,FSFTLSNVT,6
var,185,FSFTLSNVD,5
var,185,FSFTLSNMQ,4
var,185,FSFTLSNMT,5
var,185,FSFTLSNMD,4
var,185,FSFTLTSLQ,4
var,185,FSFTLTSLT,5
var,185,FSFTLTSLD,4
var,185,FSFTLTSVQ,5
var,185,FSFTLTSVT,6
var,185,FSFTLTSVD,5
var,185,FSFTLTSMQ,4
var,185,FSFTLTSMT,5
var,185,FSFTLTSMD,4
var,185,FSFTLTNLQ,3
var,185,FSFTLTNLT,4
var,185,FSFTLTNLD,4
var,185,FSFTLTNVQ,4
var,185,FSFTLTNVT,5
var,185,FSFTLTNVD,4
var,185,FSFTLTNMQ,4
var,185,FSFTLTNMT,4
var,185,FSFTLTNMD,5
var,185,FSLKMNSLQ,5
var,185,FSLKMNSLT,6
var,185,FSLKMNSLD,5
var,185,FSLKMNSVQ,6
var,185,FSLKMNSVT,7
var,185,FSLKMNSVD,6
var,185,FSLKMNSMQ,5
var,185,FSLKMNSMT,6
var,185,FSLKMNSMD,5
var,185,FSLKMNNLQ,5
var,185,FSLKMNNLT,5
var,185,FSLKMNNLD,5
var,185,FSLKMNNVQ,5
var,185,FSLKMNNVT,6
var,185,FSLKMNNVD,5
var,185,FSLKMNNMQ,4
var,185,FSLKMNNMT,5
var,185,FSLKMNNMD,5
var,185,FSLKMSSLQ,6
var,185,FSLKMSSLT,7
var,185,FSLKMSSLD,6
var,185,FSLKMSSVQ,7
var,185,FSLKMSSVT,8
var,185,FSLKMSSVD,7
var,185,FSLKMSSMQ,6
var,185,FSLKMSSMT,7
var,185,FSLKMSSMD,6
var,185,FSLKMSNLQ,5
var,185,FSLKMSNLT,6
var,185,FSLKMSNLD,5
var,185,FSLKMSNVQ,6
var,185,FSLKMSNVT,7
var,185,FSLKMSNVD,6
var,185,FSLKMSNMQ,5
var,185,FSLKMSNMT,6
var,185,FSLKMSNMD,5
var,185,FSLKMTSLQ,5
var,185,FSLKMTSLT,6
var,185,FSLKMTSLD,5
var,185,FSLKMTSVQ,6
var,185,FSLKMTSVT,7
var,185,FSLKMTSVD,6
var,185,FSLKMTSMQ,5
var,185,FSLKMTSMT,6
var,185,FSLKMTSMD,5
var,185,FSLKMTNLQ,4
var,185,FSLKMTNLT,5
var,185,FSLKMTNLD,5
var,185,FSLKMTNVQ,5
var,185,FSLKMTNVT,6
var,185,FSLKMTNVD,5
var,185,FSLKMTNMQ,5
var,185,FSLKMTNMT,5
var,185,FSLKMTNMD,6
var,185,FSLKLNSLQ,6
var,185,FSLKLNSLT,7
var,185,FSLKLNSLD,6
var,185,FSLKLNSVQ,7
var,185,FSLKLNSVT,8
var,185,FSLKLNSVD,7
var,185,FSLKLNSMQ,6
var,185,FSLKLNSMT,7
var,185,FSLKLNSMD,6
var,185,FSLKLNNLQ,5
var,185,FSLKLNNLT,6
var,185,FSLKLNNLD,5
var,185,FSLKLNNVQ,6
var,185,FSLKLNNVT,7
var,185,FSLKLNNVD,6
var,185,FSLKLNNMQ,5
var,185,FSLKLNNMT,6
var,185,FSLKLNNMD,5
var,185,FSLKLSSLQ,7
var,185,FSLKLSSLT,8
var,185,FSLKLSSLD,7
var,185,FSLKLSSVQ,8
var,185,FSLKLSSVT,9
var,185,FSLKLSSVD,8
var,185,FSLKLSSMQ,7
var,185,FSLKLSSMT,8
var,185,FSLKLSSMD,7
var,185,FSLKLSNLQ,6
var,185,FSLKLSNLT,7
var,185,FSLKLSNLD,6
var,185,FSLKLSNVQ,7
var,185,FSLKLSNVT,8
var,185,FSLKLSNVD,7
var,185,FSLKLSNMQ,6
var,185,FSLKLSNMT,7
var,185,FSLKLSNMD,6
var,185,FSLKLTSLQ,6
var,185,FSLKLTSLT,7
var,185,FSLKLTSLD,6
var,185,FSLKLTSVQ,7
var,185,FSLKLTSVT,8
var,185,FSLKLTSVD,7
var,185,FSLKLTSMQ,6
var,185,FSLKLTSMT,7
var,185,FSLKLTSMD,6
var,185,FSLKLTNLQ,5
var,185,FSLKLTNLT,6
var,185,FSLKLTNLD,5
var,185,FSLKLTNVQ,6
var,185,FSLKLTNVT,7
var,185,FSLKLTNVD,6
var,185,FSLKLTNMQ,5
var,185,FSLKLTNMT,6
var,185,FSLKLTNMD,5
var,185,FSLTMNSLQ,5
var,185,FSLTMNSLT,6
var,185,FSLTMNSLD,5
var,185,FSLTMNSVQ,6
var,185,FSLTMNSVT,7
var,185,FSLTMNSVD,6
var,185,FSLTMNSMQ,5
var,185,FSLTMNSMT,6
var,185,FSLTMNSMD,5
var,185,FSLTMNNLQ,5
var,185,FSLTMNNLT,5
var,185,FSLTMNNLD,5
var,185,FSLTMNNVQ,5
var,185,FSLTMNNVT,6
var,185,FSLTMNNVD,5
var,185,FSLTMNNMQ,5
var,185,FSLTMNNMT,5
var,185,FSLTMNNMD,6
var,185,FSLTMSSLQ,5
var,185,FSLTMSSLT,6
var,185,FSLTMSSLD,5
var,185,FSLTMSSVQ,6
var,185,FSLTMSSVT,7
var,185,FSLTMSSVD,6
var,185,FSLTMSSMQ,5
var,185,FSLTMSSMT,6
var,185,FSLTMSSMD,5
var,185,FSLTMSNLQ,5
var,185,FSLTMSNLT,5
var,185,FSLTMSNLD,5
var,185,FSLTMSNVQ,5
var,185,FSLTMSNVT,6
var,185,FSLTMSNVD,5
var,185,FSLTMSNMQ,5
var,185,FSLTMSNMT,5
var,185,FSLTMSNMD,6
var,185,FSLTMTSLQ,4
var,185,FSLTMTSLT,5
var,185,FSLTMTSLD,5
var,185,FSLTMTSVQ,5
var,185,FSLTMTSVT,6
var,185,FSLTMTSVD,5
var,185,FSLTMTSMQ,5
var,185,FSLTMTSMT,5
var,185,FSLTMTSMD,6
var,185,FSLTMTNLQ,5
var,185,FSLTMTNLT,5
var,185,FSLTMTNLD,6
var,185,FSLTMTNVQ,5
var,185,FSLTMTNVT,5
var,185,FSLTMTNVD,6
var,185,FSLTMTNMQ,6
var,185,FSLTMTNMT,6
var,185,FSLTMTNMD,7
var,185,FSLTLNSLQ,6
var,185,FSLTLNSLT,7
var,185,FSLTLNSLD,6
var,185,FSLTLNSVQ,7
var,185,FSLTLNSVT,8
var,185,FSLTLNSVD,7
var,185,FSLTLNSMQ,6
var,185,FSLTLNSMT,7
var,185,FSLTLNSMD,6
var,185,FSLTLNNLQ,5
var,185,FSLTLNNLT,6
var,185,FSLTLNNLD,5
var,185,FSLTLNNVQ,6
var,185,FSLTLNNVT,7
var,185,FSLTLNNVD,6
var,185,FSLTLNNMQ,5
var,185,FSLTLNNMT,6
var,185,FSLTLNNMD,5
var,185,FSLTLSSLQ,6
var,185,FSLTLSSLT,7
var,185,FSLTLSSLD,6
var,185,FSLTLSSVQ,7
var,185,FSLTLSSVT,8
var,185,FSLTLSSVD,7
var,185,FSLTLSSMQ,6
var,185,FSLTLSSMT,7
var,185,FSLTLSSMD,6
var,185,FSLTLSNLQ,5
var,185,FSLTLSNLT,6
var,185,FSLTLSNLD,5
var,185,FSLTLSNVQ,6
var,185,FSLTLSNVT,7
var,185,FSLTLSNVD,6
var,185,FSLTLSNMQ,5
var,185,FSLTLSNMT,6
var,185,FSLTLSNMD,5
var,185,FSLTLTSLQ,5
var,185,FSLTLTSLT,6
var,185,FSLTLTSLD,5
var,185,FSLTLTSVQ,6
var,185,FSLTLTSVT,7
var,185,FSLTLTSVD,6
var,185,FSLTLTSMQ,5
var,185,FSLTLTSMT,6
var,185,FSLTLTSMD,5
var,185,FSLTLTNLQ,4
var,185,FSLTLTNLT,5
var,185,FSLTLTNLD,5
var,185,FSLTLTNVQ,5
var,185,FSLTLTNVT,6
var,185,FSLTLTNVD,5
var,185,FSLTLTNMQ,5
var,185,FSLTLTNMT,5
var,185,FSLTLTNMD,6
var,185,FVFKMNSLQ,4
var,185,FVFKMNSLT,4
var,185,FVFKMNSLD,4
var,185,FVFKMNSVQ,4
var,185,FVFKMNSVT,5
var,185,FVFKMNSVD,4
var,185,FVFKMNSMQ,3
var,185,FVFKMNSMT,4
var,185,FVFKMNSMD,4
var,185,FVFKMNNLQ,4
var,185,FVFKMNNLT,4
var,185,FVFKMNNLD,4
var,185,FVFKMNNVQ,3
var,185,FVFKMNNVT,4
var,185,FVFKMNNVD,4
var,185,FVFKMNNMQ,4
var,185,FVFKMNNMT,4
var,185,FVFKMNNMD,5
var,185,FVFKMSSLQ,4
var,185,FVFKMSSLT,5
var,185,FVFKMSSLD,4
var,185,FVFKMSSVQ,5
var,185,FVFKMSSVT,6
var,185,FVFKMSSVD,5
var,185,FVFKMSSMQ,4
var,185,FVFKMSSMT,5
var,185,FVFKMSSMD,4
var,185,FVFKMSNLQ,4
var,185,FVFKMSNLT,4
var,185,FVFKMSNLD,4
var,185,FVFKMSNVQ,4
var,185,FVFKMSNVT,5
var,185,FVFKMSNVD,4
var,185,FVFKMSNMQ,4
var,185,FVFKMSNMT,4
var,185,FVFKMSNMD,5
var,185,FVFKMTSLQ,3
var,185,FVFKMTSLT,4
var,185,FVFKMTSLD,4
var,185,FVFKMTSVQ,4
var,185,FVFKMTSVT,5
var,185,FVFKMTSVD,4
var,185,FVFKMTSMQ,4
var,185,FVFKMTSMT,4
var,185,FVFKMTSMD,5
var,185,FVFKMTNLQ,4
var,185,FVFKMTNLT,4
var,185,FVFKMTNLD,5
var,185,FVFKMTNVQ,4
var,185,FVFKMTNVT,4
var,185,FVFKMTNVD,5
var,185,FVFKMTNMQ,5
var,185,FVFKMTNMT,5
var,185,FVFKMTNMD,6
var,185,FVFKLNSLQ,4
var,185,FVFKLNSLT,5
var,185,FVFKLNSLD,4
var,185,FVFKLNSVQ,5
var,185,FVFKLNSVT,6
var,185,FVFKLNSVD,5
var,185,FVFKLNSMQ,4
var,185,FVFKLNSMT,5
var,185,FVFKLNSMD,4
var,185,FVFKLNNLQ,3
var,185,FVFKLNNLT,4
var,185,FVFKLNNLD,3
var,185,FVFKLNNVQ,4
var,185,FVFKLNNVT,5
var,185,FVFKLNNVD,4
var,185,FVFKLNNMQ,3
var,185,FVFKLNNMT,4
var,185,FVFKLNNMD,4
var,185,FVFKLSSLQ,5
var,185,FVFKLSSLT,6
var,185,FVFKLSSLD,5
var,185,FVFKLSSVQ,6
var,185,FVFKLSSVT,7
var,185,FVFKLSSVD,6
var,185,FVFKLSSMQ,5
var,185,FVFKLSSMT,6
var,185,FVFKLSSMD,5
var,185,FVFKLSNLQ,4
var,185,FVFKLSNLT,5
var,185,FVFKLSNLD,4
var,185,FVFKLSNVQ,5
var,185,FVFKLSNVT,6
var,185,FVFKLSNVD,5
var,185,FVFKLSNMQ,4
var,185,FVFKLSNMT,5
var,185,FVFKLSNMD,4
var,185,FVFKLTSLQ,4
var,185,FVFKLTSLT,5
var,185,FVFKLTSLD,4
var,185,FVFKLTSVQ,5
var,185,FVFKLTSVT,6
var,185,FVFKLTSVD,5
var,185,FVFKLTSMQ,4
var,185,FVFKLTSMT,5
var,185,FVFKLTSMD,4
var,185,FVFKLTNLQ,3
var,185,FVFKLTNLT,4
var,185,FVFKLTNLD,4
var,185,FVFKLTNVQ,4
var,185,FVFKLTNVT,5
var,185,FVFKLTNVD,4
var,185,FVFKLTNMQ,4
var,185,FVFKLTNMT,4
var,185,FVFKLTNMD,5
var,185,FVFTMNSLQ,4
var,185,FVFTMNSLT,4
var,185,FVFTMNSLD,4
var,185,FVFTMNSVQ,4
var,185,FVFTMNSVT,5
var,185,FVFTMNSVD,4
var,185,FVFTMNSMQ,4
var,185,FVFTMNSMT,4
var,185,FVFTMNSMD,5
var,185,FVFTMNNLQ,4
var,185,FVFTMNNLT,4
var,185,FVFTMNNLD,5
var,185,FVFTMNNVQ,4
var,185,FVFTMNNVT,4
var,185,FVFTMNNVD,5
var,185,FVFTMNNMQ,5
var,185,FVFTMNNMT,5
var,185,FVFTMNNMD,6
var,185,FVFTMSSLQ,4
var,185,FVFTMSSLT,4
var,185,FVFTMSSLD,4
var,185,FVFTMSSVQ,4
var,185,FVFTMSSVT,5
var,185,FVFTMSSVD,4
var,185,FVFTMSSMQ,4
var,185,FVFTMSSMT,4
var,185,FVFTMSSMD,5
var,185,FVFTMSNLQ,4
var,185,FVFTMSNLT,4
var,185,FVFTMSNLD,5
var,185,FVFTMSNVQ,4
var,185,FVFTMSNVT,4
var,185,FVFTMSNVD,5
var,185,FVFTMSNMQ,5
var,185,FVFTMSNMT,5
var,185,FVFTMSNMD,6
var,185,FVFTMTSLQ,4
var,185,FVFTMTSLT,4
var,185,FVFTMTSLD,5
var,185,FVFTMTSVQ,4
var,185,FVFTMTSVT,4
var,185,FVFTMTSVD,5
var,185,FVFTMTSMQ,5
var,185,FVFTMTSMT,5
var,185,FVFTMTSMD,6
var,185,FVFTMTNLQ,5
var,185,FVFTMTNLT,5
var,185,FVFTMTNLD,6
var,185,FVFTMTNVQ,5
var,185,FVFTMTNVT,5
var,185,FVFTMTNVD,6
var,185,FVFTMTNMQ,6
var,185,FVFTMTNMT,6
var,185,FVFTMTNMD,7
var,185,FVFTLNSLQ,4
var,185,FVFTLNSLT,5
var,185,FVFTLNSLD,4
var,185,FVFTLNSVQ,5
var,185,FVFTLNSVT,6
var,185,FVFTLNSVD,5
var,185,FVFTLNSMQ,4
var,185,FVFTLNSMT,5
var,185,FVFTLNSMD,4
var,185,FVFTLNNLQ,3
var,185,FVFTLNNLT,4
var,185,FVFTLNNLD,4
var,185,FVFTLNNVQ,4
var,185,FVFTLNNVT,5
var,185,FVFTLNNVD,4
var,185,FVFTLNNMQ,4
var,185,FVFTLNNMT,4
var,185,FVFTLNNMD,5
var,185,FVFTLSSLQ,4
var,185,FVFTLSSLT,5
var,185,FVFTLSSLD,4
var,185,FVFTLSSVQ,5
var,185,FVFTLSSVT,6
var,185,FVFTLSSVD,5
var,185,FVFTLSSMQ,4
var,185,FVFTLSSMT,5
var,185,FVFTLSSMD,4
var,185,FVFTLSNLQ,3
var,185,FVFTLSNLT,4
var,185,FVFTLSNLD,4
var,185,FVFTLSNVQ,4
var,185,FVFTLSNVT,5
var,185,FVFTLSNVD,4
var,185,FVFTLSNMQ,4
var,185,FVFTLSNMT,4
var,185,FVFTLSNMD,5
var,185,FVFTLTSLQ,3
var,185,FVFTLTSLT,4
var,185,FVFTLTSLD,4
var,185,FVFTLTSVQ,4
var,185,FVFTLTSVT,5
var,185,FVFTLTSVD,4
var,185,FVFTLTSMQ,4
var,185,FVFTLTSMT,4
var,185,FVFTLTSMD,5
var,185,FVFTLTNLQ,4
var,185,FVFTLTNLT,4
var,185,FVFTLTNLD,5
var,185,FVFTLTNVQ,4
var,185,FVFTLTNVT,4
var,185,FVFTLTNVD,5
var,185,FVFTLTNMQ,5
var,185,FVFTLTNMT,5
var,185,FVFTLTNMD,6
var,185,FVLKMNSLQ,5
var,185,FVLKMNSLT,5
var,185,FVLKMNSLD,5
var,185,FVLKMNSVQ,5
var,185,FVLKMNSVT,6
var,185,FVLKMNSVD,5
var,185,FVLKMNSMQ,4
var,185,FVLKMNSMT,5
var,185,FVLKMNSMD,5
var,185,FVLKMNNLQ,5
var,185,FVLKMNNLT,5
var,185,FVLKMNNLD,5
var,185,FVLKMNNVQ,4
var,185,FVLKMNNVT,5
var,185,FVLKMNNVD,5
var,185,FVLKMNNMQ,5
var,185,FVLKMNNMT,5
var,185,FVLKMNNMD,6
var,185,FVLKMSSLQ,5
var,185,FVLKMSSLT,6
var,185,FVLKMSSLD,5
var,185,FVLKMSSVQ,6
var,185,FVLKMSSVT,7
var,185,FVLKMSSVD,6
var,185,FVLKMSSMQ,5
var,185,FVLKMSSMT,6
var,185,FVLKMSSMD,5
var,185,FVLKMSNLQ,5
var,185,FVLKMSNLT,5
var,185,FVLKMSNLD,5
var,185,FVLKMSNVQ,5
var,185,FVLKMSNVT,6
var,185,FVLKMSNVD,5
var,185,FVLKMSNMQ,5
var,185,FVLKMSNMT,5
var,185,FVLKMSNMD,6
var,185,FVLKMTSLQ,4
var,185,FVLKMTSLT,5
var,185,FVLKMTSLD,5
var,185,FVLKMTSVQ,5
var,185,FVLKMTSVT,6
var,185,FVLKMTSVD,5
var,185,FVLKMTSMQ,5
var,185,FVLKMTSMT,5
var,185,FVLKMTSMD,6
var,185,FVLKMTNLQ,5
var,185,FVLKMTNLT,5
var,185,FVLKMTNLD,6
var,185,FVLKMTNVQ,5
var,185,FVLKMTNVT,5
var,185,FVLKMTNVD,6
var,185,FVLKMTNMQ,6
var,185,FVLKMTNMT,6
var,185,FVLKMTNMD,7
var,185,FVLKLNSLQ,5
var,185,FVLKLNSLT,6
var,185,FVLKLNSLD,5
var,185,FVLKLNSVQ,6
var,185,FVLKLNSVT,7
var,185,FVLKLNSVD,6
var,185,FVLKLNSMQ,5
var,185,FVLKLNSMT,6
var,185,FVLKLNSMD,5
var,185,FVLKLNNLQ,4
var,185,FVLKLNNLT,5
var,185,FVLKLNNLD,4
var,185,FVLKLNNVQ,5
var,185,FVLKLNNVT,6
var,185,FVLKLNNVD,5
var,185,FVLKLNNMQ,4
var,185,FVLKLNNMT,5
var,185,FVLKLNNMD,5
var,185,FVLKLSSLQ,6
var,185,FVLKLSSLT,7
var,185,FVLKLSSLD,6
var,185,FVLKLSSVQ,7
var,185,FVLKLSSVT,8
var,185,FVLKLSSVD,7
var,185,FVLKLSSMQ,6
var,185,FVLKLSSMT,7
var,185,FVLKLSSMD,6
var,185,FVLKLSNLQ,5
var,185,FVLKLSNLT,6
var,185,FVLKLSNLD,5
var,185,FVLKLSNVQ,6
var,185,FVLKLSNVT,7
var,185,FVLKLSNVD,6
var,185,FVLKLSNMQ,5
var,185,FVLKLSNMT,6
var,185,FVLKLSNMD,5
var,185,FVLKLTSLQ,5
var,185,FVLKLTSLT,6
var,185,FVLKLTSLD,5
var,185,FVLKLTSVQ,6
var,185,FVLKLTSVT,7
var,185,FVLKLTSVD,6
var,185,FVLKLTSMQ,5
var,185,FVLKLTSMT,6
var,185,FVLKLTSMD,5
var,185,FVLKLTNLQ,4
var,185,FVLKLTNLT,5
var,185,FVLKLTNLD,5
var,185,FVLKLTNVQ,5
var,185,FVLKLTNVT,6
var,185,FVLKLTNVD,5
var,185,FVLKLTNMQ,5
var,185,FVLKLTNMT,5
var,185,FVLKLTNMD,6
var,185,FVLTMNSLQ,5
var,185,FVLTMNSLT,5
var,185,FVLTMNSLD,5
var,185,FVLTMNSVQ,5
var,185,FVLTMNSVT,6
var,185,FVLTMNSVD,5
var,185,FVLTMNSMQ,5
var,185,FVLTMNSMT,5
var,185,FVLTMNSMD,6
var,185,FVLTMNNLQ,5
var,185,FVLTMNNLT,5
var,185,FVLTMNNLD,6
var,185,FVLTMNNVQ,5
var,185,FVLTMNNVT,5
var,185,FVLTMNNVD,6
var,185,FVLTMNNMQ,6
var,185,FVLTMNNMT,6
var,185,FVLTMNNMD,7
var,185,FVLTMSSLQ,5
var,185,FVLTMSSLT,5
var,185,FVLTMSSLD,5
var,185,FVLTMSSVQ,5
var,185,FVLTMSSVT,6
var,185,FVLTMSSVD,5
var,185,FVLTMSSMQ,5
var,185,FVLTMSSMT,5
var,185,FVLTMSSMD,6
var,185,FVLTMSNLQ,5
var,185,FVLTMSNLT,5
var,185,FVLTMSNLD,6
var,185,FVLTMSNVQ,5
var,185,FVLTMSNVT,5
var,185,FVLTMSNVD,6
var,185,FVLTMSNMQ,6
var,185,FVLTMSNMT,6
var,185,FVLTMSNMD,7
var,185,FVLTMTSLQ,5
var,185,FVLTMTSLT,5
var,185,FVLTMTSLD,6
var,185,FVLTMTSVQ,5
var,185,FVLTMTSVT,5
var,185,FVLTMTSVD,6
var,185,FVLTMTSMQ,6
var,185,FVLTMTSMT,6
var,185,FVLTMTSMD,7
var,185,FVLTMTNLQ,6
var,185,FVLTMTNLT,6
var,185,FVLTMTNLD,7
var,185,FVLTMTNVQ,6
var,185,FVLTMTNVT,6
var,185,FVLTMTNVD,7
var,185,FVLTMTNMQ,7
var,185,FVLTMTNMT,7
var,185,FVLTMTNMD,8
var,185,FVLTLNSLQ,5
var,185,FVLTLNSLT,6
var,185,FVLTLNSLD,5
var,185,FVLTLNSVQ,6
var,185,FVLTLNSVT,7
var,185,FVLTLNSVD,6
var,185,FVLTLNSMQ,5
var,185,FVLTLNSMT,6
var,185,FVLTLNSMD,5
var,185,FVLTLNNLQ,4
var,185,FVLTLNNLT,5
var,185,FVLTLNNLD,5
var,185,FVLTLNNVQ,5
var,185,FVLTLNNVT,6
var,185,FVLTLNNVD,5
var,185,FVLTLNNMQ,5
var,185,FVLTLNNMT,5
var,185,FVLTLNNMD,6
var,185,FVLTLSSLQ,5
var,185,FVLTLSSLT,6
var,185,FVLTLSSLD,5
var,185,FVLTLSSVQ,6
var,185,FVLTLSSVT,7
var,185,FVLTLSSVD,6
var,185,FVLTLSSMQ,5
var,185,FVLTLSSMT,6
var,185,FVLTLSSMD,5
var,185,FVLTLSNLQ,4
var,185,FVLTLSNLT,5
var,185,FVLTLSNLD,5
var,185,FVLTLSNVQ,5
var,185,FVLTLSNVT,6
var,185,FVLTLSNVD,5
var,185,FVLTLSNMQ,5
var,185,FVLTLSNMT,5
var,185,FVLTLSNMD,6
var,185,FVLTLTSLQ,4
var,185,FVLTLTSLT,5
var,185,FVLTLTSLD,5
var,185,FVLTLTSVQ,5
var,185,FVLTLTSVT,6
var,185,FVLTLTSVD,5
var,185,FVLTLTSMQ,5
var,185,FVLTLTSMT,5
var,185,FVLTLTSMD,6
var,185,FVLTLTNLQ,5
var,185,FVLTLTNLT,5
var,185,FVLTLTNLD,6
var,185,FVLTLTNVQ,5
var,185,FVLTLTNVT,5
var,185,FVLTLTNVD,6
var,185,FVLTLTNMQ,6
var,185,FVLTLTNMT,6
var,185,FVLTLTNMD,7
wt,186,FFKMNSLQS,5
var,186,FFKMNSLQA,6
var,186,FFKMNSLQP,5
var,186,FFKMNSLTS,5
var,186,FFKMNSLTA,6
var,186,FFKMNSLTP,5
var,186,FFKMNSLDS,5
var,186,FFKMNSLDA,6
var,186,FFKMNSLDP,5
var,186,FFKMNSVQS,4
var,186,FFKMNSVQA,5
var,186,FFKMNSVQP,4
var,186,FFKMNSVTS,4
var,186,FFKMNSVTA,5
var,186,FFKMNSVTP,5
var,186,FFKMNSVDS,4
var,186,FFKMNSVDA,5
var,186,FFKMNSVDP,4
var,186,FFKMNSMQS,4
var,186,FFKMNSMQA,5
var,186,FFKMNSMQP,4
var,186,FFKMNSMTS,4
var,186,FFKMNSMTA,5
var,186,FFKMNSMTP,4
var,186,FFKMNSMDS,4
var,186,FFKMNSMDA,5
var,186,FFKMNSMDP,4
var,186,FFKMNNLQS,4
var,186,FFKMNNLQA,5
var,186,FFKMNNLQP,4
var,186,FFKMNNLTS,4
var,186,FFKMNNLTA,5
var,186,FFKMNNLTP,4
var,186,FFKMNNLDS,4
var,186,FFKMNNLDA,5
var,186,FFKMNNLDP,4
var,186,FFKMNNVQS,3
var,186,FFKMNNVQA,4
var,186,FFKMNNVQP,3
var,186,FFKMNNVTS,3
var,186,FFKMNNVTA,4
var,186,FFKMNNVTP,4
var,186,FFKMNNVDS,3
var,186,FFKMNNVDA,4
var,186,FFKMNNVDP,4
var,186,FFKMNNMQS,3
var,186,FFKMNNMQA,4
var,186,FFKMNNMQP,4
var,186,FFKMNNMTS,3
var,186,FFKMNNMTA,4
var,186,FFKMNNMTP,4
var,186,FFKMNNMDS,4
var,186,FFKMNNMDA,4
var,186,FFKMNNMDP,5
var,186,FFKMSSLQS,4
var,186,FFKMSSLQA,5
var,186,FFKMSSLQP,4
var,186,FFKMSSLTS,5
var,186,FFKMSSLTA,5
var,186,FFKMSSLTP,4
var,186,FFKMSSLDS,4
var,186,FFKMSSLDA,5
var,186,FFKMSSLDP,4
var,186,FFKMSSVQS,4
var,186,FFKMSSVQA,5
var,186,FFKMSSVQP,4
var,186,FFKMSSVTS,5
var,186,FFKMSSVTA,6
var,186,FFKMSSVTP,5
var,186,FFKMSSVDS,4
var,186,FFKMSSVDA,5
var,186,FFKMSSVDP,4
var,186,FFKMSSMQS,3
var,186,FFKMSSMQA,4
var,186,FFKMSSMQP,3
var,186,FFKMSSMTS,4
var,186,FFKMSSMTA,5
var,186,FFKMSSMTP,4
var,186,FFKMSSMDS,3
var,186,FFKMSSMDA,4
var,186,FFKMSSMDP,4
var,186,FFKMSNLQS,4
var,186,FFKMSNLQA,4
var,186,FFKMSNLQP,4
var,186,FFKMSNLTS,4
var,186,FFKMSNLTA,4
var,186,FFKMSNLTP,4
var,186,FFKMSNLDS,4
var,186,FFKMSNLDA,4
var,186,FFKMSNLDP,4
var,186,FFKMSNVQS,3
var,186,FFKMSNVQA,4
var,186,FFKMSNVQP,3
var,186,FFKMSNVTS,4
var,186,FFKMSNVTA,5
var,186,FFKMSNVTP,4
var,186,FFKMSNVDS,3
var,186,FFKMSNVDA,4
var,186,FFKMSNVDP,4
var,186,FFKMSNMQS,3
var,186,FFKMSNMQA,3
var,186,FFKMSNMQP,4
var,186,FFKMSNMTS,3
var,186,FFKMSNMTA,4
var,186,FFKMSNMTP,4
var,186,FFKMSNMDS,4
var,186,FFKMSNMDA,4
var,186,FFKMSNMDP,5
var,186,FFKMTSLQS,4
var,186,FFKMTSLQA,5
var,186,FFKMTSLQP,4
var,186,FFKMTSLTS,4
var,186,FFKMTSLTA,5
var,186,FFKMTSLTP,4
var,186,FFKMTSLDS,4
var,186,FFKMTSLDA,5
var,186,FFKMTSLDP,4
var,186,FFKMTSVQS,3
var,186,FFKMTSVQA,4
var,186,FFKMTSVQP,3
var,186,FFKMTSVTS,4
var,186,FFKMTSVTA,5
var,186,FFKMTSVTP,4
var,186,FFKMTSVDS,3
var,186,FFKMTSVDA,4
var,186,FFKMTSVDP,4
var,186,FFKMTSMQS,3
var,186,FFKMTSMQA,4
var,186,FFKMTSMQP,4
var,186,FFKMTSMTS,3
var,186,FFKMTSMTA,4
var,186,FFKMTSMTP,4
var,186,FFKMTSMDS,4
var,186,FFKMTSMDA,4
var,186,FFKMTSMDP,5
var,186,FFKMTNLQS,3
var,186,FFKMTNLQA,4
var,186,FFKMTNLQP,4
var,186,FFKMTNLTS,3
var,186,FFKMTNLTA,4
var,186,FFKMTNLTP,4
var,186,FFKMTNLDS,4
var,186,FFKMTNLDA,4
var,186,FFKMTNLDP,5
var,186,FFKMTNVQS,3
var,186,FFKMTNVQA,3
var,186,FFKMTNVQP,4
var,186,FFKMTNVTS,3
var,186,FFKMTNVTA,4
var,186,FFKMTNVTP,4
var,186,FFKMTNVDS,4
var,186,FFKMTNVDA,4
var,186,FFKMTNVDP,5
var,186,FFKMTNMQS,4
var,186,FFKMTNMQA,4
var,186,FFKMTNMQP,5
var,186,FFKMTNMTS,4
var,186,FFKMTNMTA,4
var,186,FFKMTNMTP,5
var,186,FFKMTNMDS,5
var,186,FFKMTNMDA,5
var,186,FFKMTNMDP,6
var,186,FFKLNSLQS,4
var,186,FFKLNSLQA,5
var,186,FFKLNSLQP,4
var,186,FFKLNSLTS,5
var,186,FFKLNSLTA,5
var,186,FFKLNSLTP,5
var,186,FFKLNSLDS,4
var,186,FFKLNSLDA,5
var,186,FFKLNSLDP,4
var,186,FFKLNSVQS,4
var,186,FFKLNSVQA,5
var,186,FFKLNSVQP,5
var,186,FFKLNSVTS,5
var,186,FFKLNSVTA,6
var,186,FFKLNSVTP,6
var,186,FFKLNSVDS,4
var,186,FFKLNSVDA,5
var,186,FFKLNSVDP,5
var,186,FFKLNSMQS,3
var,186,FFKLNSMQA,4
var,186,FFKLNSMQP,4
var,186,FFKLNSMTS,4
var,186,FFKLNSMTA,5
var,186,FFKLNSMTP,5
var,186,FFKLNSMDS,3
var,186,FFKLNSMDA,4
var,186,FFKLNSMDP,4
var,186,FFKLNNLQS,3
var,186,FFKLNNLQA,4
var,186,FFKLNNLQP,3
var,186,FFKLNNLTS,4
var,186,FFKLNNLTA,4
var,186,FFKLNNLTP,4
var,186,FFKLNNLDS,3
var,186,FFKLNNLDA,4
var,186,FFKLNNLDP,3
var,186,FFKLNNVQS,3
var,186,FFKLNNVQA,4
var,186,FFKLNNVQP,4
var,186,FFKLNNVTS,4
var,186,FFKLNNVTA,5
var,186,FFKLNNVTP,5
var,186,FFKLNNVDS,3
var,186,FFKLNNVDA,4
var,186,FFKLNNVDP,4
var,186,FFKLNNMQS,2
var,186,FFKLNNMQA,3
var,186,FFKLNNMQP,3
var,186,FFKLNNMTS,3
var,186,FFKLNNMTA,4
var,186,FFKLNNMTP,4
var,186,FFKLNNMDS,3
var,186,FFKLNNMDA,3
var,186,FFKLNNMDP,4
var,186,FFKLSSLQS,5
var,186,FFKLSSLQA,5
var,186,FFKLSSLQP,4
var,186,FFKLSSLTS,6
var,186,FFKLSSLTA,6
var,186,FFKLSSLTP,5
var,186,FFKLSSLDS,5
var,186,FFKLSSLDA,5
var,186,FFKLSSLDP,4
var,186,FFKLSSVQS,5
var,186,FFKLSSVQA,6
var,186,FFKLSSVQP,5
var,186,FFKLSSVTS,6
var,186,FFKLSSVTA,7
var,186,FFKLSSVTP,6
var,186,FFKLSSVDS,5
var,186,FFKLSSVDA,6
var,186,FFKLSSVDP,5
var,186,FFKLSSMQS,4
var,186,FFKLSSMQA,5
var,186,FFKLSSMQP,4
var,186,FFKLSSMTS,5
var,186,FFKLSSMTA,6
var,186,FFKLSSMTP,5
var,186,FFKLSSMDS,4
var,186,FFKLSSMDA,5
var,186,FFKLSSMDP,4
var,186,FFKLSNLQS,4
var,186,FFKLSNLQA,4
var,186,FFKLSNLQP,3
var,186,FFKLSNLTS,5
var,186,FFKLSNLTA,5
var,186,FFKLSNLTP,4
var,186,FFKLSNLDS,4
var,186,FFKLSNLDA,4
var,186,FFKLSNLDP,3
var,186,FFKLSNVQS,4
var,186,FFKLSNVQA,5
var,186,FFKLSNVQP,4
var,186,FFKLSNVTS,5
var,186,FFKLSNVTA,6
var,186,FFKLSNVTP,5
var,186,FFKLSNVDS,4
var,186,FFKLSNVDA,5
var,186,FFKLSNVDP,4
var,186,FFKLSNMQS,3
var,186,FFKLSNMQA,4
var,186,FFKLSNMQP,3
var,186,FFKLSNMTS,4
var,186,FFKLSNMTA,5
var,186,FFKLSNMTP,4
var,186,FFKLSNMDS,3
var,186,FFKLSNMDA,4
var,186,FFKLSNMDP,4
var,186,FFKLTSLQS,4
var,186,FFKLTSLQA,4
var,186,FFKLTSLQP,3
var,186,FFKLTSLTS,5
var,186,FFKLTSLTA,5
var,186,FFKLTSLTP,4
var,186,FFKLTSLDS,4
var,186,FFKLTSLDA,4
var,186,FFKLTSLDP,3
var,186,FFKLTSVQS,4
var,186,FFKLTSVQA,5
var,186,FFKLTSVQP,4
var,186,FFKLTSVTS,5
var,186,FFKLTSVTA,6
var,186,FFKLTSVTP,5
var,186,FFKLTSVDS,4
var,186,FFKLTSVDA,5
var,186,FFKLTSVDP,4
var,186,FFKLTSMQS,3
var,186,FFKLTSMQA,4
var,186,FFKLTSMQP,3
var,186,FFKLTSMTS,4
var,186,FFKLTSMTA,5
var,186,FFKLTSMTP,4
var,186,FFKLTSMDS,3
var,186,FFKLTSMDA,4
var,186,FFKLTSMDP,4
var,186,FFKLTNLQS,3
var,186,FFKLTNLQA,3
var,186,FFKLTNLQP,3
var,186,FFKLTNLTS,4
var,186,FFKLTNLTA,4
var,186,FFKLTNLTP,3
var,186,FFKLTNLDS,3
var,186,FFKLTNLDA,3
var,186,FFKLTNLDP,4
var,186,FFKLTNVQS,3
var,186,FFKLTNVQA,4
var,186,FFKLTNVQP,3
var,186,FFKLTNVTS,4
var,186,FFKLTNVTA,5
var,186,FFKLTNVTP,4
var,186,FFKLTNVDS,3
var,186,FFKLTNVDA,4
var,186,FFKLTNVDP,4
var,186,FFKLTNMQS,3
var,186,FFKLTNMQA,3
var,186,FFKLTNMQP,4
var,186,FFKLTNMTS,3
var,186,FFKLTNMTA,4
var,186,FFKLTNMTP,4
var,186,FFKLTNMDS,4
var,186,FFKLTNMDA,4
var,186,FFKLTNMDP,5
var,186,FFTMNSLQS,5
var,186,FFTMNSLQA,6
var,186,FFTMNSLQP,5
var,186,FFTMNSLTS,5
var,186,FFTMNSLTA,6
var,186,FFTMNSLTP,5
var,186,FFTMNSLDS,5
var,186,FFTMNSLDA,6
var,186,FFTMNSLDP,5
var,186,FFTMNSVQS,4
var,186,FFTMNSVQA,5
var,186,FFTMNSVQP,4
var,186,FFTMNSVTS,4
var,186,FFTMNSVTA,5
var,186,FFTMNSVTP,5
var,186,FFTMNSVDS,4
var,186,FFTMNSVDA,5
var,186,FFTMNSVDP,4
var,186,FFTMNSMQS,4
var,186,FFTMNSMQA,5
var,186,FFTMNSMQP,4
var,186,FFTMNSMTS,4
var,186,FFTMNSMTA,5
var,186,FFTMNSMTP,4
var,186,FFTMNSMDS,4
var,186,FFTMNSMDA,5
var,186,FFTMNSMDP,5
var,186,FFTMNNLQS,4
var,186,FFTMNNLQA,5
var,186,FFTMNNLQP,4
var,186,FFTMNNLTS,4
var,186,FFTMNNLTA,5
var,186,FFTMNNLTP,4
var,186,FFTMNNLDS,4
var,186,FFTMNNLDA,5
var,186,FFTMNNLDP,5
var,186,FFTMNNVQS,3
var,186,FFTMNNVQA,4
var,186,FFTMNNVQP,4
var,186,FFTMNNVTS,3
var,186,FFTMNNVTA,4
var,186,FFTMNNVTP,4
var,186,FFTMNNVDS,4
var,186,FFTMNNVDA,4
var,186,FFTMNNVDP,5
var,186,FFTMNNMQS,4
var,186,FFTMNNMQA,4
var,186,FFTMNNMQP,5
var,186,FFTMNNMTS,4
var,186,FFTMNNMTA,4
var,186,FFTMNNMTP,5
var,186,FFTMNNMDS,5
var,186,FFTMNNMDA,5
var,186,FFTMNNMDP,6
var,186,FFTMSSLQS,4
var,186,FFTMSSLQA,5
var,186,FFTMSSLQP,4
var,186,FFTMSSLTS,5
var,186,FFTMSSLTA,5
var,186,FFTMSSLTP,4
var,186,FFTMSSLDS,4
var,186,FFTMSSLDA,5
var,186,FFTMSSLDP,4
var,186,FFTMSSVQS,3
var,186,FFTMSSVQA,4
var,186,FFTMSSVQP,3
var,186,FFTMSSVTS,4
var,186,FFTMSSVTA,5
var,186,FFTMSSVTP,4
var,186,FFTMSSVDS,3
var,186,FFTMSSVDA,4
var,186,FFTMSSVDP,4
var,186,FFTMSSMQS,3
var,186,FFTMSSMQA,4
var,186,FFTMSSMQP,4
var,186,FFTMSSMTS,4
var,186,FFTMSSMTA,4
var,186,FFTMSSMTP,4
var,186,FFTMSSMDS,4
var,186,FFTMSSMDA,4
var,186,FFTMSSMDP,5
var,186,FFTMSNLQS,4
var,186,FFTMSNLQA,4
var,186,FFTMSNLQP,4
var,186,FFTMSNLTS,4
var,186,FFTMSNLTA,4
var,186,FFTMSNLTP,4
var,186,FFTMSNLDS,4
var,186,FFTMSNLDA,4
var,186,FFTMSNLDP,5
var,186,FFTMSNVQS,3
var,186,FFTMSNVQA,3
var,186,FFTMSNVQP,4
var,186,FFTMSNVTS,3
var,186,FFTMSNVTA,4
var,186,FFTMSNVTP,4
var,186,FFTMSNVDS,4
var,186,FFTMSNVDA,4
var,186,FFTMSNVDP,5
var,186,FFTMSNMQS,4
var,186,FFTMSNMQA,4
var,186,FFTMSNMQP,5
var,186,FFTMSNMTS,4
var,186,FFTMSNMTA,4
var,186,FFTMSNMTP,5
var,186,FFTMSNMDS,5
var,186,FFTMSNMDA,5
var,186,FFTMSNMDP,6
var,186,FFTMTSLQS,4
var,186,FFTMTSLQA,5
var,186,FFTMTSLQP,4
var,186,FFTMTSLTS,4
var,186,FFTMTSLTA,5
var,186,FFTMTSLTP,4
var,186,FFTMTSLDS,4
var,186,FFTMTSLDA,5
var,186,FFTMTSLDP,5
var,186,FFTMTSVQS,3
var,186,FFTMTSVQA,4
var,186,FFTMTSVQP,4
var,186,FFTMTSVTS,3
var,186,FFTMTSVTA,4
var,186,FFTMTSVTP,4
var,186,FFTMTSVDS,4
var,186,FFTMTSVDA,4
var,186,FFTMTSVDP,5
var,186,FFTMTSMQS,4
var,186,FFTMTSMQA,4
var,186,FFTMTSMQP,5
var,186,FFTMTSMTS,4
var,186,FFTMTSMTA,4
var,186,FFTMTSMTP,5
var,186,FFTMTSMDS,5
var,186,FFTMTSMDA,5
var,186,FFTMTSMDP,6
var,186,FFTMTNLQS,4
var,186,FFTMTNLQA,4
var,186,FFTMTNLQP,5
var,186,FFTMTNLTS,4
var,186,FFTMTNLTA,4
var,186,FFTMTNLTP,5
var,186,FFTMTNLDS,5
var,186,FFTMTNLDA,5
var,186,FFTMTNLDP,6
var,186,FFTMTNVQS,4
var,186,FFTMTNVQA,4
var,186,FFTMTNVQP,5
var,186,FFTMTNVTS,4
var,186,FFTMTNVTA,4
var,186,FFTMTNVTP,5
var,186,FFTMTNVDS,5
var,186,FFTMTNVDA,5
var,186,FFTMTNVDP,6
var,186,FFTMTNMQS,5
var,186,FFTMTNMQA,5
var,186,FFTMTNMQP,6
var,186,FFTMTNMTS,5
var,186,FFTMTNMTA,5
var,186,FFTMTNMTP,6
var,186,FFTMTNMDS,6
var,186,FFTMTNMDA,6
var,186,FFTMTNMDP,7
var,186,FFTLNSLQS,4
var,186,FFTLNSLQA,5
var,186,FFTLNSLQP,4
var,186,FFTLNSLTS,5
var,186,FFTLNSLTA,5
var,186,FFTLNSLTP,5
var,186,FFTLNSLDS,4
var,186,FFTLNSLDA,5
var,186,FFTLNSLDP,4
var,186,FFTLNSVQS,4
var,186,FFTLNSVQA,4
var,186,FFTLNSVQP,5
var,186,FFTLNSVTS,5
var,186,FFTLNSVTA,5
var,186,FFTLNSVTP,6
var,186,FFTLNSVDS,4
var,186,FFTLNSVDA,4
var,186,FFTLNSVDP,5
var,186,FFTLNSMQS,3
var,186,FFTLNSMQA,4
var,186,FFTLNSMQP,4
var,186,FFTLNSMTS,4
var,186,FFTLNSMTA,4
var,186,FFTLNSMTP,5
var,186,FFTLNSMDS,3
var,186,FFTLNSMDA,4
var,186,FFTLNSMDP,4
var,186,FFTLNNLQS,3
var,186,FFTLNNLQA,4
var,186,FFTLNNLQP,3
var,186,FFTLNNLTS,4
var,186,FFTLNNLTA,4
var,186,FFTLNNLTP,4
var,186,FFTLNNLDS,3
var,186,FFTLNNLDA,4
var,186,FFTLNNLDP,4
var,186,FFTLNNVQS,3
var,186,FFTLNNVQA,3
var,186,FFTLNNVQP,4
var,186,FFTLNNVTS,4
var,186,FFTLNNVTA,4
var,186,FFTLNNVTP,5
var,186,FFTLNNVDS,3
var,186,FFTLNNVDA,3
var,186,FFTLNNVDP,4
var,186,FFTLNNMQS,3
var,186,FFTLNNMQA,3
var,186,FFTLNNMQP,4
var,186,FFTLNNMTS,3
var,186,FFTLNNMTA,3
var,186,FFTLNNMTP,4
var,186,FFTLNNMDS,4
var,186,FFTLNNMDA,4
var,186,FFTLNNMDP,5
var,186,FFTLSSLQS,5
var,186,FFTLSSLQA,4
var,186,FFTLSSLQP,4
var,186,FFTLSSLTS,6
var,186,FFTLSSLTA,5
var,186,FFTLSSLTP,5
var,186,FFTLSSLDS,5
var,186,FFTLSSLDA,4
var,186,FFTLSSLDP,4
var,186,FFTLSSVQS,4
var,186,FFTLSSVQA,5
var,186,FFTLSSVQP,4
var,186,FFTLSSVTS,5
var,186,FFTLSSVTA,6
var,186,FFTLSSVTP,5
var,186,FFTLSSVDS,4
var,186,FFTLSSVDA,5
var,186,FFTLSSVDP,4
var,186,FFTLSSMQS,4
var,186,FFTLSSMQA,4
var,186,FFTLSSMQP,3
var,186,FFTLSSMTS,5
var,186,FFTLSSMTA,5
var,186,FFTLSSMTP,4
var,186,FFTLSSMDS,4
var,186,FFTLSSMDA,4
var,186,FFTLSSMDP,4
var,186,FFTLSNLQS,4
var,186,FFTLSNLQA,3
var,186,FFTLSNLQP,3
var,186,FFTLSNLTS,5
var,186,FFTLSNLTA,4
var,186,FFTLSNLTP,4
var,186,FFTLSNLDS,4
var,186,FFTLSNLDA,3
var,186,FFTLSNLDP,4
var,186,FFTLSNVQS,3
var,186,FFTLSNVQA,4
var,186,FFTLSNVQP,3
var,186,FFTLSNVTS,4
var,186,FFTLSNVTA,5
var,186,FFTLSNVTP,4
var,186,FFTLSNVDS,3
var,186,FFTLSNVDA,4
var,186,FFTLSNVDP,4
var,186,FFTLSNMQS,3
var,186,FFTLSNMQA,3
var,186,FFTLSNMQP,4
var,186,FFTLSNMTS,4
var,186,FFTLSNMTA,4
var,186,FFTLSNMTP,4
var,186,FFTLSNMDS,4
var,186,FFTLSNMDA,4
var,186,FFTLSNMDP,5
var,186,FFTLTSLQS,4
var,186,FFTLTSLQA,4
var,186,FFTLTSLQP,3
var,186,FFTLTSLTS,5
var,186,FFTLTSLTA,4
var,186,FFTLTSLTP,4
var,186,FFTLTSLDS,4
var,186,FFTLTSLDA,4
var,186,FFTLTSLDP,4
var,186,FFTLTSVQS,3
var,186,FFTLTSVQA,4
var,186,FFTLTSVQP,4
var,186,FFTLTSVTS,4
var,186,FFTLTSVTA,5
var,186,FFTLTSVTP,5
var,186,FFTLTSVDS,3
var,186,FFTLTSVDA,4
var,186,FFTLTSVDP,4
var,186,FFTLTSMQS,3
var,186,FFTLTSMQA,3
var,186,FFTLTSMQP,4
var,186,FFTLTSMTS,4
var,186,FFTLTSMTA,4
var,186,FFTLTSMTP,4
var,186,FFTLTSMDS,4
var,186,FFTLTSMDA,4
var,186,FFTLTSMDP,5
var,186,FFTLTNLQS,3
var,186,FFTLTNLQA,3
var,186,FFTLTNLQP,4
var,186,FFTLTNLTS,4
var,186,FFTLTNLTA,3
var,186,FFTLTNLTP,4
var,186,FFTLTNLDS,4
var,186,FFTLTNLDA,4
var,186,FFTLTNLDP,5
var,186,FFTLTNVQS,3
var,186,FFTLTNVQA,3
var,186,FFTLTNVQP,4
var,186,FFTLTNVTS,3
var,186,FFTLTNVTA,4
var,186,FFTLTNVTP,4
var,186,FFTLTNVDS,4
var,186,FFTLTNVDA,4
var,186,FFTLTNVDP,5
var,186,FFTLTNMQS,4
var,186,FFTLTNMQA,4
var,186,FFTLTNMQP,5
var,186,FFTLTNMTS,4
var,186,FFTLTNMTA,4
var,186,FFTLTNMTP,5
var,186,FFTLTNMDS,5
var,186,FFTLTNMDA,5
var,186,FFTLTNMDP,6
var,186,FLKMNSLQS,6
var,186,FLKMNSLQA,7
var,186,FLKMNSLQP,6
var,186,FLKMNSLTS,6
var,186,FLKMNSLTA,7
var,186,FLKMNSLTP,6
var,186,FLKMNSLDS,6
var,186,FLKMNSLDA,7
var,186,FLKMNSLDP,6
var,186,FLKMNSVQS,5
var,186,FLKMNSVQA,6
var,186,FLKMNSVQP,5
var,186,FLKMNSVTS,5
var,186,FLKMNSVTA,6
var,186,FLKMNSVTP,6
var,186,FLKMNSVDS,5
var,186,FLKMNSVDA,6
var,186,FLKMNSVDP,5
var,186,FLKMNSMQS,5
var,186,FLKMNSMQA,6
var,186,FLKMNSMQP,5
var,186,FLKMNSMTS,5
var,186,FLKMNSMTA,6
var,186,FLKMNSMTP,5
var,186,FLKMNSMDS,5
var,186,FLKMNSMDA,6
var,186,FLKMNSMDP,5
var,186,FLKMNNLQS,5
var,186,FLKMNNLQA,6
var,186,FLKMNNLQP,5
var,186,FLKMNNLTS,5
var,186,FLKMNNLTA,6
var,186,FLKMNNLTP,5
var,186,FLKMNNLDS,5
var,186,FLKMNNLDA,6
var,186,FLKMNNLDP,5
var,186,FLKMNNVQS,4
var,186,FLKMNNVQA,5
var,186,FLKMNNVQP,4
var,186,FLKMNNVTS,4
var,186,FLKMNNVTA,5
var,186,FLKMNNVTP,5
var,186,FLKMNNVDS,4
var,186,FLKMNNVDA,5
var,186,FLKMNNVDP,5
var,186,FLKMNNMQS,4
var,186,FLKMNNMQA,5
var,186,FLKMNNMQP,5
var,186,FLKMNNMTS,4
var,186,FLKMNNMTA,5
var,186,FLKMNNMTP,5
var,186,FLKMNNMDS,5
var,186,FLKMNNMDA,5
var,186,FLKMNNMDP,6
var,186,FLKMSSLQS,5
var,186,FLKMSSLQA,6
var,186,FLKMSSLQP,5
var,186,FLKMSSLTS,5
var,186,FLKMSSLTA,6
var,186,FLKMSSLTP,5
var,186,FLKMSSLDS,5
var,186,FLKMSSLDA,6
var,186,FLKMSSLDP,5
var,186,FLKMSSVQS,5
var,186,FLKMSSVQA,6
var,186,FLKMSSVQP,5
var,186,FLKMSSVTS,6
var,186,FLKMSSVTA,7
var,186,FLKMSSVTP,6
var,186,FLKMSSVDS,5
var,186,FLKMSSVDA,6
var,186,FLKMSSVDP,5
var,186,FLKMSSMQS,4
var,186,FLKMSSMQA,5
var,186,FLKMSSMQP,4
var,186,FLKMSSMTS,5
var,186,FLKMSSMTA,6
var,186,FLKMSSMTP,5
var,186,FLKMSSMDS,4
var,186,FLKMSSMDA,5
var,186,FLKMSSMDP,5
var,186,FLKMSNLQS,5
var,186,FLKMSNLQA,5
var,186,FLKMSNLQP,5
var,186,FLKMSNLTS,5
var,186,FLKMSNLTA,5
var,186,FLKMSNLTP,5
var,186,FLKMSNLDS,5
var,186,FLKMSNLDA,5
var,186,FLKMSNLDP,5
var,186,FLKMSNVQS,4
var,186,FLKMSNVQA,5
var,186,FLKMSNVQP,4
var,186,FLKMSNVTS,5
var,186,FLKMSNVTA,6
var,186,FLKMSNVTP,5
var,186,FLKMSNVDS,4
var,186,FLKMSNVDA,5
var,186,FLKMSNVDP,5
var,186,FLKMSNMQS,4
var,186,FLKMSNMQA,4
var,186,FLKMSNMQP,5
var,186,FLKMSNMTS,4
var,186,FLKMSNMTA,5
var,186,FLKMSNMTP,5
var,186,FLKMSNMDS,5
var,186,FLKMSNMDA,5
var,186,FLKMSNMDP,6
var,186,FLKMTSLQS,5
var,186,FLKMTSLQA,6
var,186,FLKMTSLQP,5
var,186,FLKMTSLTS,5
var,186,FLKMTSLTA,6
var,186,FLKMTSLTP,5
var,186,FLKMTSLDS,5
var,186,FLKMTSLDA,6
var,186,FLKMTSLDP,5
var,186,FLKMTSVQS,4
var,186,FLKMTSVQA,5
var,186,FLKMTSVQP,4
var,186,FLKMTSVTS,5
var,186,FLKMTSVTA,6
var,186,FLKMTSVTP,5
var,186,FLKMTSVDS,4
var,186,FLKMTSVDA,5
var,186,FLKMTSVDP,5
var,186,FLKMTSMQS,4
var,186,FLKMTSMQA,5
var,186,FLKMTSMQP,5
var,186,FLKMTSMTS,4
var,186,FLKMTSMTA,5
var,186,FLKMTSMTP,5
var,186,FLKMTSMDS,5
var,186,FLKMTSMDA,5
var,186,FLKMTSMDP,6
var,186,FLKMTNLQS,4
var,186,FLKMTNLQA,5
var,186,FLKMTNLQP,5
var,186,FLKMTNLTS,4
var,186,FLKMTNLTA,5
var,186,FLKMTNLTP,5
var,186,FLKMTNLDS,5
var,186,FLKMTNLDA,5
var,186,FLKMTNLDP,6
var,186,FLKMTNVQS,4
var,186,FLKMTNVQA,4
var,186,FLKMTNVQP,5
var,186,FLKMTNVTS,4
var,186,FLKMTNVTA,5
var,186,FLKMTNVTP,5
var,186,FLKMTNVDS,5
var,186,FLKMTNVDA,5
var,186,FLKMTNVDP,6
var,186,FLKMTNMQS,5
var,186,FLKMTNMQA,5
var,186,FLKMTNMQP,6
var,186,FLKMTNMTS,5
var,186,FLKMTNMTA,5
var,186,FLKMTNMTP,6
var,186,FLKMTNMDS,6
var,186,FLKMTNMDA,6
var,186,FLKMTNMDP,7
var,186,FLKLNSLQS,5
var,186,FLKLNSLQA,6
var,186,FLKLNSLQP,5
var,186,FLKLNSLTS,5
var,186,FLKLNSLTA,6
var,186,FLKLNSLTP,6
var,186,FLKLNSLDS,5
var,186,FLKLNSLDA,6
var,186,FLKLNSLDP,5
var,186,FLKLNSVQS,5
var,186,FLKLNSVQA,6
var,186,FLKLNSVQP,6
var,186,FLKLNSVTS,6
var,186,FLKLNSVTA,7
var,186,FLKLNSVTP,7
var,186,FLKLNSVDS,5
var,186,FLKLNSVDA,6
var,186,FLKLNSVDP,6
var,186,FLKLNSMQS,4
var,186,FLKLNSMQA,5
var,186,FLKLNSMQP,5
var,186,FLKLNSMTS,5
var,186,FLKLNSMTA,6
var,186,FLKLNSMTP,6
var,186,FLKLNSMDS,4
var,186,FLKLNSMDA,5
var,186,FLKLNSMDP,5
var,186,FLKLNNLQS,4
var,186,FLKLNNLQA,5
var,186,FLKLNNLQP,4
var,186,FLKLNNLTS,4
var,186,FLKLNNLTA,5
var,186,FLKLNNLTP,5
var,186,FLKLNNLDS,4
var,186,FLKLNNLDA,5
var,186,FLKLNNLDP,4
var,186,FLKLNNVQS,4
var,186,FLKLNNVQA,5
var,186,FLKLNNVQP,5
var,186,FLKLNNVTS,5
var,186,FLKLNNVTA,6
var,186,FLKLNNVTP,6
var,186,FLKLNNVDS,4
var,186,FLKLNNVDA,5
var,186,FLKLNNVDP,5
var,186,FLKLNNMQS,3
var,186,FLKLNNMQA,4
var,186,FLKLNNMQP,4
var,186,FLKLNNMTS,4
var,186,FLKLNNMTA,5
var,186,FLKLNNMTP,5
var,186,FLKLNNMDS,4
var,186,FLKLNNMDA,4
var,186,FLKLNNMDP,5
var,186,FLKLSSLQS,5
var,186,FLKLSSLQA,6
var,186,FLKLSSLQP,5
var,186,FLKLSSLTS,6
var,186,FLKLSSLTA,7
var,186,FLKLSSLTP,6
var,186,FLKLSSLDS,5
var,186,FLKLSSLDA,6
var,186,FLKLSSLDP,5
var,186,FLKLSSVQS,6
var,186,FLKLSSVQA,7
var,186,FLKLSSVQP,6
var,186,FLKLSSVTS,7
var,186,FLKLSSVTA,8
var,186,FLKLSSVTP,7
var,186,FLKLSSVDS,6
var,186,FLKLSSVDA,7
var,186,FLKLSSVDP,6
var,186,FLKLSSMQS,5
var,186,FLKLSSMQA,6
var,186,FLKLSSMQP,5
var,186,FLKLSSMTS,6
var,186,FLKLSSMTA,7
var,186,FLKLSSMTP,6
var,186,FLKLSSMDS,5
var,186,FLKLSSMDA,6
var,186,FLKLSSMDP,5
var,186,FLKLSNLQS,4
var,186,FLKLSNLQA,5
var,186,FLKLSNLQP,4
var,186,FLKLSNLTS,5
var,186,FLKLSNLTA,6
var,186,FLKLSNLTP,5
var,186,FLKLSNLDS,4
var,186,FLKLSNLDA,5
var,186,FLKLSNLDP,4
var,186,FLKLSNVQS,5
var,186,FLKLSNVQA,6
var,186,FLKLSNVQP,5
var,186,FLKLSNVTS,6
var,186,FLKLSNVTA,7
var,186,FLKLSNVTP,6
var,186,FLKLSNVDS,5
var,186,FLKLSNVDA,6
var,186,FLKLSNVDP,5
var,186,FLKLSNMQS,4
var,186,FLKLSNMQA,5
var,186,FLKLSNMQP,4
var,186,FLKLSNMTS,5
var,186,FLKLSNMTA,6
var,186,FLKLSNMTP,5
var,186,FLKLSNMDS,4
var,186,FLKLSNMDA,5
var,186,FLKLSNMDP,5
var,186,FLKLTSLQS,4
var,186,FLKLTSLQA,5
var,186,FLKLTSLQP,4
var,186,FLKLTSLTS,5
var,186,FLKLTSLTA,6
var,186,FLKLTSLTP,5
var,186,FLKLTSLDS,4
var,186,FLKLTSLDA,5
var,186,FLKLTSLDP,4
var,186,FLKLTSVQS,5
var,186,FLKLTSVQA,6
var,186,FLKLTSVQP,5
var,186,FLKLTSVTS,6
var,186,FLKLTSVTA,7
var,186,FLKLTSVTP,6
var,186,FLKLTSVDS,5
var,186,FLKLTSVDA,6
var,186,FLKLTSVDP,5
var,186,FLKLTSMQS,4
var,186,FLKLTSMQA,5
var,186,FLKLTSMQP,4
var,186,FLKLTSMTS,5
var,186,FLKLTSMTA,6
var,186,FLKLTSMTP,5
var,186,FLKLTSMDS,4
var,186,FLKLTSMDA,5
var,186,FLKLTSMDP,5
var,186,FLKLTNLQS,3
var,186,FLKLTNLQA,4
var,186,FLKLTNLQP,4
var,186,FLKLTNLTS,4
var,186,FLKLTNLTA,5
var,186,FLKLTNLTP,4
var,186,FLKLTNLDS,4
var,186,FLKLTNLDA,4
var,186,FLKLTNLDP,5
var,186,FLKLTNVQS,4
var,186,FLKLTNVQA,5
var,186,FLKLTNVQP,4
var,186,FLKLTNVTS,5
var,186,FLKLTNVTA,6
var,186,FLKLTNVTP,5
var,186,FLKLTNVDS,4
var,186,FLKLTNVDA,5
var,186,FLKLTNVDP,5
var,186,FLKLTNMQS,4
var,186,FLKLTNMQA,4
var,186,FLKLTNMQP,5
var,186,FLKLTNMTS,4
var,186,FLKLTNMTA,5
var,186,FLKLTNMTP,5
var,186,FLKLTNMDS,5
var,186,FLKLTNMDA,5
var,186,FLKLTNMDP,6
var,186,FLTMNSLQS,6
var,186,FLTMNSLQA,7
var,186,FLTMNSLQP,6
var,186,FLTMNSLTS,6
var,186,FLTMNSLTA,7
var,186,FLTMNSLTP,6
var,186,FLTMNSLDS,6
var,186,FLTMNSLDA,7
var,186,FLTMNSLDP,6
var,186,FLTMNSVQS,5
var,186,FLTMNSVQA,6
var,186,FLTMNSVQP,5
var,186,FLTMNSVTS,5
var,186,FLTMNSVTA,6
var,186,FLTMNSVTP,6
var,186,FLTMNSVDS,5
var,186,FLTMNSVDA,6
var,186,FLTMNSVDP,5
var,186,FLTMNSMQS,5
var,186,FLTMNSMQA,6
var,186,FLTMNSMQP,5
var,186,FLTMNSMTS,5
var,186,FLTMNSMTA,6
var,186,FLTMNSMTP,5
var,186,FLTMNSMDS,5
var,186,FLTMNSMDA,6
var,186,FLTMNSMDP,6
var,186,FLTMNNLQS,5
var,186,FLTMNNLQA,6
var,186,FLTMNNLQP,5
var,186,FLTMNNLTS,5
var,186,FLTMNNLTA,6
var,186,FLTMNNLTP,5
var,186,FLTMNNLDS,5
var,186,FLTMNNLDA,6
var,186,FLTMNNLDP,6
var,186,FLTMNNVQS,4
var,186,FLTMNNVQA,5
var,186,FLTMNNVQP,5
var,186,FLTMNNVTS,4
var,186,FLTMNNVTA,5
var,186,FLTMNNVTP,5
var,186,FLTMNNVDS,5
var,186,FLTMNNVDA,5
var,186,FLTMNNVDP,6
var,186,FLTMNNMQS,5
var,186,FLTMNNMQA,5
var,186,FLTMNNMQP,6
var,186,FLTMNNMTS,5
var,186,FLTMNNMTA,5
var,186,FLTMNNMTP,6
var,186,FLTMNNMDS,6
var,186,FLTMNNMDA,6
var,186,FLTMNNMDP,7
var,186,FLTMSSLQS,5
var,186,FLTMSSLQA,6
var,186,FLTMSSLQP,5
var,186,FLTMSSLTS,5
var,186,FLTMSSLTA,6
var,186,FLTMSSLTP,5
var,186,FLTMSSLDS,5
var,186,FLTMSSLDA,6
var,186,FLTMSSLDP,5
var,186,FLTMSSVQS,4
var,186,FLTMSSVQA,5
var,186,FLTMSSVQP,4
var,186,FLTMSSVTS,5
var,186,FLTMSSVTA,6
var,186,FLTMSSVTP,5
var,186,FLTMSSVDS,4
var,186,FLTMSSVDA,5
var,186,FLTMSSVDP,5
var,186,FLTMSSMQS,4
var,186,FLTMSSMQA,5
var,186,FLTMSSMQP,5
var,186,FLTMSSMTS,4
var,186,FLTMSSMTA,5
var,186,FLTMSSMTP,5
var,186,FLTMSSMDS,5
var,186,FLTMSSMDA,5
var,186,FLTMSSMDP,6
var,186,FLTMSNLQS,5
var,186,FLTMSNLQA,5
var,186,FLTMSNLQP,5
var,186,FLTMSNLTS,5
var,186,FLTMSNLTA,5
var,186,FLTMSNLTP,5
var,186,FLTMSNLDS,5
var,186,FLTMSNLDA,5
var,186,FLTMSNLDP,6
var,186,FLTMSNVQS,4
var,186,FLTMSNVQA,4
var,186,FLTMSNVQP,5
var,186,FLTMSNVTS,4
var,186,FLTMSNVTA,5
var,186,FLTMSNVTP,5
var,186,FLTMSNVDS,5
var,186,FLTMSNVDA,5
var,186,FLTMSNVDP,6
var,186,FLTMSNMQS,5
var,186,FLTMSNMQA,5
var,186,FLTMSNMQP,6
var,186,FLTMSNMTS,5
var,186,FLTMSNMTA,5
var,186,FLTMSNMTP,6
var,186,FLTMSNMDS,6
var,186,FLTMSNMDA,6
var,186,FLTMSNMDP,7
var,186,FLTMTSLQS,5
var,186,FLTMTSLQA,6
var,186,FLTMTSLQP,5
var,186,FLTMTSLTS,5
var,186,FLTMTSLTA,6
var,186,FLTMTSLTP,5
var,186,FLTMTSLDS,5
var,186,FLTMTSLDA,6
var,186,FLTMTSLDP,6
var,186,FLTMTSVQS,4
var,186,FLTMTSVQA,5
var,186,FLTMTSVQP,5
var,186,FLTMTSVTS,4
var,186,FLTMTSVTA,5
var,186,FLTMTSVTP,5
var,186,FLTMTSVDS,5
var,186,FLTMTSVDA,5
var,186,FLTMTSVDP,6
var,186,FLTMTSMQS,5
var,186,FLTMTSMQA,5
var,186,FLTMTSMQP,6
var,186,FLTMTSMTS,5
var,186,FLTMTSMTA,5
var,186,FLTMTSMTP,6
var,186,FLTMTSMDS,6
var,186,FLTMTSMDA,6
var,186,FLTMTSMDP,7
var,186,FLTMTNLQS,5
var,186,FLTMTNLQA,5
var,186,FLTMTNLQP,6
var,186,FLTMTNLTS,5
var,186,FLTMTNLTA,5
var,186,FLTMTNLTP,6
var,186,FLTMTNLDS,6
var,186,FLTMTNLDA,6
var,186,FLTMTNLDP,7
var,186,FLTMTNVQS,5
var,186,FLTMTNVQA,5
var,186,FLTMTNVQP,6
var,186,FLTMTNVTS,5
var,186,FLTMTNVTA,5
var,186,FLTMTNVTP,6
var,186,FLTMTNVDS,6
var,186,FLTMTNVDA,6
var,186,FLTMTNVDP,7
var,186,FLTMTNMQS,6
var,186,FLTMTNMQA,6
var,186,FLTMTNMQP,7
var,186,FLTMTNMTS,6
var,186,FLTMTNMTA,6
var,186,FLTMTNMTP,7
var,186,FLTMTNMDS,7
var,186,FLTMTNMDA,7
var,186,FLTMTNMDP,8
var,186,FLTLNSLQS,5
var,186,FLTLNSLQA,6
var,186,FLTLNSLQP,5
var,186,FLTLNSLTS,5
var,186,FLTLNSLTA,6
var,186,FLTLNSLTP,6
var,186,FLTLNSLDS,5
var,186,FLTLNSLDA,6
var,186,FLTLNSLDP,5
var,186,FLTLNSVQS,5
var,186,FLTLNSVQA,5
var,186,FLTLNSVQP,6
var,186,FLTLNSVTS,6
var,186,FLTLNSVTA,6
var,186,FLTLNSVTP,7
var,186,FLTLNSVDS,5
var,186,FLTLNSVDA,5
var,186,FLTLNSVDP,6
var,186,FLTLNSMQS,4
var,186,FLTLNSMQA,5
var,186,FLTLNSMQP,5
var,186,FLTLNSMTS,5
var,186,FLTLNSMTA,5
var,186,FLTLNSMTP,6
var,186,FLTLNSMDS,4
var,186,FLTLNSMDA,5
var,186,FLTLNSMDP,5
var,186,FLTLNNLQS,4
var,186,FLTLNNLQA,5
var,186,FLTLNNLQP,4
var,186,FLTLNNLTS,4
var,186,FLTLNNLTA,5
var,186,FLTLNNLTP,5
var,186,FLTLNNLDS,4
var,186,FLTLNNLDA,5
var,186,FLTLNNLDP,5
var,186,FLTLNNVQS,4
var,186,FLTLNNVQA,4
var,186,FLTLNNVQP,5
var,186,FLTLNNVTS,5
var,186,FLTLNNVTA,5
var,186,FLTLNNVTP,6
var,186,FLTLNNVDS,4
var,186,FLTLNNVDA,4
var,186,FLTLNNVDP,5
var,186,FLTLNNMQS,4
var,186,FLTLNNMQA,4
var,186,FLTLNNMQP,5
var,186,FLTLNNMTS,4
var,186,FLTLNNMTA,4
var,186,FLTLNNMTP,5
var,186,FLTLNNMDS,5
var,186,FLTLNNMDA,5
var,186,FLTLNNMDP,6
var,186,FLTLSSLQS,5
var,186,FLTLSSLQA,5
var,186,FLTLSSLQP,4
var,186,FLTLSSLTS,6
var,186,FLTLSSLTA,6
var,186,FLTLSSLTP,5
var,186,FLTLSSLDS,5
var,186,FLTLSSLDA,5
var,186,FLTLSSLDP,4
var,186,FLTLSSVQS,5
var,186,FLTLSSVQA,6
var,186,FLTLSSVQP,5
var,186,FLTLSSVTS,6
var,186,FLTLSSVTA,7
var,186,FLTLSSVTP,6
var,186,FLTLSSVDS,5
var,186,FLTLSSVDA,6
var,186,FLTLSSVDP,5
var,186,FLTLSSMQS,4
var,186,FLTLSSMQA,5
var,186,FLTLSSMQP,4
var,186,FLTLSSMTS,5
var,186,FLTLSSMTA,6
var,186,FLTLSSMTP,5
var,186,FLTLSSMDS,4
var,186,FLTLSSMDA,5
var,186,FLTLSSMDP,5
var,186,FLTLSNLQS,4
var,186,FLTLSNLQA,4
var,186,FLTLSNLQP,4
var,186,FLTLSNLTS,5
var,186,FLTLSNLTA,5
var,186,FLTLSNLTP,4
var,186,FLTLSNLDS,4
var,186,FLTLSNLDA,4
var,186,FLTLSNLDP,5
var,186,FLTLSNVQS,4
var,186,FLTLSNVQA,5
var,186,FLTLSNVQP,4
var,186,FLTLSNVTS,5
var,186,FLTLSNVTA,6
var,186,FLTLSNVTP,5
var,186,FLTLSNVDS,4
var,186,FLTLSNVDA,5
var,186,FLTLSNVDP,5
var,186,FLTLSNMQS,4
var,186,FLTLSNMQA,4
var,186,FLTLSNMQP,5
var,186,FLTLSNMTS,4
var,186,FLTLSNMTA,5
var,186,FLTLSNMTP,5
var,186,FLTLSNMDS,5
var,186,FLTLSNMDA,5
var,186,FLTLSNMDP,6
var,186,FLTLTSLQS,4
var,186,FLTLTSLQA,5
var,186,FLTLTSLQP,4
var,186,FLTLTSLTS,5
var,186,FLTLTSLTA,5
var,186,FLTLTSLTP,5
var,186,FLTLTSLDS,4
var,186,FLTLTSLDA,5
var,186,FLTLTSLDP,5
var,186,FLTLTSVQS,4
var,186,FLTLTSVQA,5
var,186,FLTLTSVQP,5
var,186,FLTLTSVTS,5
var,186,FLTLTSVTA,6
var,186,FLTLTSVTP,6
var,186,FLTLTSVDS,4
var,186,FLTLTSVDA,5
var,186,FLTLTSVDP,5
var,186,FLTLTSMQS,4
var,186,FLTLTSMQA,4
var,186,FLTLTSMQP,5
var,186,FLTLTSMTS,4
var,186,FLTLTSMTA,5
var,186,FLTLTSMTP,5
var,186,FLTLTSMDS,5
var,186,FLTLTSMDA,5
var,186,FLTLTSMDP,6
var,186,FLTLTNLQS,4
var,186,FLTLTNLQA,4
var,186,FLTLTNLQP,5
var,186,FLTLTNLTS,4
var,186,FLTLTNLTA,4
var,186,FLTLTNLTP,5
var,186,FLTLTNLDS,5
var,186,FLTLTNLDA,5
var,186,FLTLTNLDP,6
var,186,FLTLTNVQS,4
var,186,FLTLTNVQA,4
var,186,FLTLTNVQP,5
var,186,FLTLTNVTS,4
var,186,FLTLTNVTA,5
var,186,FLTLTNVTP,5
var,186,FLTLTNVDS,5
var,186,FLTLTNVDA,5
var,186,FLTLTNVDP,6
var,186,FLTLTNMQS,5
var,186,FLTLTNMQA,5
var,186,FLTLTNMQP,6
var,186,FLTLTNMTS,5
var,186,FLTLTNMTA,5
var,186,FLTLTNMTP,6
var,186,FLTLTNMDS,6
var,186,FLTLTNMDA,6
var,186,FLTLTNMDP,7
var,186,SFKMNSLQS,4
var,186,SFKMNSLQA,5
var,186,SFKMNSLQP,4
var,186,SFKMNSLTS,4
var,186,SFKMNSLTA,5
var,186,SFKMNSLTP,5
var,186,SFKMNSLDS,4
var,186,SFKMNSLDA,5
var,186,SFKMNSLDP,4
var,186,SFKMNSVQS,4
var,186,SFKMNSVQA,5
var,186,SFKMNSVQP,5
var,186,SFKMNSVTS,5
var,186,SFKMNSVTA,6
var,186,SFKMNSVTP,6
var,186,SFKMNSVDS,4
var,186,SFKMNSVDA,5
var,186,SFKMNSVDP,5
var,186,SFKMNSMQS,3
var,186,SFKMNSMQA,4
var,186,SFKMNSMQP,4
var,186,SFKMNSMTS,4
var,186,SFKMNSMTA,5
var,186,SFKMNSMTP,5
var,186,SFKMNSMDS,3
var,186,SFKMNSMDA,4
var,186,SFKMNSMDP,4
var,186,SFKMNNLQS,4
var,186,SFKMNNLQA,5
var,186,SFKMNNLQP,4
var,186,SFKMNNLTS,4
var,186,SFKMNNLTA,5
var,186,SFKMNNLTP,4
var,186,SFKMNNLDS,4
var,186,SFKMNNLDA,5
var,186,SFKMNNLDP,4
var,186,SFKMNNVQS,3
var,186,SFKMNNVQA,4
var,186,SFKMNNVQP,4
var,186,SFKMNNVTS,4
var,186,SFKMNNVTA,5
var,186,SFKMNNVTP,5
var,186,SFKMNNVDS,3
var,186,SFKMNNVDA,4
var,186,SFKMNNVDP,4
var,186,SFKMNNMQS,3
var,186,SFKMNNMQA,4
var,186,SFKMNNMQP,4
var,186,SFKMNNMTS,3
var,186,SFKMNNMTA,4
var,186,SFKMNNMTP,4
var,186,SFKMNNMDS,4
var,186,SFKMNNMDA,4
var,186,SFKMNNMDP,5
var,186,SFKMSSLQS,4
var,186,SFKMSSLQA,5
var,186,SFKMSSLQP,4
var,186,SFKMSSLTS,5
var,186,SFKMSSLTA,6
var,186,SFKMSSLTP,5
var,186,SFKMSSLDS,4
var,186,SFKMSSLDA,5
var,186,SFKMSSLDP,4
var,186,SFKMSSVQS,5
var,186,SFKMSSVQA,6
var,186,SFKMSSVQP,5
var,186,SFKMSSVTS,6
var,186,SFKMSSVTA,7
var,186,SFKMSSVTP,6
var,186,SFKMSSVDS,5
var,186,SFKMSSVDA,6
var,186,SFKMSSVDP,5
var,186,SFKMSSMQS,4
var,186,SFKMSSMQA,5
var,186,SFKMSSMQP,4
var,186,SFKMSSMTS,5
var,186,SFKMSSMTA,6
var,186,SFKMSSMTP,5
var,186,SFKMSSMDS,4
var,186,SFKMSSMDA,5
var,186,SFKMSSMDP,4
var,186,SFKMSNLQS,4
var,186,SFKMSNLQA,4
var,186,SFKMSNLQP,4
var,186,SFKMSNLTS,4
var,186,SFKMSNLTA,5
var,186,SFKMSNLTP,4
var,186,SFKMSNLDS,4
var,186,SFKMSNLDA,4
var,186,SFKMSNLDP,4
var,186,SFKMSNVQS,4
var,186,SFKMSNVQA,5
var,186,SFKMSNVQP,4
var,186,SFKMSNVTS,5
var,186,SFKMSNVTA,6
var,186,SFKMSNVTP,5
var,186,SFKMSNVDS,4
var,186,SFKMSNVDA,5
var,186,SFKMSNVDP,4
var,186,SFKMSNMQS,3
var,186,SFKMSNMQA,4
var,186,SFKMSNMQP,4
var,186,SFKMSNMTS,4
var,186,SFKMSNMTA,5
var,186,SFKMSNMTP,4
var,186,SFKMSNMDS,4
var,186,SFKMSNMDA,4
var,186,SFKMSNMDP,5
var,186,SFKMTSLQS,3
var,186,SFKMTSLQA,4
var,186,SFKMTSLQP,3
var,186,SFKMTSLTS,4
var,186,SFKMTSLTA,5
var,186,SFKMTSLTP,4
var,186,SFKMTSLDS,3
var,186,SFKMTSLDA,4
var,186,SFKMTSLDP,4
var,186,SFKMTSVQS,4
var,186,SFKMTSVQA,5
var,186,SFKMTSVQP,4
var,186,SFKMTSVTS,5
var,186,SFKMTSVTA,6
var,186,SFKMTSVTP,5
var,186,SFKMTSVDS,4
var,186,SFKMTSVDA,5
var,186,SFKMTSVDP,4
var,186,SFKMTSMQS,3
var,186,SFKMTSMQA,4
var,186,SFKMTSMQP,4
var,186,SFKMTSMTS,4
var,186,SFKMTSMTA,5
var,186,SFKMTSMTP,4
var,186,SFKMTSMDS,4
var,186,SFKMTSMDA,4
var,186,SFKMTSMDP,5
var,186,SFKMTNLQS,3
var,186,SFKMTNLQA,4
var,186,SFKMTNLQP,4
var,186,SFKMTNLTS,3
var,186,SFKMTNLTA,4
var,186,SFKMTNLTP,4
var,186,SFKMTNLDS,4
var,186,SFKMTNLDA,4
var,186,SFKMTNLDP,5
var,186,SFKMTNVQS,3
var,186,SFKMTNVQA,4
var,186,SFKMTNVQP,4
var,186,SFKMTNVTS,4
var,186,SFKMTNVTA,5
var,186,SFKMTNVTP,4
var,186,SFKMTNVDS,4
var,186,SFKMTNVDA,4
var,186,SFKMTNVDP,5
var,186,SFKMTNMQS,4
var,186,SFKMTNMQA,4
var,186,SFKMTNMQP,5
var,186,SFKMTNMTS,4
var,186,SFKMTNMTA,4
var,186,SFKMTNMTP,5
var,186,SFKMTNMDS,5
var,186,SFKMTNMDA,5
var,186,SFKMTNMDP,6
var,186,SFKLNSLQS,4
var,186,SFKLNSLQA,5
var,186,SFKLNSLQP,5
var,186,SFKLNSLTS,5
var,186,SFKLNSLTA,6
var,186,SFKLNSLTP,6
var,186,SFKLNSLDS,4
var,186,SFKLNSLDA,5
var,186,SFKLNSLDP,5
var,186,SFKLNSVQS,5
var,186,SFKLNSVQA,6
var,186,SFKLNSVQP,6
var,186,SFKLNSVTS,6
var,186,SFKLNSVTA,7
var,186,SFKLNSVTP,7
var,186,SFKLNSVDS,5
var,186,SFKLNSVDA,6
var,186,SFKLNSVDP,6
var,186,SFKLNSMQS,4
var,186,SFKLNSMQA,5
var,186,SFKLNSMQP,5
var,186,SFKLNSMTS,5
var,186,SFKLNSMTA,6
var,186,SFKLNSMTP,6
var,186,SFKLNSMDS,4
var,186,SFKLNSMDA,5
var,186,SFKLNSMDP,5
var,186,SFKLNNLQS,3
var,186,SFKLNNLQA,4
var,186,SFKLNNLQP,4
var,186,SFKLNNLTS,4
var,186,SFKLNNLTA,5
var,186,SFKLNNLTP,5
var,186,SFKLNNLDS,3
var,186,SFKLNNLDA,4
var,186,SFKLNNLDP,4
var,186,SFKLNNVQS,4
var,186,SFKLNNVQA,5
var,186,SFKLNNVQP,5
var,186,SFKLNNVTS,5
var,186,SFKLNNVTA,6
var,186,SFKLNNVTP,6
var,186,SFKLNNVDS,4
var,186,SFKLNNVDA,5
var,186,SFKLNNVDP,5
var,186,SFKLNNMQS,3
var,186,SFKLNNMQA,4
var,186,SFKLNNMQP,4
var,186,SFKLNNMTS,4
var,186,SFKLNNMTA,5
var,186,SFKLNNMTP,5
var,186,SFKLNNMDS,3
var,186,SFKLNNMDA,4
var,186,SFKLNNMDP,4
var,186,SFKLSSLQS,5
var,186,SFKLSSLQA,6
var,186,SFKLSSLQP,5
var,186,SFKLSSLTS,6
var,186,SFKLSSLTA,7
var,186,SFKLSSLTP,6
var,186,SFKLSSLDS,5
var,186,SFKLSSLDA,6
var,186,SFKLSSLDP,5
var,186,SFKLSSVQS,6
var,186,SFKLSSVQA,7
var,186,SFKLSSVQP,6
var,186,SFKLSSVTS,7
var,186,SFKLSSVTA,8
var,186,SFKLSSVTP,7
var,186,SFKLSSVDS,6
var,186,SFKLSSVDA,7
var,186,SFKLSSVDP,6
var,186,SFKLSSMQS,5
var,186,SFKLSSMQA,6
var,186,SFKLSSMQP,5
var,186,SFKLSSMTS,6
var,186,SFKLSSMTA,7
var,186,SFKLSSMTP,6
var,186,SFKLSSMDS,5
var,186,SFKLSSMDA,6
var,186,SFKLSSMDP,5
var,186,SFKLSNLQS,4
var,186,SFKLSNLQA,5
var,186,SFKLSNLQP,4
var,186,SFKLSNLTS,5
var,186,SFKLSNLTA,6
var,186,SFKLSNLTP,5
var,186,SFKLSNLDS,4
var,186,SFKLSNLDA,5
var,186,SFKLSNLDP,4
var,186,SFKLSNVQS,5
var,186,SFKLSNVQA,6
var,186,SFKLSNVQP,5
var,186,SFKLSNVTS,6
var,186,SFKLSNVTA,7
var,186,SFKLSNVTP,6
var,186,SFKLSNVDS,5
var,186,SFKLSNVDA,6
var,186,SFKLSNVDP,5
var,186,SFKLSNMQS,4
var,186,SFKLSNMQA,5
var,186,SFKLSNMQP,4
var,186,SFKLSNMTS,5
var,186,SFKLSNMTA,6
var,186,SFKLSNMTP,5
var,186,SFKLSNMDS,4
var,186,SFKLSNMDA,5
var,186,SFKLSNMDP,4
var,186,SFKLTSLQS,4
var,186,SFKLTSLQA,5
var,186,SFKLTSLQP,4
var,186,SFKLTSLTS,5
var,186,SFKLTSLTA,6
var,186,SFKLTSLTP,5
var,186,SFKLTSLDS,4
var,186,SFKLTSLDA,5
var,186,SFKLTSLDP,4
var,186,SFKLTSVQS,5
var,186,SFKLTSVQA,6
var,186,SFKLTSVQP,5
var,186,SFKLTSVTS,6
var,186,SFKLTSVTA,7
var,186,SFKLTSVTP,6
var,186,SFKLTSVDS,5
var,186,SFKLTSVDA,6
var,186,SFKLTSVDP,5
var,186,SFKLTSMQS,4
var,186,SFKLTSMQA,5
var,186,SFKLTSMQP,4
var,186,SFKLTSMTS,5
var,186,SFKLTSMTA,6
var,186,SFKLTSMTP,5
var,186,SFKLTSMDS,4
var,186,SFKLTSMDA,5
var,186,SFKLTSMDP,4
var,186,SFKLTNLQS,3
var,186,SFKLTNLQA,4
var,186,SFKLTNLQP,3
var,186,SFKLTNLTS,4
var,186,SFKLTNLTA,5
var,186,SFKLTNLTP,4
var,186,SFKLTNLDS,3
var,186,SFKLTNLDA,4
var,186,SFKLTNLDP,4
var,186,SFKLTNVQS,4
var,186,SFKLTNVQA,5
var,186,SFKLTNVQP,4
var,186,SFKLTNVTS,5
var,186,SFKLTNVTA,6
var,186,SFKLTNVTP,5
var,186,SFKLTNVDS,4
var,186,SFKLTNVDA,5
var,186,SFKLTNVDP,4
var,186,SFKLTNMQS,3
var,186,SFKLTNMQA,4
var,186,SFKLTNMQP,4
var,186,SFKLTNMTS,4
var,186,SFKLTNMTA,5
var,186,SFKLTNMTP,4
var,186,SFKLTNMDS,4
var,186,SFKLTNMDA,4
var,186,SFKLTNMDP,5
var,186,SFTMNSLQS,4
var,186,SFTMNSLQA,5
var,186,SFTMNSLQP,4
var,186,SFTMNSLTS,4
var,186,SFTMNSLTA,5
var,186,SFTMNSLTP,5
var,186,SFTMNSLDS,4
var,186,SFTMNSLDA,5
var,186,SFTMNSLDP,4
var,186,SFTMNSVQS,4
var,186,SFTMNSVQA,4
var,186,SFTMNSVQP,5
var,186,SFTMNSVTS,5
var,186,SFTMNSVTA,5
var,186,SFTMNSVTP,6
var,186,SFTMNSVDS,4
var,186,SFTMNSVDA,4
var,186,SFTMNSVDP,5
var,186,SFTMNSMQS,3
var,186,SFTMNSMQA,4
var,186,SFTMNSMQP,4
var,186,SFTMNSMTS,4
var,186,SFTMNSMTA,4
var,186,SFTMNSMTP,5
var,186,SFTMNSMDS,4
var,186,SFTMNSMDA,4
var,186,SFTMNSMDP,5
var,186,SFTMNNLQS,4
var,186,SFTMNNLQA,5
var,186,SFTMNNLQP,4
var,186,SFTMNNLTS,4
var,186,SFTMNNLTA,5
var,186,SFTMNNLTP,4
var,186,SFTMNNLDS,4
var,186,SFTMNNLDA,5
var,186,SFTMNNLDP,5
var,186,SFTMNNVQS,3
var,186,SFTMNNVQA,4
var,186,SFTMNNVQP,4
var,186,SFTMNNVTS,4
var,186,SFTMNNVTA,4
var,186,SFTMNNVTP,5
var,186,SFTMNNVDS,4
var,186,SFTMNNVDA,4
var,186,SFTMNNVDP,5
var,186,SFTMNNMQS,4
var,186,SFTMNNMQA,4
var,186,SFTMNNMQP,5
var,186,SFTMNNMTS,4
var,186,SFTMNNMTA,4
var,186,SFTMNNMTP,5
var,186,SFTMNNMDS,5
var,186,SFTMNNMDA,5
var,186,SFTMNNMDP,6
var,186,SFTMSSLQS,4
var,186,SFTMSSLQA,5
var,186,SFTMSSLQP,4
var,186,SFTMSSLTS,5
var,186,SFTMSSLTA,5
var,186,SFTMSSLTP,4
var,186,SFTMSSLDS,4
var,186,SFTMSSLDA,5
var,186,SFTMSSLDP,4
var,186,SFTMSSVQS,4
var,186,SFTMSSVQA,5
var,186,SFTMSSVQP,4
var,186,SFTMSSVTS,5
var,186,SFTMSSVTA,6
var,186,SFTMSSVTP,5
var,186,SFTMSSVDS,4
var,186,SFTMSSVDA,5
var,186,SFTMSSVDP,4
var,186,SFTMSSMQS,3
var,186,SFTMSSMQA,4
var,186,SFTMSSMQP,4
var,186,SFTMSSMTS,4
var,186,SFTMSSMTA,5
var,186,SFTMSSMTP,4
var,186,SFTMSSMDS,4
var,186,SFTMSSMDA,4
var,186,SFTMSSMDP,5
var,186,SFTMSNLQS,4
var,186,SFTMSNLQA,4
var,186,SFTMSNLQP,4
var,186,SFTMSNLTS,4
var,186,SFTMSNLTA,4
var,186,SFTMSNLTP,4
var,186,SFTMSNLDS,4
var,186,SFTMSNLDA,4
var,186,SFTMSNLDP,5
var,186,SFTMSNVQS,3
var,186,SFTMSNVQA,4
var,186,SFTMSNVQP,4
var,186,SFTMSNVTS,4
var,186,SFTMSNVTA,5
var,186,SFTMSNVTP,4
var,186,SFTMSNVDS,4
var,186,SFTMSNVDA,4
var,186,SFTMSNVDP,5
var,186,SFTMSNMQS,4
var,186,SFTMSNMQA,4
var,186,SFTMSNMQP,5
var,186,SFTMSNMTS,4
var,186,SFTMSNMTA,4
var,186,SFTMSNMTP,5
var,186,SFTMSNMDS,5
var,186,SFTMSNMDA,5
var,186,SFTMSNMDP,6
var,186,SFTMTSLQS,3
var,186,SFTMTSLQA,4
var,186,SFTMTSLQP,4
var,186,SFTMTSLTS,4
var,186,SFTMTSLTA,4
var,186,SFTMTSLTP,4
var,186,SFTMTSLDS,4
var,186,SFTMTSLDA,4
var,186,SFTMTSLDP,5
var,186,SFTMTSVQS,3
var,186,SFTMTSVQA,4
var,186,SFTMTSVQP,4
var,186,SFTMTSVTS,4
var,186,SFTMTSVTA,5
var,186,SFTMTSVTP,5
var,186,SFTMTSVDS,4
var,186,SFTMTSVDA,4
var,186,SFTMTSVDP,5
var,186,SFTMTSMQS,4
var,186,SFTMTSMQA,4
var,186,SFTMTSMQP,5
var,186,SFTMTSMTS,4
var,186,SFTMTSMTA,4
var,186,SFTMTSMTP,5
var,186,SFTMTSMDS,5
var,186,SFTMTSMDA,5
var,186,SFTMTSMDP,6
var,186,SFTMTNLQS,4
var,186,SFTMTNLQA,4
var,186,SFTMTNLQP,5
var,186,SFTMTNLTS,4
var,186,SFTMTNLTA,4
var,186,SFTMTNLTP,5
var,186,SFTMTNLDS,5
var,186,SFTMTNLDA,5
var,186,SFTMTNLDP,6
var,186,SFTMTNVQS,4
var,186,SFTMTNVQA,4
var,186,SFTMTNVQP,5
var,186,SFTMTNVTS,4
var,186,SFTMTNVTA,4
var,186,SFTMTNVTP,5
var,186,SFTMTNVDS,5
var,186,SFTMTNVDA,5
var,186,SFTMTNVDP,6
var,186,SFTMTNMQS,5
var,186,SFTMTNMQA,5
var,186,SFTMTNMQP,6
var,186,SFTMTNMTS,5
var,186,SFTMTNMTA,5
var,186,SFTMTNMTP,6
var,186,SFTMTNMDS,6
var,186,SFTMTNMDA,6
var,186,SFTMTNMDP,7
var,186,SFTLNSLQS,4
var,186,SFTLNSLQA,4
var,186,SFTLNSLQP,5
var,186,SFTLNSLTS,5
var,186,SFTLNSLTA,5
var,186,SFTLNSLTP,6
var,186,SFTLNSLDS,4
var,186,SFTLNSLDA,4
var,186,SFTLNSLDP,5
var,186,SFTLNSVQS,5
var,186,SFTLNSVQA,5
var,186,SFTLNSVQP,6
var,186,SFTLNSVTS,6
var,186,SFTLNSVTA,6
var,186,SFTLNSVTP,7
var,186,SFTLNSVDS,5
var,186,SFTLNSVDA,5
var,186,SFTLNSVDP,6
var,186,SFTLNSMQS,4
var,186,SFTLNSMQA,4
var,186,SFTLNSMQP,5
var,186,SFTLNSMTS,5
var,186,SFTLNSMTA,5
var,186,SFTLNSMTP,6
var,186,SFTLNSMDS,4
var,186,SFTLNSMDA,4
var,186,SFTLNSMDP,5
var,186,SFTLNNLQS,3
var,186,SFTLNNLQA,4
var,186,SFTLNNLQP,4
var,186,SFTLNNLTS,4
var,186,SFTLNNLTA,4
var,186,SFTLNNLTP,5
var,186,SFTLNNLDS,3
var,186,SFTLNNLDA,4
var,186,SFTLNNLDP,4
var,186,SFTLNNVQS,4
var,186,SFTLNNVQA,4
var,186,SFTLNNVQP,5
var,186,SFTLNNVTS,5
var,186,SFTLNNVTA,5
var,186,SFTLNNVTP,6
var,186,SFTLNNVDS,4
var,186,SFTLNNVDA,4
var,186,SFTLNNVDP,5
var,186,SFTLNNMQS,3
var,186,SFTLNNMQA,3
var,186,SFTLNNMQP,4
var,186,SFTLNNMTS,4
var,186,SFTLNNMTA,4
var,186,SFTLNNMTP,5
var,186,SFTLNNMDS,4
var,186,SFTLNNMDA,4
var,186,SFTLNNMDP,5
var,186,SFTLSSLQS,5
var,186,SFTLSSLQA,5
var,186,SFTLSSLQP,4
var,186,SFTLSSLTS,6
var,186,SFTLSSLTA,6
var,186,SFTLSSLTP,5
var,186,SFTLSSLDS,5
var,186,SFTLSSLDA,5
var,186,SFTLSSLDP,4
var,186,SFTLSSVQS,5
var,186,SFTLSSVQA,6
var,186,SFTLSSVQP,5
var,186,SFTLSSVTS,6
var,186,SFTLSSVTA,7
var,186,SFTLSSVTP,6
var,186,SFTLSSVDS,5
var,186,SFTLSSVDA,6
var,186,SFTLSSVDP,5
var,186,SFTLSSMQS,4
var,186,SFTLSSMQA,5
var,186,SFTLSSMQP,4
var,186,SFTLSSMTS,5
var,186,SFTLSSMTA,6
var,186,SFTLSSMTP,5
var,186,SFTLSSMDS,4
var,186,SFTLSSMDA,5
var,186,SFTLSSMDP,4
var,186,SFTLSNLQS,4
var,186,SFTLSNLQA,4
var,186,SFTLSNLQP,3
var,186,SFTLSNLTS,5
var,186,SFTLSNLTA,5
var,186,SFTLSNLTP,4
var,186,SFTLSNLDS,4
var,186,SFTLSNLDA,4
var,186,SFTLSNLDP,4
var,186,SFTLSNVQS,4
var,186,SFTLSNVQA,5
var,186,SFTLSNVQP,4
var,186,SFTLSNVTS,5
var,186,SFTLSNVTA,6
var,186,SFTLSNVTP,5
var,186,SFTLSNVDS,4
var,186,SFTLSNVDA,5
var,186,SFTLSNVDP,4
var,186,SFTLSNMQS,3
var,186,SFTLSNMQA,4
var,186,SFTLSNMQP,4
var,186,SFTLSNMTS,4
var,186,SFTLSNMTA,5
var,186,SFTLSNMTP,4
var,186,SFTLSNMDS,4
var,186,SFTLSNMDA,4
var,186,SFTLSNMDP,5
var,186,SFTLTSLQS,4
var,186,SFTLTSLQA,4
var,186,SFTLTSLQP,4
var,186,SFTLTSLTS,5
var,186,SFTLTSLTA,5
var,186,SFTLTSLTP,5
var,186,SFTLTSLDS,4
var,186,SFTLTSLDA,4
var,186,SFTLTSLDP,4
var,186,SFTLTSVQS,4
var,186,SFTLTSVQA,5
var,186,SFTLTSVQP,5
var,186,SFTLTSVTS,5
var,186,SFTLTSVTA,6
var,186,SFTLTSVTP,6
var,186,SFTLTSVDS,4
var,186,SFTLTSVDA,5
var,186,SFTLTSVDP,5
var,186,SFTLTSMQS,3
var,186,SFTLTSMQA,4
var,186,SFTLTSMQP,4
var,186,SFTLTSMTS,4
var,186,SFTLTSMTA,5
var,186,SFTLTSMTP,5
var,186,SFTLTSMDS,4
var,186,SFTLTSMDA,4
var,186,SFTLTSMDP,5
var,186,SFTLTNLQS,3
var,186,SFTLTNLQA,3
var,186,SFTLTNLQP,4
var,186,SFTLTNLTS,4
var,186,SFTLTNLTA,4
var,186,SFTLTNLTP,4
var,186,SFTLTNLDS,4
var,186,SFTLTNLDA,4
var,186,SFTLTNLDP,5
var,186,SFTLTNVQS,3
var,186,SFTLTNVQA,4
var,186,SFTLTNVQP,4
var,186,SFTLTNVTS,4
var,186,SFTLTNVTA,5
var,186,SFTLTNVTP,5
var,186,SFTLTNVDS,4
var,186,SFTLTNVDA,4
var,186,SFTLTNVDP,5
var,186,SFTLTNMQS,4
var,186,SFTLTNMQA,4
var,186,SFTLTNMQP,5
var,186,SFTLTNMTS,4
var,186,SFTLTNMTA,4
var,186,SFTLTNMTP,5
var,186,SFTLTNMDS,5
var,186,SFTLTNMDA,5
var,186,SFTLTNMDP,6
var,186,SLKMNSLQS,5
var,186,SLKMNSLQA,6
var,186,SLKMNSLQP,5
var,186,SLKMNSLTS,5
var,186,SLKMNSLTA,6
var,186,SLKMNSLTP,6
var,186,SLKMNSLDS,5
var,186,SLKMNSLDA,6
var,186,SLKMNSLDP,5
var,186,SLKMNSVQS,5
var,186,SLKMNSVQA,6
var,186,SLKMNSVQP,6
var,186,SLKMNSVTS,6
var,186,SLKMNSVTA,7
var,186,SLKMNSVTP,7
var,186,SLKMNSVDS,5
var,186,SLKMNSVDA,6
var,186,SLKMNSVDP,6
var,186,SLKMNSMQS,4
var,186,SLKMNSMQA,5
var,186,SLKMNSMQP,5
var,186,SLKMNSMTS,5
var,186,SLKMNSMTA,6
var,186,SLKMNSMTP,6
var,186,SLKMNSMDS,4
var,186,SLKMNSMDA,5
var,186,SLKMNSMDP,5
var,186,SLKMNNLQS,5
var,186,SLKMNNLQA,6
var,186,SLKMNNLQP,5
var,186,SLKMNNLTS,5
var,186,SLKMNNLTA,6
var,186,SLKMNNLTP,5
var,186,SLKMNNLDS,5
var,186,SLKMNNLDA,6
var,186,SLKMNNLDP,5
var,186,SLKMNNVQS,4
var,186,SLKMNNVQA,5
var,186,SLKMNNVQP,5
var,186,SLKMNNVTS,5
var,186,SLKMNNVTA,6
var,186,SLKMNNVTP,6
var,186,SLKMNNVDS,4
var,186,SLKMNNVDA,5
var,186,SLKMNNVDP,5
var,186,SLKMNNMQS,4
var,186,SLKMNNMQA,5
var,186,SLKMNNMQP,5
var,186,SLKMNNMTS,4
var,186,SLKMNNMTA,5
var,186,SLKMNNMTP,5
var,186,SLKMNNMDS,5
var,186,SLKMNNMDA,5
var,186,SLKMNNMDP,6
var,186,SLKMSSLQS,5
var,186,SLKMSSLQA,6
var,186,SLKMSSLQP,5
var,186,SLKMSSLTS,6
var,186,SLKMSSLTA,7
var,186,SLKMSSLTP,6
var,186,SLKMSSLDS,5
var,186,SLKMSSLDA,6
var,186,SLKMSSLDP,5
var,186,SLKMSSVQS,6
var,186,SLKMSSVQA,7
var,186,SLKMSSVQP,6
var,186,SLKMSSVTS,7
var,186,SLKMSSVTA,8
var,186,SLKMSSVTP,7
var,186,SLKMSSVDS,6
var,186,SLKMSSVDA,7
var,186,SLKMSSVDP,6
var,186,SLKMSSMQS,5
var,186,SLKMSSMQA,6
var,186,SLKMSSMQP,5
var,186,SLKMSSMTS,6
var,186,SLKMSSMTA,7
var,186,SLKMSSMTP,6
var,186,SLKMSSMDS,5
var,186,SLKMSSMDA,6
var,186,SLKMSSMDP,5
var,186,SLKMSNLQS,5
var,186,SLKMSNLQA,5
var,186,SLKMSNLQP,5
var,186,SLKMSNLTS,5
var,186,SLKMSNLTA,6
var,186,SLKMSNLTP,5
var,186,SLKMSNLDS,5
var,186,SLKMSNLDA,5
var,186,SLKMSNLDP,5
var,186,SLKMSNVQS,5
var,186,SLKMSNVQA,6
var,186,SLKMSNVQP,5
var,186,SLKMSNVTS,6
var,186,SLKMSNVTA,7
var,186,SLKMSNVTP,6
var,186,SLKMSNVDS,5
var,186,SLKMSNVDA,6
var,186,SLKMSNVDP,5
var,186,SLKMSNMQS,4
var,186,SLKMSNMQA,5
var,186,SLKMSNMQP,5
var,186,SLKMSNMTS,5
var,186,SLKMSNMTA,6
var,186,SLKMSNMTP,5
var,186,SLKMSNMDS,5
var,186,SLKMSNMDA,5
var,186,SLKMSNMDP,6
var,186,SLKMTSLQS,4
var,186,SLKMTSLQA,5
var,186,SLKMTSLQP,4
var,186,SLKMTSLTS,5
var,186,SLKMTSLTA,6
var,186,SLKMTSLTP,5
var,186,SLKMTSLDS,4
var,186,SLKMTSLDA,5
var,186,SLKMTSLDP,5
var,186,SLKMTSVQS,5
var,186,SLKMTSVQA,6
var,186,SLKMTSVQP,5
var,186,SLKMTSVTS,6
var,186,SLKMTSVTA,7
var,186,SLKMTSVTP,6
var,186,SLKMTSVDS,5
var,186,SLKMTSVDA,6
var,186,SLKMTSVDP,5
var,186,SLKMTSMQS,4
var,186,SLKMTSMQA,5
var,186,SLKMTSMQP,5
var,186,SLKMTSMTS,5
var,186,SLKMTSMTA,6
var,186,SLKMTSMTP,5
var,186,SLKMTSMDS,5
var,186,SLKMTSMDA,5
var,186,SLKMTSMDP,6
var,186,SLKMTNLQS,4
var,186,SLKMTNLQA,5
var,186,SLKMTNLQP,5
var,186,SLKMTNLTS,4
var,186,SLKMTNLTA,5
var,186,SLKMTNLTP,5
var,186,SLKMTNLDS,5
var,186,SLKMTNLDA,5
var,186,SLKMTNLDP,6
var,186,SLKMTNVQS,4
var,186,SLKMTNVQA,5
var,186,SLKMTNVQP,5
var,186,SLKMTNVTS,5
var,186,SLKMTNVTA,6
var,186,SLKMTNVTP,5
var,186,SLKMTNVDS,5
var,186,SLKMTNVDA,5
var,186,SLKMTNVDP,6
var,186,SLKMTNMQS,5
var,186,SLKMTNMQA,5
var,186,SLKMTNMQP,6
var,186,SLKMTNMTS,5
var,186,SLKMTNMTA,5
var,186,SLKMTNMTP,6
var,186,SLKMTNMDS,6
var,186,SLKMTNMDA,6
var,186,SLKMTNMDP,7
var,186,SLKLNSLQS,5
var,186,SLKLNSLQA,6
var,186,SLKLNSLQP,6
var,186,SLKLNSLTS,6
var,186,SLKLNSLTA,7
var,186,SLKLNSLTP,7
var,186,SLKLNSLDS,5
var,186,SLKLNSLDA,6
var,186,SLKLNSLDP,6
var,186,SLKLNSVQS,6
var,186,SLKLNSVQA,7
var,186,SLKLNSVQP,7
var,186,SLKLNSVTS,7
var,186,SLKLNSVTA,8
var,186,SLKLNSVTP,8
var,186,SLKLNSVDS,6
var,186,SLKLNSVDA,7
var,186,SLKLNSVDP,7
var,186,SLKLNSMQS,5
var,186,SLKLNSMQA,6
var,186,SLKLNSMQP,6
var,186,SLKLNSMTS,6
var,186,SLKLNSMTA,7
var,186,SLKLNSMTP,7
var,186,SLKLNSMDS,5
var,186,SLKLNSMDA,6
var,186,SLKLNSMDP,6
var,186,SLKLNNLQS,4
var,186,SLKLNNLQA,5
var,186,SLKLNNLQP,5
var,186,SLKLNNLTS,5
var,186,SLKLNNLTA,6
var,186,SLKLNNLTP,6
var,186,SLKLNNLDS,4
var,186,SLKLNNLDA,5
var,186,SLKLNNLDP,5
var,186,SLKLNNVQS,5
var,186,SLKLNNVQA,6
var,186,SLKLNNVQP,6
var,186,SLKLNNVTS,6
var,186,SLKLNNVTA,7
var,186,SLKLNNVTP,7
var,186,SLKLNNVDS,5
var,186,SLKLNNVDA,6
var,186,SLKLNNVDP,6
var,186,SLKLNNMQS,4
var,186,SLKLNNMQA,5
var,186,SLKLNNMQP,5
var,186,SLKLNNMTS,5
var,186,SLKLNNMTA,6
var,186,SLKLNNMTP,6
var,186,SLKLNNMDS,4
var,186,SLKLNNMDA,5
var,186,SLKLNNMDP,5
var,186,SLKLSSLQS,6
var,186,SLKLSSLQA,7
var,186,SLKLSSLQP,6
var,186,SLKLSSLTS,7
var,186,SLKLSSLTA,8
var,186,SLKLSSLTP,7
var,186,SLKLSSLDS,6
var,186,SLKLSSLDA,7
var,186,SLKLSSLDP,6
var,186,SLKLSSVQS,7
var,186,SLKLSSVQA,8
var,186,SLKLSSVQP,7
var,186,SLKLSSVTS,8
var,186,SLKLSSVTA,9
var,186,SLKLSSVTP,8
var,186,SLKLSSVDS,7
var,186,SLKLSSVDA,8
var,186,SLKLSSVDP,7
var,186,SLKLSSMQS,6
var,186,SLKLSSMQA,7
var,186,SLKLSSMQP,6
var,186,SLKLSSMTS,7
var,186,SLKLSSMTA,8
var,186,SLKLSSMTP,7
var,186,SLKLSSMDS,6
var,186,SLKLSSMDA,7
var,186,SLKLSSMDP,6
var,186,SLKLSNLQS,5
var,186,SLKLSNLQA,6
var,186,SLKLSNLQP,5
var,186,SLKLSNLTS,6
var,186,SLKLSNLTA,7
var,186,SLKLSNLTP,6
var,186,SLKLSNLDS,5
var,186,SLKLSNLDA,6
var,186,SLKLSNLDP,5
var,186,SLKLSNVQS,6
var,186,SLKLSNVQA,7
var,186,SLKLSNVQP,6
var,186,SLKLSNVTS,7
var,186,SLKLSNVTA,8
var,186,SLKLSNVTP,7
var,186,SLKLSNVDS,6
var,186,SLKLSNVDA,7
var,186,SLKLSNVDP,6
var,186,SLKLSNMQS,5
var,186,SLKLSNMQA,6
var,186,SLKLSNMQP,5
var,186,SLKLSNMTS,6
var,186,SLKLSNMTA,7
var,186,SLKLSNMTP,6
var,186,SLKLSNMDS,5
var,186,SLKLSNMDA,6
var,186,SLKLSNMDP,5
var,186,SLKLTSLQS,5
var,186,SLKLTSLQA,6
var,186,SLKLTSLQP,5
var,186,SLKLTSLTS,6
var,186,SLKLTSLTA,7
var,186,SLKLTSLTP,6
var,186,SLKLTSLDS,5
var,186,SLKLTSLDA,6
var,186,SLKLTSLDP,5
var,186,SLKLTSVQS,6
var,186,SLKLTSVQA,7
var,186,SLKLTSVQP,6
var,186,SLKLTSVTS,7
var,186,SLKLTSVTA,8
var,186,SLKLTSVTP,7
var,186,SLKLTSVDS,6
var,186,SLKLTSVDA,7
var,186,SLKLTSVDP,6
var,186,SLKLTSMQS,5
var,186,SLKLTSMQA,6
var,186,SLKLTSMQP,5
var,186,SLKLTSMTS,6
var,186,SLKLTSMTA,7
var,186,SLKLTSMTP,6
var,186,SLKLTSMDS,5
var,186,SLKLTSMDA,6
var,186,SLKLTSMDP,5
var,186,SLKLTNLQS,4
var,186,SLKLTNLQA,5
var,186,SLKLTNLQP,4
var,186,SLKLTNLTS,5
var,186,SLKLTNLTA,6
var,186,SLKLTNLTP,5
var,186,SLKLTNLDS,4
var,186,SLKLTNLDA,5
var,186,SLKLTNLDP,5
var,186,SLKLTNVQS,5
var,186,SLKLTNVQA,6
var,186,SLKLTNVQP,5
var,186,SLKLTNVTS,6
var,186,SLKLTNVTA,7
var,186,SLKLTNVTP,6
var,186,SLKLTNVDS,5
var,186,SLKLTNVDA,6
var,186,SLKLTNVDP,5
var,186,SLKLTNMQS,4
var,186,SLKLTNMQA,5
var,186,SLKLTNMQP,5
var,186,SLKLTNMTS,5
var,186,SLKLTNMTA,6
var,186,SLKLTNMTP,5
var,186,SLKLTNMDS,5
var,186,SLKLTNMDA,5
var,186,SLKLTNMDP,6
var,186,SLTMNSLQS,5
var,186,SLTMNSLQA,6
var,186,SLTMNSLQP,5
var,186,SLTMNSLTS,5
var,186,SLTMNSLTA,6
var,186,SLTMNSLTP,6
var,186,SLTMNSLDS,5
var,186,SLTMNSLDA,6
var,186,SLTMNSLDP,5
var,186,SLTMNSVQS,5
var,186,SLTMNSVQA,5
var,186,SLTMNSVQP,6
var,186,SLTMNSVTS,6
var,186,SLTMNSVTA,6
var,186,SLTMNSVTP,7
var,186,SLTMNSVDS,5
var,186,SLTMNSVDA,5
var,186,SLTMNSVDP,6
var,186,SLTMNSMQS,4
var,186,SLTMNSMQA,5
var,186,SLTMNSMQP,5
var,186,SLTMNSMTS,5
var,186,SLTMNSMTA,5
var,186,SLTMNSMTP,6
var,186,SLTMNSMDS,5
var,186,SLTMNSMDA,5
var,186,SLTMNSMDP,6
var,186,SLTMNNLQS,5
var,186,SLTMNNLQA,6
var,186,SLTMNNLQP,5
var,186,SLTMNNLTS,5
var,186,SLTMNNLTA,6
var,186,SLTMNNLTP,5
var,186,SLTMNNLDS,5
var,186,SLTMNNLDA,6
var,186,SLTMNNLDP,6
var,186,SLTMNNVQS,4
var,186,SLTMNNVQA,5
var,186,SLTMNNVQP,5
var,186,SLTMNNVTS,5
var,186,SLTMNNVTA,5
var,186,SLTMNNVTP,6
var,186,SLTMNNVDS,5
var,186,SLTMNNVDA,5
var,186,SLTMNNVDP,6
var,186,SLTMNNMQS,5
var,186,SLTMNNMQA,5
var,186,SLTMNNMQP,6
var,186,SLTMNNMTS,5
var,186,SLTMNNMTA,5
var,186,SLTMNNMTP,6
var,186,SLTMNNMDS,6
var,186,SLTMNNMDA,6
var,186,SLTMNNMDP,7
var,186,SLTMSSLQS,5
var,186,SLTMSSLQA,6
var,186,SLTMSSLQP,5
var,186,SLTMSSLTS,5
var,186,SLTMSSLTA,6
var,186,SLTMSSLTP,5
var,186,SLTMSSLDS,5
var,186,SLTMSSLDA,6
var,186,SLTMSSLDP,5
var,186,SLTMSSVQS,5
var,186,SLTMSSVQA,6
var,186,SLTMSSVQP,5
var,186,SLTMSSVTS,6
var,186,SLTMSSVTA,7
var,186,SLTMSSVTP,6
var,186,SLTMSSVDS,5
var,186,SLTMSSVDA,6
var,186,SLTMSSVDP,5
var,186,SLTMSSMQS,4
var,186,SLTMSSMQA,5
var,186,SLTMSSMQP,5
var,186,SLTMSSMTS,5
var,186,SLTMSSMTA,6
var,186,SLTMSSMTP,5
var,186,SLTMSSMDS,5
var,186,SLTMSSMDA,5
var,186,SLTMSSMDP,6
var,186,SLTMSNLQS,5
var,186,SLTMSNLQA,5
var,186,SLTMSNLQP,5
var,186,SLTMSNLTS,5
var,186,SLTMSNLTA,5
var,186,SLTMSNLTP,5
var,186,SLTMSNLDS,5
var,186,SLTMSNLDA,5
var,186,SLTMSNLDP,6
var,186,SLTMSNVQS,4
var,186,SLTMSNVQA,5
var,186,SLTMSNVQP,5
var,186,SLTMSNVTS,5
var,186,SLTMSNVTA,6
var,186,SLTMSNVTP,5
var,186,SLTMSNVDS,5
var,186,SLTMSNVDA,5
var,186,SLTMSNVDP,6
var,186,SLTMSNMQS,5
var,186,SLTMSNMQA,5
var,186,SLTMSNMQP,6
var,186,SLTMSNMTS,5
var,186,SLTMSNMTA,5
var,186,SLTMSNMTP,6
var,186,SLTMSNMDS,6
var,186,SLTMSNMDA,6
var,186,SLTMSNMDP,7
var,186,SLTMTSLQS,4
var,186,SLTMTSLQA,5
var,186,SLTMTSLQP,5
var,186,SLTMTSLTS,4
var,186,SLTMTSLTA,5
var,186,SLTMTSLTP,5
var,186,SLTMTSLDS,5
var,186,SLTMTSLDA,5
var,186,SLTMTSLDP,6
var,186,SLTMTSVQS,4
var,186,SLTMTSVQA,5
var,186,SLTMTSVQP,5
var,186,SLTMTSVTS,5
var,186,SLTMTSVTA,6
var,186,SLTMTSVTP,6
var,186,SLTMTSVDS,5
var,186,SLTMTSVDA,5
var,186,SLTMTSVDP,6
var,186,SLTMTSMQS,5
var,186,SLTMTSMQA,5
var,186,SLTMTSMQP,6
var,186,SLTMTSMTS,5
var,186,SLTMTSMTA,5
var,186,SLTMTSMTP,6
var,186,SLTMTSMDS,6
var,186,SLTMTSMDA,6
var,186,SLTMTSMDP,7
var,186,SLTMTNLQS,5
var,186,SLTMTNLQA,5
var,186,SLTMTNLQP,6
var,186,SLTMTNLTS,5
var,186,SLTMTNLTA,5
var,186,SLTMTNLTP,6
var,186,SLTMTNLDS,6
var,186,SLTMTNLDA,6
var,186,SLTMTNLDP,7
var,186,SLTMTNVQS,5
var,186,SLTMTNVQA,5
var,186,SLTMTNVQP,6
var,186,SLTMTNVTS,5
var,186,SLTMTNVTA,5
var,186,SLTMTNVTP,6
var,186,SLTMTNVDS,6
var,186,SLTMTNVDA,6
var,186,SLTMTNVDP,7
var,186,SLTMTNMQS,6
var,186,SLTMTNMQA,6
var,186,SLTMTNMQP,7
var,186,SLTMTNMTS,6
var,186,SLTMTNMTA,6
var,186,SLTMTNMTP,7
var,186,SLTMTNMDS,7
var,186,SLTMTNMDA,7
var,186,SLTMTNMDP,8
var,186,SLTLNSLQS,5
var,186,SLTLNSLQA,5
var,186,SLTLNSLQP,6
var,186,SLTLNSLTS,6
var,186,SLTLNSLTA,6
var,186,SLTLNSLTP,7
var,186,SLTLNSLDS,5
var,186,SLTLNSLDA,5
var,186,SLTLNSLDP,6
var,186,SLTLNSVQS,6
var,186,SLTLNSVQA,6
var,186,SLTLNSVQP,7
var,186,SLTLNSVTS,7
var,186,SLTLNSVTA,7
var,186,SLTLNSVTP,8
var,186,SLTLNSVDS,6
var,186,SLTLNSVDA,6
var,186,SLTLNSVDP,7
var,186,SLTLNSMQS,5
var,186,SLTLNSMQA,5
var,186,SLTLNSMQP,6
var,186,SLTLNSMTS,6
var,186,SLTLNSMTA,6
var,186,SLTLNSMTP,7
var,186,SLTLNSMDS,5
var,186,SLTLNSMDA,5
var,186,SLTLNSMDP,6
var,186,SLTLNNLQS,4
var,186,SLTLNNLQA,5
var,186,SLTLNNLQP,5
var,186,SLTLNNLTS,5
var,186,SLTLNNLTA,5
var,186,SLTLNNLTP,6
var,186,SLTLNNLDS,4
var,186,SLTLNNLDA,5
var,186,SLTLNNLDP,5
var,186,SLTLNNVQS,5
var,186,SLTLNNVQA,5
var,186,SLTLNNVQP,6
var,186,SLTLNNVTS,6
var,186,SLTLNNVTA,6
var,186,SLTLNNVTP,7
var,186,SLTLNNVDS,5
var,186,SLTLNNVDA,5
var,186,SLTLNNVDP,6
var,186,SLTLNNMQS,4
var,186,SLTLNNMQA,4
var,186,SLTLNNMQP,5
var,186,SLTLNNMTS,5
var,186,SLTLNNMTA,5
var,186,SLTLNNMTP,6
var,186,SLTLNNMDS,5
var,186,SLTLNNMDA,5
var,186,SLTLNNMDP,6
var,186,SLTLSSLQS,5
var,186,SLTLSSLQA,6
var,186,SLTLSSLQP,5
var,186,SLTLSSLTS,6
var,186,SLTLSSLTA,7
var,186,SLTLSSLTP,6
var,186,SLTLSSLDS,5
var,186,SLTLSSLDA,6
var,186,SLTLSSLDP,5
var,186,SLTLSSVQS,6
var,186,SLTLSSVQA,7
var,186,SLTLSSVQP,6
var,186,SLTLSSVTS,7
var,186,SLTLSSVTA,8
var,186,SLTLSSVTP,7
var,186,SLTLSSVDS,6
var,186,SLTLSSVDA,7
var,186,SLTLSSVDP,6
var,186,SLTLSSMQS,5
var,186,SLTLSSMQA,6
var,186,SLTLSSMQP,5
var,186,SLTLSSMTS,6
var,186,SLTLSSMTA,7
var,186,SLTLSSMTP,6
var,186,SLTLSSMDS,5
var,186,SLTLSSMDA,6
var,186,SLTLSSMDP,5
var,186,SLTLSNLQS,4
var,186,SLTLSNLQA,5
var,186,SLTLSNLQP,4
var,186,SLTLSNLTS,5
var,186,SLTLSNLTA,6
var,186,SLTLSNLTP,5
var,186,SLTLSNLDS,4
var,186,SLTLSNLDA,5
var,186,SLTLSNLDP,5
var,186,SLTLSNVQS,5
var,186,SLTLSNVQA,6
var,186,SLTLSNVQP,5
var,186,SLTLSNVTS,6
var,186,SLTLSNVTA,7
var,186,SLTLSNVTP,6
var,186,SLTLSNVDS,5
var,186,SLTLSNVDA,6
var,186,SLTLSNVDP,5
var,186,SLTLSNMQS,4
var,186,SLTLSNMQA,5
var,186,SLTLSNMQP,5
var,186,SLTLSNMTS,5
var,186,SLTLSNMTA,6
var,186,SLTLSNMTP,5
var,186,SLTLSNMDS,5
var,186,SLTLSNMDA,5
var,186,SLTLSNMDP,6
var,186,SLTLTSLQS,4
var,186,SLTLTSLQA,5
var,186,SLTLTSLQP,5
var,186,SLTLTSLTS,5
var,186,SLTLTSLTA,6
var,186,SLTLTSLTP,6
var,186,SLTLTSLDS,4
var,186,SLTLTSLDA,5
var,186,SLTLTSLDP,5
var,186,SLTLTSVQS,5
var,186,SLTLTSVQA,6
var,186,SLTLTSVQP,6
var,186,SLTLTSVTS,6
var,186,SLTLTSVTA,7
var,186,SLTLTSVTP,7
var,186,SLTLTSVDS,5
var,186,SLTLTSVDA,6
var,186,SLTLTSVDP,6
var,186,SLTLTSMQS,4
var,186,SLTLTSMQA,5
var,186,SLTLTSMQP,5
var,186,SLTLTSMTS,5
var,186,SLTLTSMTA,6
var,186,SLTLTSMTP,6
var,186,SLTLTSMDS,5
var,186,SLTLTSMDA,5
var,186,SLTLTSMDP,6
var,186,SLTLTNLQS,4
var,186,SLTLTNLQA,4
var,186,SLTLTNLQP,5
var,186,SLTLTNLTS,4
var,186,SLTLTNLTA,5
var,186,SLTLTNLTP,5
var,186,SLTLTNLDS,5
var,186,SLTLTNLDA,5
var,186,SLTLTNLDP,6
var,186,SLTLTNVQS,4
var,186,SLTLTNVQA,5
var,186,SLTLTNVQP,5
var,186,SLTLTNVTS,5
var,186,SLTLTNVTA,6
var,186,SLTLTNVTP,6
var,186,SLTLTNVDS,5
var,186,SLTLTNVDA,5
var,186,SLTLTNVDP,6
var,186,SLTLTNMQS,5
var,186,SLTLTNMQA,5
var,186,SLTLTNMQP,6
var,186,SLTLTNMTS,5
var,186,SLTLTNMTA,5
var,186,SLTLTNMTP,6
var,186,SLTLTNMDS,6
var,186,SLTLTNMDA,6
var,186,SLTLTNMDP,7
var,186,VFKMNSLQS,4
var,186,VFKMNSLQA,5
var,186,VFKMNSLQP,4
var,186,VFKMNSLTS,4
var,186,VFKMNSLTA,5
var,186,VFKMNSLTP,4
var,186,VFKMNSLDS,4
var,186,VFKMNSLDA,5
var,186,VFKMNSLDP,4
var,186,VFKMNSVQS,3
var,186,VFKMNSVQA,4
var,186,VFKMNSVQP,4
var,186,VFKMNSVTS,4
var,186,VFKMNSVTA,5
var,186,VFKMNSVTP,5
var,186,VFKMNSVDS,3
var,186,VFKMNSVDA,4
var,186,VFKMNSVDP,4
var,186,VFKMNSMQS,3
var,186,VFKMNSMQA,4
var,186,VFKMNSMQP,4
var,186,VFKMNSMTS,3
var,186,VFKMNSMTA,4
var,186,VFKMNSMTP,4
var,186,VFKMNSMDS,4
var,186,VFKMNSMDA,4
var,186,VFKMNSMDP,5
var,186,VFKMNNLQS,4
var,186,VFKMNNLQA,5
var,186,VFKMNNLQP,4
var,186,VFKMNNLTS,4
var,186,VFKMNNLTA,5
var,186,VFKMNNLTP,4
var,186,VFKMNNLDS,4
var,186,VFKMNNLDA,5
var,186,VFKMNNLDP,5
var,186,VFKMNNVQS,3
var,186,VFKMNNVQA,4
var,186,VFKMNNVQP,4
var,186,VFKMNNVTS,3
var,186,VFKMNNVTA,4
var,186,VFKMNNVTP,4
var,186,VFKMNNVDS,4
var,186,VFKMNNVDA,4
var,186,VFKMNNVDP,5
var,186,VFKMNNMQS,4
var,186,VFKMNNMQA,4
var,186,VFKMNNMQP,5
var,186,VFKMNNMTS,4
var,186,VFKMNNMTA,4
var,186,VFKMNNMTP,5
var,186,VFKMNNMDS,5
var,186,VFKMNNMDA,5
var,186,VFKMNNMDP,6
var,186,VFKMSSLQS,4
var,186,VFKMSSLQA,5
var,186,VFKMSSLQP,4
var,186,VFKMSSLTS,5
var,186,VFKMSSLTA,5
var,186,VFKMSSLTP,4
var,186,VFKMSSLDS,4
var,186,VFKMSSLDA,5
var,186,VFKMSSLDP,4
var,186,VFKMSSVQS,4
var,186,VFKMSSVQA,5
var,186,VFKMSSVQP,4
var,186,VFKMSSVTS,5
var,186,VFKMSSVTA,6
var,186,VFKMSSVTP,5
var,186,VFKMSSVDS,4
var,186,VFKMSSVDA,5
var,186,VFKMSSVDP,4
var,186,VFKMSSMQS,3
var,186,VFKMSSMQA,4
var,186,VFKMSSMQP,4
var,186,VFKMSSMTS,4
var,186,VFKMSSMTA,5
var,186,VFKMSSMTP,4
var,186,VFKMSSMDS,4
var,186,VFKMSSMDA,4
var,186,VFKMSSMDP,5
var,186,VFKMSNLQS,4
var,186,VFKMSNLQA,4
var,186,VFKMSNLQP,4
var,186,VFKMSNLTS,4
var,186,VFKMSNLTA,4
var,186,VFKMSNLTP,4
var,186,VFKMSNLDS,4
var,186,VFKMSNLDA,4
var,186,VFKMSNLDP,5
var,186,VFKMSNVQS,3
var,186,VFKMSNVQA,4
var,186,VFKMSNVQP,4
var,186,VFKMSNVTS,4
var,186,VFKMSNVTA,5
var,186,VFKMSNVTP,4
var,186,VFKMSNVDS,4
var,186,VFKMSNVDA,4
var,186,VFKMSNVDP,5
var,186,VFKMSNMQS,4
var,186,VFKMSNMQA,4
var,186,VFKMSNMQP,5
var,186,VFKMSNMTS,4
var,186,VFKMSNMTA,4
var,186,VFKMSNMTP,5
var,186,VFKMSNMDS,5
var,186,VFKMSNMDA,5
var,186,VFKMSNMDP,6
var,186,VFKMTSLQS,3
var,186,VFKMTSLQA,4
var,186,VFKMTSLQP,4
var,186,VFKMTSLTS,4
var,186,VFKMTSLTA,4
var,186,VFKMTSLTP,4
var,186,VFKMTSLDS,4
var,186,VFKMTSLDA,4
var,186,VFKMTSLDP,5
var,186,VFKMTSVQS,3
var,186,VFKMTSVQA,4
var,186,VFKMTSVQP,4
var,186,VFKMTSVTS,4
var,186,VFKMTSVTA,5
var,186,VFKMTSVTP,4
var,186,VFKMTSVDS,4
var,186,VFKMTSVDA,4
var,186,VFKMTSVDP,5
var,186,VFKMTSMQS,4
var,186,VFKMTSMQA,4
var,186,VFKMTSMQP,5
var,186,VFKMTSMTS,4
var,186,VFKMTSMTA,4
var,186,VFKMTSMTP,5
var,186,VFKMTSMDS,5
var,186,VFKMTSMDA,5
var,186,VFKMTSMDP,6
var,186,VFKMTNLQS,4
var,186,VFKMTNLQA,4
var,186,VFKMTNLQP,5
var,186,VFKMTNLTS,4
var,186,VFKMTNLTA,4
var,186,VFKMTNLTP,5
var,186,VFKMTNLDS,5
var,186,VFKMTNLDA,5
var,186,VFKMTNLDP,6
var,186,VFKMTNVQS,4
var,186,VFKMTNVQA,4
var,186,VFKMTNVQP,5
var,186,VFKMTNVTS,4
var,186,VFKMTNVTA,4
var,186,VFKMTNVTP,5
var,186,VFKMTNVDS,5
var,186,VFKMTNVDA,5
var,186,VFKMTNVDP,6
var,186,VFKMTNMQS,5
var,186,VFKMTNMQA,5
var,186,VFKMTNMQP,6
var,186,VFKMTNMTS,5
var,186,VFKMTNMTA,5
var,186,VFKMTNMTP,6
var,186,VFKMTNMDS,6
var,186,VFKMTNMDA,6
var,186,VFKMTNMDP,7
var,186,VFKLNSLQS,4
var,186,VFKLNSLQA,4
var,186,VFKLNSLQP,4
var,186,VFKLNSLTS,5
var,186,VFKLNSLTA,5
var,186,VFKLNSLTP,5
var,186,VFKLNSLDS,4
var,186,VFKLNSLDA,4
var,186,VFKLNSLDP,4
var,186,VFKLNSVQS,4
var,186,VFKLNSVQA,5
var,186,VFKLNSVQP,5
var,186,VFKLNSVTS,5
var,186,VFKLNSVTA,6
var,186,VFKLNSVTP,6
var,186,VFKLNSVDS,4
var,186,VFKLNSVDA,5
var,186,VFKLNSVDP,5
var,186,VFKLNSMQS,3
var,186,VFKLNSMQA,4
var,186,VFKLNSMQP,4
var,186,VFKLNSMTS,4
var,186,VFKLNSMTA,5
var,186,VFKLNSMTP,5
var,186,VFKLNSMDS,3
var,186,VFKLNSMDA,4
var,186,VFKLNSMDP,4
var,186,VFKLNNLQS,3
var,186,VFKLNNLQA,4
var,186,VFKLNNLQP,3
var,186,VFKLNNLTS,4
var,186,VFKLNNLTA,4
var,186,VFKLNNLTP,4
var,186,VFKLNNLDS,3
var,186,VFKLNNLDA,4
var,186,VFKLNNLDP,4
var,186,VFKLNNVQS,3
var,186,VFKLNNVQA,4
var,186,VFKLNNVQP,4
var,186,VFKLNNVTS,4
var,186,VFKLNNVTA,5
var,186,VFKLNNVTP,5
var,186,VFKLNNVDS,3
var,186,VFKLNNVDA,4
var,186,VFKLNNVDP,4
var,186,VFKLNNMQS,3
var,186,VFKLNNMQA,3
var,186,VFKLNNMQP,4
var,186,VFKLNNMTS,3
var,186,VFKLNNMTA,4
var,186,VFKLNNMTP,4
var,186,VFKLNNMDS,4
var,186,VFKLNNMDA,4
var,186,VFKLNNMDP,5
var,186,VFKLSSLQS,5
var,186,VFKLSSLQA,5
var,186,VFKLSSLQP,4
var,186,VFKLSSLTS,6
var,186,VFKLSSLTA,6
var,186,VFKLSSLTP,5
var,186,VFKLSSLDS,5
var,186,VFKLSSLDA,5
var,186,VFKLSSLDP,4
var,186,VFKLSSVQS,5
var,186,VFKLSSVQA,6
var,186,VFKLSSVQP,5
var,186,VFKLSSVTS,6
var,186,VFKLSSVTA,7
var,186,VFKLSSVTP,6
var,186,VFKLSSVDS,5
var,186,VFKLSSVDA,6
var,186,VFKLSSVDP,5
var,186,VFKLSSMQS,4
var,186,VFKLSSMQA,5
var,186,VFKLSSMQP,4
var,186,VFKLSSMTS,5
var,186,VFKLSSMTA,6
var,186,VFKLSSMTP,5
var,186,VFKLSSMDS,4
var,186,VFKLSSMDA,5
var,186,VFKLSSMDP,4
var,186,VFKLSNLQS,4
var,186,VFKLSNLQA,4
var,186,VFKLSNLQP,3
var,186,VFKLSNLTS,5
var,186,VFKLSNLTA,5
var,186,VFKLSNLTP,4
var,186,VFKLSNLDS,4
var,186,VFKLSNLDA,4
var,186,VFKLSNLDP,4
var,186,VFKLSNVQS,4
var,186,VFKLSNVQA,5
var,186,VFKLSNVQP,4
var,186,VFKLSNVTS,5
var,186,VFKLSNVTA,6
var,186,VFKLSNVTP,5
var,186,VFKLSNVDS,4
var,186,VFKLSNVDA,5
var,186,VFKLSNVDP,4
var,186,VFKLSNMQS,3
var,186,VFKLSNMQA,4
var,186,VFKLSNMQP,4
var,186,VFKLSNMTS,4
var,186,VFKLSNMTA,5
var,186,VFKLSNMTP,4
var,186,VFKLSNMDS,4
var,186,VFKLSNMDA,4
var,186,VFKLSNMDP,5
var,186,VFKLTSLQS,4
var,186,VFKLTSLQA,4
var,186,VFKLTSLQP,3
var,186,VFKLTSLTS,5
var,186,VFKLTSLTA,5
var,186,VFKLTSLTP,4
var,186,VFKLTSLDS,4
var,186,VFKLTSLDA,4
var,186,VFKLTSLDP,4
var,186,VFKLTSVQS,4
var,186,VFKLTSVQA,5
var,186,VFKLTSVQP,4
var,186,VFKLTSVTS,5
var,186,VFKLTSVTA,6
var,186,VFKLTSVTP,5
var,186,VFKLTSVDS,4
var,186,VFKLTSVDA,5
var,186,VFKLTSVDP,4
var,186,VFKLTSMQS,3
var,186,VFKLTSMQA,4
var,186,VFKLTSMQP,4
var,186,VFKLTSMTS,4
var,186,VFKLTSMTA,5
var,186,VFKLTSMTP,4
var,186,VFKLTSMDS,4
var,186,VFKLTSMDA,4
var,186,VFKLTSMDP,5
var,186,VFKLTNLQS,3
var,186,VFKLTNLQA,3
var,186,VFKLTNLQP,4
var,186,VFKLTNLTS,4
var,186,VFKLTNLTA,4
var,186,VFKLTNLTP,4
var,186,VFKLTNLDS,4
var,186,VFKLTNLDA,4
var,186,VFKLTNLDP,5
var,186,VFKLTNVQS,3
var,186,VFKLTNVQA,4
var,186,VFKLTNVQP,4
var,186,VFKLTNVTS,4
var,186,VFKLTNVTA,5
var,186,VFKLTNVTP,4
var,186,VFKLTNVDS,4
var,186,VFKLTNVDA,4
var,186,VFKLTNVDP,5
var,186,VFKLTNMQS,4
var,186,VFKLTNMQA,4
var,186,VFKLTNMQP,5
var,186,VFKLTNMTS,4
var,186,VFKLTNMTA,4
var,186,VFKLTNMTP,5
var,186,VFKLTNMDS,5
var,186,VFKLTNMDA,5
var,186,VFKLTNMDP,6
var,186,VFTMNSLQS,4
var,186,VFTMNSLQA,5
var,186,VFTMNSLQP,4
var,186,VFTMNSLTS,4
var,186,VFTMNSLTA,5
var,186,VFTMNSLTP,4
var,186,VFTMNSLDS,4
var,186,VFTMNSLDA,5
var,186,VFTMNSLDP,5
var,186,VFTMNSVQS,3
var,186,VFTMNSVQA,4
var,186,VFTMNSVQP,4
var,186,VFTMNSVTS,4
var,186,VFTMNSVTA,4
var,186,VFTMNSVTP,5
var,186,VFTMNSVDS,4
var,186,VFTMNSVDA,4
var,186,VFTMNSVDP,5
var,186,VFTMNSMQS,4
var,186,VFTMNSMQA,4
var,186,VFTMNSMQP,5
var,186,VFTMNSMTS,4
var,186,VFTMNSMTA,4
var,186,VFTMNSMTP,5
var,186,VFTMNSMDS,5
var,186,VFTMNSMDA,5
var,186,VFTMNSMDP,6
var,186,VFTMNNLQS,4
var,186,VFTMNNLQA,5
var,186,VFTMNNLQP,5
var,186,VFTMNNLTS,4
var,186,VFTMNNLTA,5
var,186,VFTMNNLTP,5
var,186,VFTMNNLDS,5
var,186,VFTMNNLDA,5
var,186,VFTMNNLDP,6
var,186,VFTMNNVQS,4
var,186,VFTMNNVQA,4
var,186,VFTMNNVQP,5
var,186,VFTMNNVTS,4
var,186,VFTMNNVTA,4
var,186,VFTMNNVTP,5
var,186,VFTMNNVDS,5
var,186,VFTMNNVDA,5
var,186,VFTMNNVDP,6
var,186,VFTMNNMQS,5
var,186,VFTMNNMQA,5
var,186,VFTMNNMQP,6
var,186,VFTMNNMTS,5
var,186,VFTMNNMTA,5
var,186,VFTMNNMTP,6
var,186,VFTMNNMDS,6
var,186,VFTMNNMDA,6
var,186,VFTMNNMDP,7
var,186,VFTMSSLQS,4
var,186,VFTMSSLQA,5
var,186,VFTMSSLQP,4
var,186,VFTMSSLTS,5
var,186,VFTMSSLTA,5
var,186,VFTMSSLTP,4
var,186,VFTMSSLDS,4
var,186,VFTMSSLDA,5
var,186,VFTMSSLDP,5
var,186,VFTMSSVQS,3
var,186,VFTMSSVQA,4
var,186,VFTMSSVQP,4
var,186,VFTMSSVTS,4
var,186,VFTMSSVTA,5
var,186,VFTMSSVTP,4
var,186,VFTMSSVDS,4
var,186,VFTMSSVDA,4
var,186,VFTMSSVDP,5
var,186,VFTMSSMQS,4
var,186,VFTMSSMQA,4
var,186,VFTMSSMQP,5
var,186,VFTMSSMTS,4
var,186,VFTMSSMTA,4
var,186,VFTMSSMTP,5
var,186,VFTMSSMDS,5
var,186,VFTMSSMDA,5
var,186,VFTMSSMDP,6
var,186,VFTMSNLQS,4
var,186,VFTMSNLQA,4
var,186,VFTMSNLQP,5
var,186,VFTMSNLTS,4
var,186,VFTMSNLTA,4
var,186,VFTMSNLTP,5
var,186,VFTMSNLDS,5
var,186,VFTMSNLDA,5
var,186,VFTMSNLDP,6
var,186,VFTMSNVQS,4
var,186,VFTMSNVQA,4
var,186,VFTMSNVQP,5
var,186,VFTMSNVTS,4
var,186,VFTMSNVTA,4
var,186,VFTMSNVTP,5
var,186,VFTMSNVDS,5
var,186,VFTMSNVDA,5
var,186,VFTMSNVDP,6
var,186,VFTMSNMQS,5
var,186,VFTMSNMQA,5
var,186,VFTMSNMQP,6
var,186,VFTMSNMTS,5
var,186,VFTMSNMTA,5
var,186,VFTMSNMTP,6
var,186,VFTMSNMDS,6
var,186,VFTMSNMDA,6
var,186,VFTMSNMDP,7
var,186,VFTMTSLQS,4
var,186,VFTMTSLQA,4
var,186,VFTMTSLQP,5
var,186,VFTMTSLTS,4
var,186,VFTMTSLTA,4
var,186,VFTMTSLTP,5
var,186,VFTMTSLDS,5
var,186,VFTMTSLDA,5
var,186,VFTMTSLDP,6
var,186,VFTMTSVQS,4
var,186,VFTMTSVQA,4
var,186,VFTMTSVQP,5
var,186,VFTMTSVTS,4
var,186,VFTMTSVTA,4
var,186,VFTMTSVTP,5
var,186,VFTMTSVDS,5
var,186,VFTMTSVDA,5
var,186,VFTMTSVDP,6
var,186,VFTMTSMQS,5
var,186,VFTMTSMQA,5
var,186,VFTMTSMQP,6
var,186,VFTMTSMTS,5
var,186,VFTMTSMTA,5
var,186,VFTMTSMTP,6
var,186,VFTMTSMDS,6
var,186,VFTMTSMDA,6
var,186,VFTMTSMDP,7
var,186,VFTMTNLQS,5
var,186,VFTMTNLQA,5
var,186,VFTMTNLQP,6
var,186,VFTMTNLTS,5
var,186,VFTMTNLTA,5
var,186,VFTMTNLTP,6
var,186,VFTMTNLDS,6
var,186,VFTMTNLDA,6
var,186,VFTMTNLDP,7
var,186,VFTMTNVQS,5
var,186,VFTMTNVQA,5
var,186,VFTMTNVQP,6
var,186,VFTMTNVTS,5
var,186,VFTMTNVTA,5
var,186,VFTMTNVTP,6
var,186,VFTMTNVDS,6
var,186,VFTMTNVDA,6
var,186,VFTMTNVDP,7
var,186,VFTMTNMQS,6
var,186,VFTMTNMQA,6
var,186,VFTMTNMQP,7
var,186,VFTMTNMTS,6
var,186,VFTMTNMTA,6
var,186,VFTMTNMTP,7
var,186,VFTMTNMDS,7
var,186,VFTMTNMDA,7
var,186,VFTMTNMDP,8
var,186,VFTLNSLQS,4
var,186,VFTLNSLQA,4
var,186,VFTLNSLQP,4
var,186,VFTLNSLTS,5
var,186,VFTLNSLTA,4
var,186,VFTLNSLTP,5
var,186,VFTLNSLDS,4
var,186,VFTLNSLDA,4
var,186,VFTLNSLDP,4
var,186,VFTLNSVQS,4
var,186,VFTLNSVQA,4
var,186,VFTLNSVQP,5
var,186,VFTLNSVTS,5
var,186,VFTLNSVTA,5
var,186,VFTLNSVTP,6
var,186,VFTLNSVDS,4
var,186,VFTLNSVDA,4
var,186,VFTLNSVDP,5
var,186,VFTLNSMQS,3
var,186,VFTLNSMQA,3
var,186,VFTLNSMQP,4
var,186,VFTLNSMTS,4
var,186,VFTLNSMTA,4
var,186,VFTLNSMTP,5
var,186,VFTLNSMDS,4
var,186,VFTLNSMDA,4
var,186,VFTLNSMDP,5
var,186,VFTLNNLQS,3
var,186,VFTLNNLQA,4
var,186,VFTLNNLQP,4
var,186,VFTLNNLTS,4
var,186,VFTLNNLTA,4
var,186,VFTLNNLTP,4
var,186,VFTLNNLDS,4
var,186,VFTLNNLDA,4
var,186,VFTLNNLDP,5
var,186,VFTLNNVQS,3
var,186,VFTLNNVQA,3
var,186,VFTLNNVQP,4
var,186,VFTLNNVTS,4
var,186,VFTLNNVTA,4
var,186,VFTLNNVTP,5
var,186,VFTLNNVDS,4
var,186,VFTLNNVDA,4
var,186,VFTLNNVDP,5
var,186,VFTLNNMQS,4
var,186,VFTLNNMQA,4
var,186,VFTLNNMQP,5
var,186,VFTLNNMTS,4
var,186,VFTLNNMTA,4
var,186,VFTLNNMTP,5
var,186,VFTLNNMDS,5
var,186,VFTLNNMDA,5
var,186,VFTLNNMDP,6
var,186,VFTLSSLQS,5
var,186,VFTLSSLQA,4
var,186,VFTLSSLQP,4
var,186,VFTLSSLTS,6
var,186,VFTLSSLTA,5
var,186,VFTLSSLTP,5
var,186,VFTLSSLDS,5
var,186,VFTLSSLDA,4
var,186,VFTLSSLDP,4
var,186,VFTLSSVQS,4
var,186,VFTLSSVQA,5
var,186,VFTLSSVQP,4
var,186,VFTLSSVTS,5
var,186,VFTLSSVTA,6
var,186,VFTLSSVTP,5
var,186,VFTLSSVDS,4
var,186,VFTLSSVDA,5
var,186,VFTLSSVDP,4
var,186,VFTLSSMQS,4
var,186,VFTLSSMQA,4
var,186,VFTLSSMQP,4
var,186,VFTLSSMTS,5
var,186,VFTLSSMTA,5
var,186,VFTLSSMTP,4
var,186,VFTLSSMDS,4
var,186,VFTLSSMDA,4
var,186,VFTLSSMDP,5
var,186,VFTLSNLQS,4
var,186,VFTLSNLQA,3
var,186,VFTLSNLQP,4
var,186,VFTLSNLTS,5
var,186,VFTLSNLTA,4
var,186,VFTLSNLTP,4
var,186,VFTLSNLDS,4
var,186,VFTLSNLDA,4
var,186,VFTLSNLDP,5
var,186,VFTLSNVQS,3
var,186,VFTLSNVQA,4
var,186,VFTLSNVQP,4
var,186,VFTLSNVTS,4
var,186,VFTLSNVTA,5
var,186,VFTLSNVTP,4
var,186,VFTLSNVDS,4
var,186,VFTLSNVDA,4
var,186,VFTLSNVDP,5
var,186,VFTLSNMQS,4
var,186,VFTLSNMQA,4
var,186,VFTLSNMQP,5
var,186,VFTLSNMTS,4
var,186,VFTLSNMTA,4
var,186,VFTLSNMTP,5
var,186,VFTLSNMDS,5
var,186,VFTLSNMDA,5
var,186,VFTLSNMDP,6
var,186,VFTLTSLQS,4
var,186,VFTLTSLQA,3
var,186,VFTLTSLQP,4
var,186,VFTLTSLTS,5
var,186,VFTLTSLTA,4
var,186,VFTLTSLTP,4
var,186,VFTLTSLDS,4
var,186,VFTLTSLDA,4
var,186,VFTLTSLDP,5
var,186,VFTLTSVQS,3
var,186,VFTLTSVQA,4
var,186,VFTLTSVQP,4
var,186,VFTLTSVTS,4
var,186,VFTLTSVTA,5
var,186,VFTLTSVTP,5
var,186,VFTLTSVDS,4
var,186,VFTLTSVDA,4
var,186,VFTLTSVDP,5
var,186,VFTLTSMQS,4
var,186,VFTLTSMQA,4
var,186,VFTLTSMQP,5
var,186,VFTLTSMTS,4
var,186,VFTLTSMTA,4
var,186,VFTLTSMTP,5
var,186,VFTLTSMDS,5
var,186,VFTLTSMDA,5
var,186,VFTLTSMDP,6
var,186,VFTLTNLQS,4
var,186,VFTLTNLQA,4
var,186,VFTLTNLQP,5
var,186,VFTLTNLTS,4
var,186,VFTLTNLTA,4
var,186,VFTLTNLTP,5
var,186,VFTLTNLDS,5
var,186,VFTLTNLDA,5
var,186,VFTLTNLDP,6
var,186,VFTLTNVQS,4
var,186,VFTLTNVQA,4
var,186,VFTLTNVQP,5
var,186,VFTLTNVTS,4
var,186,VFTLTNVTA,4
var,186,VFTLTNVTP,5
var,186,VFTLTNVDS,5
var,186,VFTLTNVDA,5
var,186,VFTLTNVDP,6
var,186,VFTLTNMQS,5
var,186,VFTLTNMQA,5
var,186,VFTLTNMQP,6
var,186,VFTLTNMTS,5
var,186,VFTLTNMTA,5
var,186,VFTLTNMTP,6
var,186,VFTLTNMDS,6
var,186,VFTLTNMDA,6
var,186,VFTLTNMDP,7
var,186,VLKMNSLQS,5
var,186,VLKMNSLQA,6
var,186,VLKMNSLQP,5
var,186,VLKMNSLTS,5
var,186,VLKMNSLTA,6
var,186,VLKMNSLTP,5
var,186,VLKMNSLDS,5
var,186,VLKMNSLDA,6
var,186,VLKMNSLDP,5
var,186,VLKMNSVQS,4
var,186,VLKMNSVQA,5
var,186,VLKMNSVQP,5
var,186,VLKMNSVTS,5
var,186,VLKMNSVTA,6
var,186,VLKMNSVTP,6
var,186,VLKMNSVDS,4
var,186,VLKMNSVDA,5
var,186,VLKMNSVDP,5
var,186,VLKMNSMQS,4
var,186,VLKMNSMQA,5
var,186,VLKMNSMQP,5
var,186,VLKMNSMTS,4
var,186,VLKMNSMTA,5
var,186,VLKMNSMTP,5
var,186,VLKMNSMDS,5
var,186,VLKMNSMDA,5
var,186,VLKMNSMDP,6
var,186,VLKMNNLQS,5
var,186,VLKMNNLQA,6
var,186,VLKMNNLQP,5
var,186,VLKMNNLTS,5
var,186,VLKMNNLTA,6
var,186,VLKMNNLTP,5
var,186,VLKMNNLDS,5
var,186,VLKMNNLDA,6
var,186,VLKMNNLDP,6
var,186,VLKMNNVQS,4
var,186,VLKMNNVQA,5
var,186,VLKMNNVQP,5
var,186,VLKMNNVTS,4
var,186,VLKMNNVTA,5
var,186,VLKMNNVTP,5
var,186,VLKMNNVDS,5
var,186,VLKMNNVDA,5
var,186,VLKMNNVDP,6
var,186,VLKMNNMQS,5
var,186,VLKMNNMQA,5
var,186,VLKMNNMQP,6
var,186,VLKMNNMTS,5
var,186,VLKMNNMTA,5
var,186,VLKMNNMTP,6
var,186,VLKMNNMDS,6
var,186,VLKMNNMDA,6
var,186,VLKMNNMDP,7
var,186,VLKMSSLQS,5
var,186,VLKMSSLQA,6
var,186,VLKMSSLQP,5
var,186,VLKMSSLTS,5
var,186,VLKMSSLTA,6
var,186,VLKMSSLTP,5
var,186,VLKMSSLDS,5
var,186,VLKMSSLDA,6
var,186,VLKMSSLDP,5
var,186,VLKMSSVQS,5
var,186,VLKMSSVQA,6
var,186,VLKMSSVQP,5
var,186,VLKMSSVTS,6
var,186,VLKMSSVTA,7
var,186,VLKMSSVTP,6
var,186,VLKMSSVDS,5
var,186,VLKMSSVDA,6
var,186,VLKMSSVDP,5
var,186,VLKMSSMQS,4
var,186,VLKMSSMQA,5
var,186,VLKMSSMQP,5
var,186,VLKMSSMTS,5
var,186,VLKMSSMTA,6
var,186,VLKMSSMTP,5
var,186,VLKMSSMDS,5
var,186,VLKMSSMDA,5
var,186,VLKMSSMDP,6
var,186,VLKMSNLQS,5
var,186,VLKMSNLQA,5
var,186,VLKMSNLQP,5
var,186,VLKMSNLTS,5
var,186,VLKMSNLTA,5
var,186,VLKMSNLTP,5
var,186,VLKMSNLDS,5
var,186,VLKMSNLDA,5
var,186,VLKMSNLDP,6
var,186,VLKMSNVQS,4
var,186,VLKMSNVQA,5
var,186,VLKMSNVQP,5
var,186,VLKMSNVTS,5
var,186,VLKMSNVTA,6
var,186,VLKMSNVTP,5
var,186,VLKMSNVDS,5
var,186,VLKMSNVDA,5
var,186,VLKMSNVDP,6
var,186,VLKMSNMQS,5
var,186,VLKMSNMQA,5
var,186,VLKMSNMQP,6
var,186,VLKMSNMTS,5
var,186,VLKMSNMTA,5
var,186,VLKMSNMTP,6
var,186,VLKMSNMDS,6
var,186,VLKMSNMDA,6
var,186,VLKMSNMDP,7
var,186,VLKMTSLQS,4
var,186,VLKMTSLQA,5
var,186,VLKMTSLQP,5
var,186,VLKMTSLTS,4
var,186,VLKMTSLTA,5
var,186,VLKMTSLTP,5
var,186,VLKMTSLDS,5
var,186,VLKMTSLDA,5
var,186,VLKMTSLDP,6
var,186,VLKMTSVQS,4
var,186,VLKMTSVQA,5
var,186,VLKMTSVQP,5
var,186,VLKMTSVTS,5
var,186,VLKMTSVTA,6
var,186,VLKMTSVTP,5
var,186,VLKMTSVDS,5
var,186,VLKMTSVDA,5
var,186,VLKMTSVDP,6
var,186,VLKMTSMQS,5
var,186,VLKMTSMQA,5
var,186,VLKMTSMQP,6
var,186,VLKMTSMTS,5
var,186,VLKMTSMTA,5
var,186,VLKMTSMTP,6
var,186,VLKMTSMDS,6
var,186,VLKMTSMDA,6
var,186,VLKMTSMDP,7
var,186,VLKMTNLQS,5
var,186,VLKMTNLQA,5
var,186,VLKMTNLQP,6
var,186,VLKMTNLTS,5
var,186,VLKMTNLTA,5
var,186,VLKMTNLTP,6
var,186,VLKMTNLDS,6
var,186,VLKMTNLDA,6
var,186,VLKMTNLDP,7
var,186,VLKMTNVQS,5
var,186,VLKMTNVQA,5
var,186,VLKMTNVQP,6
var,186,VLKMTNVTS,5
var,186,VLKMTNVTA,5
var,186,VLKMTNVTP,6
var,186,VLKMTNVDS,6
var,186,VLKMTNVDA,6
var,186,VLKMTNVDP,7
var,186,VLKMTNMQS,6
var,186,VLKMTNMQA,6
var,186,VLKMTNMQP,7
var,186,VLKMTNMTS,6
var,186,VLKMTNMTA,6
var,186,VLKMTNMTP,7
var,186,VLKMTNMDS,7
var,186,VLKMTNMDA,7
var,186,VLKMTNMDP,8
var,186,VLKLNSLQS,4
var,186,VLKLNSLQA,5
var,186,VLKLNSLQP,5
var,186,VLKLNSLTS,5
var,186,VLKLNSLTA,6
var,186,VLKLNSLTP,6
var,186,VLKLNSLDS,4
var,186,VLKLNSLDA,5
var,186,VLKLNSLDP,5
var,186,VLKLNSVQS,5
var,186,VLKLNSVQA,6
var,186,VLKLNSVQP,6
var,186,VLKLNSVTS,6
var,186,VLKLNSVTA,7
var,186,VLKLNSVTP,7
var,186,VLKLNSVDS,5
var,186,VLKLNSVDA,6
var,186,VLKLNSVDP,6
var,186,VLKLNSMQS,4
var,186,VLKLNSMQA,5
var,186,VLKLNSMQP,5
var,186,VLKLNSMTS,5
var,186,VLKLNSMTA,6
var,186,VLKLNSMTP,6
var,186,VLKLNSMDS,4
var,186,VLKLNSMDA,5
var,186,VLKLNSMDP,5
var,186,VLKLNNLQS,4
var,186,VLKLNNLQA,5
var,186,VLKLNNLQP,4
var,186,VLKLNNLTS,4
var,186,VLKLNNLTA,5
var,186,VLKLNNLTP,5
var,186,VLKLNNLDS,4
var,186,VLKLNNLDA,5
var,186,VLKLNNLDP,5
var,186,VLKLNNVQS,4
var,186,VLKLNNVQA,5
var,186,VLKLNNVQP,5
var,186,VLKLNNVTS,5
var,186,VLKLNNVTA,6
var,186,VLKLNNVTP,6
var,186,VLKLNNVDS,4
var,186,VLKLNNVDA,5
var,186,VLKLNNVDP,5
var,186,VLKLNNMQS,4
var,186,VLKLNNMQA,4
var,186,VLKLNNMQP,5
var,186,VLKLNNMTS,4
var,186,VLKLNNMTA,5
var,186,VLKLNNMTP,5
var,186,VLKLNNMDS,5
var,186,VLKLNNMDA,5
var,186,VLKLNNMDP,6
var,186,VLKLSSLQS,5
var,186,VLKLSSLQA,6
var,186,VLKLSSLQP,5
var,186,VLKLSSLTS,6
var,186,VLKLSSLTA,7
var,186,VLKLSSLTP,6
var,186,VLKLSSLDS,5
var,186,VLKLSSLDA,6
var,186,VLKLSSLDP,5
var,186,VLKLSSVQS,6
var,186,VLKLSSVQA,7
var,186,VLKLSSVQP,6
var,186,VLKLSSVTS,7
var,186,VLKLSSVTA,8
var,186,VLKLSSVTP,7
var,186,VLKLSSVDS,6
var,186,VLKLSSVDA,7
var,186,VLKLSSVDP,6
var,186,VLKLSSMQS,5
var,186,VLKLSSMQA,6
var,186,VLKLSSMQP,5
var,186,VLKLSSMTS,6
var,186,VLKLSSMTA,7
var,186,VLKLSSMTP,6
var,186,VLKLSSMDS,5
var,186,VLKLSSMDA,6
var,186,VLKLSSMDP,5
var,186,VLKLSNLQS,4
var,186,VLKLSNLQA,5
var,186,VLKLSNLQP,4
var,186,VLKLSNLTS,5
var,186,VLKLSNLTA,6
var,186,VLKLSNLTP,5
var,186,VLKLSNLDS,4
var,186,VLKLSNLDA,5
var,186,VLKLSNLDP,5
var,186,VLKLSNVQS,5
var,186,VLKLSNVQA,6
var,186,VLKLSNVQP,5
var,186,VLKLSNVTS,6
var,186,VLKLSNVTA,7
var,186,VLKLSNVTP,6
var,186,VLKLSNVDS,5
var,186,VLKLSNVDA,6
var,186,VLKLSNVDP,5
var,186,VLKLSNMQS,4
var,186,VLKLSNMQA,5
var,186,VLKLSNMQP,5
var,186,VLKLSNMTS,5
var,186,VLKLSNMTA,6
var,186,VLKLSNMTP,5
var,186,VLKLSNMDS,5
var,186,VLKLSNMDA,5
var,186,VLKLSNMDP,6
var,186,VLKLTSLQS,4
var,186,VLKLTSLQA,5
var,186,VLKLTSLQP,4
var,186,VLKLTSLTS,5
var,186,VLKLTSLTA,6
var,186,VLKLTSLTP,5
var,186,VLKLTSLDS,4
var,186,VLKLTSLDA,5
var,186,VLKLTSLDP,5
var,186,VLKLTSVQS,5
var,186,VLKLTSVQA,6
var,186,VLKLTSVQP,5
var,186,VLKLTSVTS,6
var,186,VLKLTSVTA,7
var,186,VLKLTSVTP,6
var,186,VLKLTSVDS,5
var,186,VLKLTSVDA,6
var,186,VLKLTSVDP,5
var,186,VLKLTSMQS,4
var,186,VLKLTSMQA,5
var,186,VLKLTSMQP,5
var,186,VLKLTSMTS,5
var,186,VLKLTSMTA,6
var,186,VLKLTSMTP,5
var,186,VLKLTSMDS,5
var,186,VLKLTSMDA,5
var,186,VLKLTSMDP,6
var,186,VLKLTNLQS,4
var,186,VLKLTNLQA,4
var,186,VLKLTNLQP,5
var,186,VLKLTNLTS,4
var,186,VLKLTNLTA,5
var,186,VLKLTNLTP,5
var,186,VLKLTNLDS,5
var,186,VLKLTNLDA,5
var,186,VLKLTNLDP,6
var,186,VLKLTNVQS,4
var,186,VLKLTNVQA,5
var,186,VLKLTNVQP,5
var,186,VLKLTNVTS,5
var,186,VLKLTNVTA,6
var,186,VLKLTNVTP,5
var,186,VLKLTNVDS,5
var,186,VLKLTNVDA,5
var,186,VLKLTNVDP,6
var,186,VLKLTNMQS,5
var,186,VLKLTNMQA,5
var,186,VLKLTNMQP,6
var,186,VLKLTNMTS,5
var,186,VLKLTNMTA,5
var,186,VLKLTNMTP,6
var,186,VLKLTNMDS,6
var,186,VLKLTNMDA,6
var,186,VLKLTNMDP,7
var,186,VLTMNSLQS,5
var,186,VLTMNSLQA,6
var,186,VLTMNSLQP,5
var,186,VLTMNSLTS,5
var,186,VLTMNSLTA,6
var,186,VLTMNSLTP,5
var,186,VLTMNSLDS,5
var,186,VLTMNSLDA,6
var,186,VLTMNSLDP,6
var,186,VLTMNSVQS,4
var,186,VLTMNSVQA,5
var,186,VLTMNSVQP,5
var,186,VLTMNSVTS,5
var,186,VLTMNSVTA,5
var,186,VLTMNSVTP,6
var,186,VLTMNSVDS,5
var,186,VLTMNSVDA,5
var,186,VLTMNSVDP,6
var,186,VLTMNSMQS,5
var,186,VLTMNSMQA,5
var,186,VLTMNSMQP,6
var,186,VLTMNSMTS,5
var,186,VLTMNSMTA,5
var,186,VLTMNSMTP,6
var,186,VLTMNSMDS,6
var,186,VLTMNSMDA,6
var,186,VLTMNSMDP,7
var,186,VLTMNNLQS,5
var,186,VLTMNNLQA,6
var,186,VLTMNNLQP,6
var,186,VLTMNNLTS,5
var,186,VLTMNNLTA,6
var,186,VLTMNNLTP,6
var,186,VLTMNNLDS,6
var,186,VLTMNNLDA,6
var,186,VLTMNNLDP,7
var,186,VLTMNNVQS,5
var,186,VLTMNNVQA,5
var,186,VLTMNNVQP,6
var,186,VLTMNNVTS,5
var,186,VLTMNNVTA,5
var,186,VLTMNNVTP,6
var,186,VLTMNNVDS,6
var,186,VLTMNNVDA,6
var,186,VLTMNNVDP,7
var,186,VLTMNNMQS,6
var,186,VLTMNNMQA,6
var,186,VLTMNNMQP,7
var,186,VLTMNNMTS,6
var,186,VLTMNNMTA,6
var,186,VLTMNNMTP,7
var,186,VLTMNNMDS,7
var,186,VLTMNNMDA,7
var,186,VLTMNNMDP,8
var,186,VLTMSSLQS,5
var,186,VLTMSSLQA,6
var,186,VLTMSSLQP,5
var,186,VLTMSSLTS,5
var,186,VLTMSSLTA,6
var,186,VLTMSSLTP,5
var,186,VLTMSSLDS,5
var,186,VLTMSSLDA,6
var,186,VLTMSSLDP,6
var,186,VLTMSSVQS,4
var,186,VLTMSSVQA,5
var,186,VLTMSSVQP,5
var,186,VLTMSSVTS,5
var,186,VLTMSSVTA,6
var,186,VLTMSSVTP,5
var,186,VLTMSSVDS,5
var,186,VLTMSSVDA,5
var,186,VLTMSSVDP,6
var,186,VLTMSSMQS,5
var,186,VLTMSSMQA,5
var,186,VLTMSSMQP,6
var,186,VLTMSSMTS,5
var,186,VLTMSSMTA,5
var,186,VLTMSSMTP,6
var,186,VLTMSSMDS,6
var,186,VLTMSSMDA,6
var,186,VLTMSSMDP,7
var,186,VLTMSNLQS,5
var,186,VLTMSNLQA,5
var,186,VLTMSNLQP,6
var,186,VLTMSNLTS,5
var,186,VLTMSNLTA,5
var,186,VLTMSNLTP,6
var,186,VLTMSNLDS,6
var,186,VLTMSNLDA,6
var,186,VLTMSNLDP,7
var,186,VLTMSNVQS,5
var,186,VLTMSNVQA,5
var,186,VLTMSNVQP,6
var,186,VLTMSNVTS,5
var,186,VLTMSNVTA,5
var,186,VLTMSNVTP,6
var,186,VLTMSNVDS,6
var,186,VLTMSNVDA,6
var,186,VLTMSNVDP,7
var,186,VLTMSNMQS,6
var,186,VLTMSNMQA,6
var,186,VLTMSNMQP,7
var,186,VLTMSNMTS,6
var,186,VLTMSNMTA,6
var,186,VLTMSNMTP,7
var,186,VLTMSNMDS,7
var,186,VLTMSNMDA,7
var,186,VLTMSNMDP,8
var,186,VLTMTSLQS,5
var,186,VLTMTSLQA,5
var,186,VLTMTSLQP,6
var,186,VLTMTSLTS,5
var,186,VLTMTSLTA,5
var,186,VLTMTSLTP,6
var,186,VLTMTSLDS,6
var,186,VLTMTSLDA,6
var,186,VLTMTSLDP,7
var,186,VLTMTSVQS,5
var,186,VLTMTSVQA,5
var,186,VLTMTSVQP,6
var,186,VLTMTSVTS,5
var,186,VLTMTSVTA,5
var,186,VLTMTSVTP,6
var,186,VLTMTSVDS,6
var,186,VLTMTSVDA,6
var,186,VLTMTSVDP,7
var,186,VLTMTSMQS,6
var,186,VLTMTSMQA,6
var,186,VLTMTSMQP,7
var,186,VLTMTSMTS,6
var,186,VLTMTSMTA,6
var,186,VLTMTSMTP,7
var,186,VLTMTSMDS,7
var,186,VLTMTSMDA,7
var,186,VLTMTSMDP,8
var,186,VLTMTNLQS,6
var,186,VLTMTNLQA,6
var,186,VLTMTNLQP,7
var,186,VLTMTNLTS,6
var,186,VLTMTNLTA,6
var,186,VLTMTNLTP,7
var,186,VLTMTNLDS,7
var,186,VLTMTNLDA,7
var,186,VLTMTNLDP,8
var,186,VLTMTNVQS,6
var,186,VLTMTNVQA,6
var,186,VLTMTNVQP,7
var,186,VLTMTNVTS,6
var,186,VLTMTNVTA,6
var,186,VLTMTNVTP,7
var,186,VLTMTNVDS,7
var,186,VLTMTNVDA,7
var,186,VLTMTNVDP,8
var,186,VLTMTNMQS,7
var,186,VLTMTNMQA,7
var,186,VLTMTNMQP,8
var,186,VLTMTNMTS,7
var,186,VLTMTNMTA,7
var,186,VLTMTNMTP,8
var,186,VLTMTNMDS,8
var,186,VLTMTNMDA,8
var,186,VLTMTNMDP,9
var,186,VLTLNSLQS,4
var,186,VLTLNSLQA,5
var,186,VLTLNSLQP,5
var,186,VLTLNSLTS,5
var,186,VLTLNSLTA,5
var,186,VLTLNSLTP,6
var,186,VLTLNSLDS,4
var,186,VLTLNSLDA,5
var,186,VLTLNSLDP,5
var,186,VLTLNSVQS,5
var,186,VLTLNSVQA,5
var,186,VLTLNSVQP,6
var,186,VLTLNSVTS,6
var,186,VLTLNSVTA,6
var,186,VLTLNSVTP,7
var,186,VLTLNSVDS,5
var,186,VLTLNSVDA,5
var,186,VLTLNSVDP,6
var,186,VLTLNSMQS,4
var,186,VLTLNSMQA,4
var,186,VLTLNSMQP,5
var,186,VLTLNSMTS,5
var,186,VLTLNSMTA,5
var,186,VLTLNSMTP,6
var,186,VLTLNSMDS,5
var,186,VLTLNSMDA,5
var,186,VLTLNSMDP,6
var,186,VLTLNNLQS,4
var,186,VLTLNNLQA,5
var,186,VLTLNNLQP,5
var,186,VLTLNNLTS,4
var,186,VLTLNNLTA,5
var,186,VLTLNNLTP,5
var,186,VLTLNNLDS,5
var,186,VLTLNNLDA,5
var,186,VLTLNNLDP,6
var,186,VLTLNNVQS,4
var,186,VLTLNNVQA,4
var,186,VLTLNNVQP,5
var,186,VLTLNNVTS,5
var,186,VLTLNNVTA,5
var,186,VLTLNNVTP,6
var,186,VLTLNNVDS,5
var,186,VLTLNNVDA,5
var,186,VLTLNNVDP,6
var,186,VLTLNNMQS,5
var,186,VLTLNNMQA,5
var,186,VLTLNNMQP,6
var,186,VLTLNNMTS,5
var,186,VLTLNNMTA,5
var,186,VLTLNNMTP,6
var,186,VLTLNNMDS,6
var,186,VLTLNNMDA,6
var,186,VLTLNNMDP,7
var,186,VLTLSSLQS,5
var,186,VLTLSSLQA,5
var,186,VLTLSSLQP,4
var,186,VLTLSSLTS,6
var,186,VLTLSSLTA,6
var,186,VLTLSSLTP,5
var,186,VLTLSSLDS,5
var,186,VLTLSSLDA,5
var,186,VLTLSSLDP,5
var,186,VLTLSSVQS,5
var,186,VLTLSSVQA,6
var,186,VLTLSSVQP,5
var,186,VLTLSSVTS,6
var,186,VLTLSSVTA,7
var,186,VLTLSSVTP,6
var,186,VLTLSSVDS,5
var,186,VLTLSSVDA,6
var,186,VLTLSSVDP,5
var,186,VLTLSSMQS,4
var,186,VLTLSSMQA,5
var,186,VLTLSSMQP,5
var,186,VLTLSSMTS,5
var,186,VLTLSSMTA,6
var,186,VLTLSSMTP,5
var,186,VLTLSSMDS,5
var,186,VLTLSSMDA,5
var,186,VLTLSSMDP,6
var,186,VLTLSNLQS,4
var,186,VLTLSNLQA,4
var,186,VLTLSNLQP,5
var,186,VLTLSNLTS,5
var,186,VLTLSNLTA,5
var,186,VLTLSNLTP,5
var,186,VLTLSNLDS,5
var,186,VLTLSNLDA,5
var,186,VLTLSNLDP,6
var,186,VLTLSNVQS,4
var,186,VLTLSNVQA,5
var,186,VLTLSNVQP,5
var,186,VLTLSNVTS,5
var,186,VLTLSNVTA,6
var,186,VLTLSNVTP,5
var,186,VLTLSNVDS,5
var,186,VLTLSNVDA,5
var,186,VLTLSNVDP,6
var,186,VLTLSNMQS,5
var,186,VLTLSNMQA,5
var,186,VLTLSNMQP,6
var,186,VLTLSNMTS,5
var,186,VLTLSNMTA,5
var,186,VLTLSNMTP,6
var,186,VLTLSNMDS,6
var,186,VLTLSNMDA,6
var,186,VLTLSNMDP,7
var,186,VLTLTSLQS,4
var,186,VLTLTSLQA,4
var,186,VLTLTSLQP,5
var,186,VLTLTSLTS,5
var,186,VLTLTSLTA,5
var,186,VLTLTSLTP,5
var,186,VLTLTSLDS,5
var,186,VLTLTSLDA,5
var,186,VLTLTSLDP,6
var,186,VLTLTSVQS,4
var,186,VLTLTSVQA,5
var,186,VLTLTSVQP,5
var,186,VLTLTSVTS,5
var,186,VLTLTSVTA,6
var,186,VLTLTSVTP,6
var,186,VLTLTSVDS,5
var,186,VLTLTSVDA,5
var,186,VLTLTSVDP,6
var,186,VLTLTSMQS,5
var,186,VLTLTSMQA,5
var,186,VLTLTSMQP,6
var,186,VLTLTSMTS,5
var,186,VLTLTSMTA,5
var,186,VLTLTSMTP,6
var,186,VLTLTSMDS,6
var,186,VLTLTSMDA,6
var,186,VLTLTSMDP,7
var,186,VLTLTNLQS,5
var,186,VLTLTNLQA,5
var,186,VLTLTNLQP,6
var,186,VLTLTNLTS,5
var,186,VLTLTNLTA,5
var,186,VLTLTNLTP,6
var,186,VLTLTNLDS,6
var,186,VLTLTNLDA,6
var,186,VLTLTNLDP,7
var,186,VLTLTNVQS,5
var,186,VLTLTNVQA,5
var,186,VLTLTNVQP,6
var,186,VLTLTNVTS,5
var,186,VLTLTNVTA,5
var,186,VLTLTNVTP,6
var,186,VLTLTNVDS,6
var,186,VLTLTNVDA,6
var,186,VLTLTNVDP,7
var,186,VLTLTNMQS,6
var,186,VLTLTNMQA,6
var,186,VLTLTNMQP,7
var,186,VLTLTNMTS,6
var,186,VLTLTNMTA,6
var,186,VLTLTNMTP,7
var,186,VLTLTNMDS,7
var,186,VLTLTNMDA,7
var,186,VLTLTNMDP,8
wt,187,FKMNSLQSN,4
var,187,FKMNSLQSA,4
var,187,FKMNSLQSV,4
var,187,FKMNSLQAN,5
var,187,FKMNSLQAA,5
var,187,FKMNSLQAV,5
var,187,FKMNSLQPN,4
var,187,FKMNSLQPA,4
var,187,FKMNSLQPV,4
var,187,FKMNSLTSN,4
var,187,FKMNSLTSA,4
var,187,FKMNSLTSV,4
var,187,FKMNSLTAN,5
var,187,FKMNSLTAA,5
var,187,FKMNSLTAV,5
var,187,FKMNSLTPN,4
var,187,FKMNSLTPA,4
var,187,FKMNSLTPV,4
var,187,FKMNSLDSN,4
var,187,FKMNSLDSA,4
var,187,FKMNSLDSV,4
var,187,FKMNSLDAN,5
var,187,FKMNSLDAA,5
var,187,FKMNSLDAV,5
var,187,FKMNSLDPN,4
var,187,FKMNSLDPA,4
var,187,FKMNSLDPV,4
var,187,FKMNSVQSN,3
var,187,FKMNSVQSA,4
var,187,FKMNSVQSV,4
var,187,FKMNSVQAN,4
var,187,FKMNSVQAA,5
var,187,FKMNSVQAV,5
var,187,FKMNSVQPN,4
var,187,FKMNSVQPA,4
var,187,FKMNSVQPV,4
var,187,FKMNSVTSN,4
var,187,FKMNSVTSA,5
var,187,FKMNSVTSV,5
var,187,FKMNSVTAN,5
var,187,FKMNSVTAA,6
var,187,FKMNSVTAV,6
var,187,FKMNSVTPN,5
var,187,FKMNSVTPA,5
var,187,FKMNSVTPV,5
var,187,FKMNSVDSN,3
var,187,FKMNSVDSA,4
var,187,FKMNSVDSV,4
var,187,FKMNSVDAN,4
var,187,FKMNSVDAA,5
var,187,FKMNSVDAV,5
var,187,FKMNSVDPN,4
var,187,FKMNSVDPA,4
var,187,FKMNSVDPV,4
var,187,FKMNSMQSN,3
var,187,FKMNSMQSA,3
var,187,FKMNSMQSV,3
var,187,FKMNSMQAN,4
var,187,FKMNSMQAA,4
var,187,FKMNSMQAV,4
var,187,FKMNSMQPN,3
var,187,FKMNSMQPA,3
var,187,FKMNSMQPV,4
var,187,FKMNSMTSN,3
var,187,FKMNSMTSA,4
var,187,FKMNSMTSV,4
var,187,FKMNSMTAN,4
var,187,FKMNSMTAA,5
var,187,FKMNSMTAV,5
var,187,FKMNSMTPN,4
var,187,FKMNSMTPA,4
var,187,FKMNSMTPV,4
var,187,FKMNSMDSN,3
var,187,FKMNSMDSA,3
var,187,FKMNSMDSV,4
var,187,FKMNSMDAN,4
var,187,FKMNSMDAA,4
var,187,FKMNSMDAV,4
var,187,FKMNSMDPN,4
var,187,FKMNSMDPA,4
var,187,FKMNSMDPV,5
var,187,FKMNNLQSN,4
var,187,FKMNNLQSA,4
var,187,FKMNNLQSV,4
var,187,FKMNNLQAN,5
var,187,FKMNNLQAA,5
var,187,FKMNNLQAV,5
var,187,FKMNNLQPN,4
var,187,FKMNNLQPA,4
var,187,FKMNNLQPV,4
var,187,FKMNNLTSN,4
var,187,FKMNNLTSA,4
var,187,FKMNNLTSV,4
var,187,FKMNNLTAN,5
var,187,FKMNNLTAA,5
var,187,FKMNNLTAV,5
var,187,FKMNNLTPN,4
var,187,FKMNNLTPA,4
var,187,FKMNNLTPV,4
var,187,FKMNNLDSN,4
var,187,FKMNNLDSA,4
var,187,FKMNNLDSV,4
var,187,FKMNNLDAN,5
var,187,FKMNNLDAA,5
var,187,FKMNNLDAV,5
var,187,FKMNNLDPN,4
var,187,FKMNNLDPA,4
var,187,FKMNNLDPV,5
var,187,FKMNNVQSN,3
var,187,FKMNNVQSA,3
var,187,FKMNNVQSV,3
var,187,FKMNNVQAN,4
var,187,FKMNNVQAA,4
var,187,FKMNNVQAV,4
var,187,FKMNNVQPN,3
var,187,FKMNNVQPA,3
var,187,FKMNNVQPV,4
var,187,FKMNNVTSN,3
var,187,FKMNNVTSA,4
var,187,FKMNNVTSV,4
var,187,FKMNNVTAN,4
var,187,FKMNNVTAA,5
var,187,FKMNNVTAV,5
var,187,FKMNNVTPN,4
var,187,FKMNNVTPA,4
var,187,FKMNNVTPV,4
var,187,FKMNNVDSN,3
var,187,FKMNNVDSA,3
var,187,FKMNNVDSV,4
var,187,FKMNNVDAN,4
var,187,FKMNNVDAA,4
var,187,FKMNNVDAV,4
var,187,FKMNNVDPN,4
var,187,FKMNNVDPA,4
var,187,FKMNNVDPV,5
var,187,FKMNNMQSN,3
var,187,FKMNNMQSA,3
var,187,FKMNNMQSV,4
var,187,FKMNNMQAN,4
var,187,FKMNNMQAA,4
var,187,FKMNNMQAV,4
var,187,FKMNNMQPN,4
var,187,FKMNNMQPA,4
var,187,FKMNNMQPV,5
var,187,FKMNNMTSN,3
var,187,FKMNNMTSA,3
var,187,FKMNNMTSV,4
var,187,FKMNNMTAN,4
var,187,FKMNNMTAA,4
var,187,FKMNNMTAV,4
var,187,FKMNNMTPN,4
var,187,FKMNNMTPA,4
var,187,FKMNNMTPV,5
var,187,FKMNNMDSN,4
var,187,FKMNNMDSA,4
var,187,FKMNNMDSV,5
var,187,FKMNNMDAN,4
var,187,FKMNNMDAA,4
var,187,FKMNNMDAV,5
var,187,FKMNNMDPN,5
var,187,FKMNNMDPA,5
var,187,FKMNNMDPV,6
var,187,FKMSSLQSN,4
var,187,FKMSSLQSA,4
var,187,FKMSSLQSV,4
var,187,FKMSSLQAN,5
var,187,FKMSSLQAA,5
var,187,FKMSSLQAV,5
var,187,FKMSSLQPN,4
var,187,FKMSSLQPA,4
var,187,FKMSSLQPV,4
var,187,FKMSSLTSN,5
var,187,FKMSSLTSA,5
var,187,FKMSSLTSV,5
var,187,FKMSSLTAN,5
var,187,FKMSSLTAA,6
var,187,FKMSSLTAV,6
var,187,FKMSSLTPN,4
var,187,FKMSSLTPA,5
var,187,FKMSSLTPV,5
var,187,FKMSSLDSN,4
var,187,FKMSSLDSA,4
var,187,FKMSSLDSV,4
var,187,FKMSSLDAN,5
var,187,FKMSSLDAA,5
var,187,FKMSSLDAV,5
var,187,FKMSSLDPN,4
var,187,FKMSSLDPA,4
var,187,FKMSSLDPV,4
var,187,FKMSSVQSN,4
var,187,FKMSSVQSA,5
var,187,FKMSSVQSV,5
var,187,FKMSSVQAN,5
var,187,FKMSSVQAA,6
var,187,FKMSSVQAV,6
var,187,FKMSSVQPN,4
var,187,FKMSSVQPA,5
var,187,FKMSSVQPV,5
var,187,FKMSSVTSN,5
var,187,FKMSSVTSA,6
var,187,FKMSSVTSV,6
var,187,FKMSSVTAN,6
var,187,FKMSSVTAA,7
var,187,FKMSSVTAV,7
var,187,FKMSSVTPN,5
var,187,FKMSSVTPA,6
var,187,FKMSSVTPV,6
var,187,FKMSSVDSN,4
var,187,FKMSSVDSA,5
var,187,FKMSSVDSV,5
var,187,FKMSSVDAN,5
var,187,FKMSSVDAA,6
var,187,FKMSSVDAV,6
var,187,FKMSSVDPN,4
var,187,FKMSSVDPA,5
var,187,FKMSSVDPV,5
var,187,FKMSSMQSN,3
var,187,FKMSSMQSA,4
var,187,FKMSSMQSV,4
var,187,FKMSSMQAN,4
var,187,FKMSSMQAA,5
var,187,FKMSSMQAV,5
var,187,FKMSSMQPN,3
var,187,FKMSSMQPA,4
var,187,FKMSSMQPV,4
var,187,FKMSSMTSN,4
var,187,FKMSSMTSA,5
var,187,FKMSSMTSV,5
var,187,FKMSSMTAN,5
var,187,FKMSSMTAA,6
var,187,FKMSSMTAV,6
var,187,FKMSSMTPN,4
var,187,FKMSSMTPA,5
var,187,FKMSSMTPV,5
var,187,FKMSSMDSN,3
var,187,FKMSSMDSA,4
var,187,FKMSSMDSV,4
var,187,FKMSSMDAN,4
var,187,FKMSSMDAA,5
var,187,FKMSSMDAV,5
var,187,FKMSSMDPN,4
var,187,FKMSSMDPA,4
var,187,FKMSSMDPV,5
var,187,FKMSNLQSN,4
var,187,FKMSNLQSA,4
var,187,FKMSNLQSV,4
var,187,FKMSNLQAN,4
var,187,FKMSNLQAA,4
var,187,FKMSNLQAV,4
var,187,FKMSNLQPN,4
var,187,FKMSNLQPA,4
var,187,FKMSNLQPV,4
var,187,FKMSNLTSN,4
var,187,FKMSNLTSA,4
var,187,FKMSNLTSV,4
var,187,FKMSNLTAN,4
var,187,FKMSNLTAA,5
var,187,FKMSNLTAV,5
var,187,FKMSNLTPN,4
var,187,FKMSNLTPA,4
var,187,FKMSNLTPV,4
var,187,FKMSNLDSN,4
var,187,FKMSNLDSA,4
var,187,FKMSNLDSV,4
var,187,FKMSNLDAN,4
var,187,FKMSNLDAA,4
var,187,FKMSNLDAV,4
var,187,FKMSNLDPN,4
var,187,FKMSNLDPA,4
var,187,FKMSNLDPV,5
var,187,FKMSNVQSN,3
var,187,FKMSNVQSA,4
var,187,FKMSNVQSV,4
var,187,FKMSNVQAN,4
var,187,FKMSNVQAA,5
var,187,FKMSNVQAV,5
var,187,FKMSNVQPN,3
var,187,FKMSNVQPA,4
var,187,FKMSNVQPV,4
var,187,FKMSNVTSN,4
var,187,FKMSNVTSA,5
var,187,FKMSNVTSV,5
var,187,FKMSNVTAN,5
var,187,FKMSNVTAA,6
var,187,FKMSNVTAV,6
var,187,FKMSNVTPN,4
var,187,FKMSNVTPA,5
var,187,FKMSNVTPV,5
var,187,FKMSNVDSN,3
var,187,FKMSNVDSA,4
var,187,FKMSNVDSV,4
var,187,FKMSNVDAN,4
var,187,FKMSNVDAA,5
var,187,FKMSNVDAV,5
var,187,FKMSNVDPN,4
var,187,FKMSNVDPA,4
var,187,FKMSNVDPV,5
var,187,FKMSNMQSN,3
var,187,FKMSNMQSA,3
var,187,FKMSNMQSV,4
var,187,FKMSNMQAN,3
var,187,FKMSNMQAA,4
var,187,FKMSNMQAV,4
var,187,FKMSNMQPN,4
var,187,FKMSNMQPA,4
var,187,FKMSNMQPV,5
var,187,FKMSNMTSN,3
var,187,FKMSNMTSA,4
var,187,FKMSNMTSV,4
var,187,FKMSNMTAN,4
var,187,FKMSNMTAA,5
var,187,FKMSNMTAV,5
var,187,FKMSNMTPN,4
var,187,FKMSNMTPA,4
var,187,FKMSNMTPV,5
var,187,FKMSNMDSN,4
var,187,FKMSNMDSA,4
var,187,FKMSNMDSV,5
var,187,FKMSNMDAN,4
var,187,FKMSNMDAA,4
var,187,FKMSNMDAV,5
var,187,FKMSNMDPN,5
var,187,FKMSNMDPA,5
var,187,FKMSNMDPV,6
var,187,FKMTSLQSN,3
var,187,FKMTSLQSA,3
var,187,FKMTSLQSV,3
var,187,FKMTSLQAN,4
var,187,FKMTSLQAA,4
var,187,FKMTSLQAV,4
var,187,FKMTSLQPN,3
var,187,FKMTSLQPA,3
var,187,FKMTSLQPV,4
var,187,FKMTSLTSN,4
var,187,FKMTSLTSA,4
var,187,FKMTSLTSV,4
var,187,FKMTSLTAN,4
var,187,FKMTSLTAA,5
var,187,FKMTSLTAV,5
var,187,FKMTSLTPN,3
var,187,FKMTSLTPA,4
var,187,FKMTSLTPV,4
var,187,FKMTSLDSN,3
var,187,FKMTSLDSA,3
var,187,FKMTSLDSV,4
var,187,FKMTSLDAN,4
var,187,FKMTSLDAA,4
var,187,FKMTSLDAV,4
var,187,FKMTSLDPN,4
var,187,FKMTSLDPA,4
var,187,FKMTSLDPV,5
var,187,FKMTSVQSN,3
var,187,FKMTSVQSA,4
var,187,FKMTSVQSV,4
var,187,FKMTSVQAN,4
var,187,FKMTSVQAA,5
var,187,FKMTSVQAV,5
var,187,FKMTSVQPN,3
var,187,FKMTSVQPA,4
var,187,FKMTSVQPV,4
var,187,FKMTSVTSN,4
var,187,FKMTSVTSA,5
var,187,FKMTSVTSV,5
var,187,FKMTSVTAN,5
var,187,FKMTSVTAA,6
var,187,FKMTSVTAV,6
var,187,FKMTSVTPN,4
var,187,FKMTSVTPA,5
var,187,FKMTSVTPV,5
var,187,FKMTSVDSN,3
var,187,FKMTSVDSA,4
var,187,FKMTSVDSV,4
var,187,FKMTSVDAN,4
var,187,FKMTSVDAA,5
var,187,FKMTSVDAV,5
var,187,FKMTSVDPN,4
var,187,FKMTSVDPA,4
var,187,FKMTSVDPV,5
var,187,FKMTSMQSN,3
var,187,FKMTSMQSA,3
var,187,FKMTSMQSV,4
var,187,FKMTSMQAN,3
var,187,FKMTSMQAA,4
var,187,FKMTSMQAV,4
var,187,FKMTSMQPN,4
var,187,FKMTSMQPA,4
var,187,FKMTSMQPV,5
var,187,FKMTSMTSN,3
var,187,FKMTSMTSA,4
var,187,FKMTSMTSV,4
var,187,FKMTSMTAN,4
var,187,FKMTSMTAA,5
var,187,FKMTSMTAV,5
var,187,FKMTSMTPN,4
var,187,FKMTSMTPA,4
var,187,FKMTSMTPV,5
var,187,FKMTSMDSN,4
var,187,FKMTSMDSA,4
var,187,FKMTSMDSV,5
var,187,FKMTSMDAN,4
var,187,FKMTSMDAA,4
var,187,FKMTSMDAV,5
var,187,FKMTSMDPN,5
var,187,FKMTSMDPA,5
var,187,FKMTSMDPV,6
var,187,FKMTNLQSN,3
var,187,FKMTNLQSA,3
var,187,FKMTNLQSV,4
var,187,FKMTNLQAN,4
var,187,FKMTNLQAA,4
var,187,FKMTNLQAV,4
var,187,FKMTNLQPN,4
var,187,FKMTNLQPA,4
var,187,FKMTNLQPV,5
var,187,FKMTNLTSN,3
var,187,FKMTNLTSA,3
var,187,FKMTNLTSV,4
var,187,FKMTNLTAN,4
var,187,FKMTNLTAA,4
var,187,FKMTNLTAV,4
var,187,FKMTNLTPN,4
var,187,FKMTNLTPA,4
var,187,FKMTNLTPV,5
var,187,FKMTNLDSN,4
var,187,FKMTNLDSA,4
var,187,FKMTNLDSV,5
var,187,FKMTNLDAN,4
var,187,FKMTNLDAA,4
var,187,FKMTNLDAV,5
var,187,FKMTNLDPN,5
var,187,FKMTNLDPA,5
var,187,FKMTNLDPV,6
var,187,FKMTNVQSN,3
var,187,FKMTNVQSA,3
var,187,FKMTNVQSV,4
var,187,FKMTNVQAN,3
var,187,FKMTNVQAA,4
var,187,FKMTNVQAV,4
var,187,FKMTNVQPN,4
var,187,FKMTNVQPA,4
var,187,FKMTNVQPV,5
var,187,FKMTNVTSN,3
var,187,FKMTNVTSA,4
var,187,FKMTNVTSV,4
var,187,FKMTNVTAN,4
var,187,FKMTNVTAA,5
var,187,FKMTNVTAV,5
var,187,FKMTNVTPN,4
var,187,FKMTNVTPA,4
var,187,FKMTNVTPV,5
var,187,FKMTNVDSN,4
var,187,FKMTNVDSA,4
var,187,FKMTNVDSV,5
var,187,FKMTNVDAN,4
var,187,FKMTNVDAA,4
var,187,FKMTNVDAV,5
var,187,FKMTNVDPN,5
var,187,FKMTNVDPA,5
var,187,FKMTNVDPV,6
var,187,FKMTNMQSN,4
var,187,FKMTNMQSA,4
var,187,FKMTNMQSV,5
var,187,FKMTNMQAN,4
var,187,FKMTNMQAA,4
var,187,FKMTNMQAV,5
var,187,FKMTNMQPN,5
var,187,FKMTNMQPA,5
var,187,FKMTNMQPV,6
var,187,FKMTNMTSN,4
var,187,FKMTNMTSA,4
var,187,FKMTNMTSV,5
var,187,FKMTNMTAN,4
var,187,FKMTNMTAA,4
var,187,FKMTNMTAV,5
var,187,FKMTNMTPN,5
var,187,FKMTNMTPA,5
var,187,FKMTNMTPV,6
var,187,FKMTNMDSN,5
var,187,FKMTNMDSA,5
var,187,FKMTNMDSV,6
var,187,FKMTNMDAN,5
var,187,FKMTNMDAA,5
var,187,FKMTNMDAV,6
var,187,FKMTNMDPN,6
var,187,FKMTNMDPA,6
var,187,FKMTNMDPV,7
var,187,FKLNSLQSN,4
var,187,FKLNSLQSA,4
var,187,FKLNSLQSV,4
var,187,FKLNSLQAN,4
var,187,FKLNSLQAA,5
var,187,FKLNSLQAV,5
var,187,FKLNSLQPN,4
var,187,FKLNSLQPA,4
var,187,FKLNSLQPV,4
var,187,FKLNSLTSN,5
var,187,FKLNSLTSA,5
var,187,FKLNSLTSV,5
var,187,FKLNSLTAN,5
var,187,FKLNSLTAA,6
var,187,FKLNSLTAV,6
var,187,FKLNSLTPN,5
var,187,FKLNSLTPA,5
var,187,FKLNSLTPV,5
var,187,FKLNSLDSN,4
var,187,FKLNSLDSA,4
var,187,FKLNSLDSV,4
var,187,FKLNSLDAN,4
var,187,FKLNSLDAA,5
var,187,FKLNSLDAV,5
var,187,FKLNSLDPN,4
var,187,FKLNSLDPA,4
var,187,FKLNSLDPV,4
var,187,FKLNSVQSN,4
var,187,FKLNSVQSA,5
var,187,FKLNSVQSV,5
var,187,FKLNSVQAN,5
var,187,FKLNSVQAA,6
var,187,FKLNSVQAV,6
var,187,FKLNSVQPN,5
var,187,FKLNSVQPA,5
var,187,FKLNSVQPV,5
var,187,FKLNSVTSN,5
var,187,FKLNSVTSA,6
var,187,FKLNSVTSV,6
var,187,FKLNSVTAN,6
var,187,FKLNSVTAA,7
var,187,FKLNSVTAV,7
var,187,FKLNSVTPN,6
var,187,FKLNSVTPA,6
var,187,FKLNSVTPV,6
var,187,FKLNSVDSN,4
var,187,FKLNSVDSA,5
var,187,FKLNSVDSV,5
var,187,FKLNSVDAN,5
var,187,FKLNSVDAA,6
var,187,FKLNSVDAV,6
var,187,FKLNSVDPN,5
var,187,FKLNSVDPA,5
var,187,FKLNSVDPV,5
var,187,FKLNSMQSN,3
var,187,FKLNSMQSA,4
var,187,FKLNSMQSV,4
var,187,FKLNSMQAN,4
var,187,FKLNSMQAA,5
var,187,FKLNSMQAV,5
var,187,FKLNSMQPN,4
var,187,FKLNSMQPA,4
var,187,FKLNSMQPV,4
var,187,FKLNSMTSN,4
var,187,FKLNSMTSA,5
var,187,FKLNSMTSV,5
var,187,FKLNSMTAN,5
var,187,FKLNSMTAA,6
var,187,FKLNSMTAV,6
var,187,FKLNSMTPN,5
var,187,FKLNSMTPA,5
var,187,FKLNSMTPV,5
var,187,FKLNSMDSN,3
var,187,FKLNSMDSA,4
var,187,FKLNSMDSV,4
var,187,FKLNSMDAN,4
var,187,FKLNSMDAA,5
var,187,FKLNSMDAV,5
var,187,FKLNSMDPN,4
var,187,FKLNSMDPA,4
var,187,FKLNSMDPV,4
var,187,FKLNNLQSN,3
var,187,FKLNNLQSA,3
var,187,FKLNNLQSV,3
var,187,FKLNNLQAN,4
var,187,FKLNNLQAA,4
var,187,FKLNNLQAV,4
var,187,FKLNNLQPN,3
var,187,FKLNNLQPA,3
var,187,FKLNNLQPV,3
var,187,FKLNNLTSN,4
var,187,FKLNNLTSA,4
var,187,FKLNNLTSV,4
var,187,FKLNNLTAN,4
var,187,FKLNNLTAA,5
var,187,FKLNNLTAV,5
var,187,FKLNNLTPN,4
var,187,FKLNNLTPA,4
var,187,FKLNNLTPV,4
var,187,FKLNNLDSN,3
var,187,FKLNNLDSA,3
var,187,FKLNNLDSV,3
var,187,FKLNNLDAN,4
var,187,FKLNNLDAA,4
var,187,FKLNNLDAV,4
var,187,FKLNNLDPN,3
var,187,FKLNNLDPA,3
var,187,FKLNNLDPV,4
var,187,FKLNNVQSN,3
var,187,FKLNNVQSA,4
var,187,FKLNNVQSV,4
var,187,FKLNNVQAN,4
var,187,FKLNNVQAA,5
var,187,FKLNNVQAV,5
var,187,FKLNNVQPN,4
var,187,FKLNNVQPA,4
var,187,FKLNNVQPV,4
var,187,FKLNNVTSN,4
var,187,FKLNNVTSA,5
var,187,FKLNNVTSV,5
var,187,FKLNNVTAN,5
var,187,FKLNNVTAA,6
var,187,FKLNNVTAV,6
var,187,FKLNNVTPN,5
var,187,FKLNNVTPA,5
var,187,FKLNNVTPV,5
var,187,FKLNNVDSN,3
var,187,FKLNNVDSA,4
var,187,FKLNNVDSV,4
var,187,FKLNNVDAN,4
var,187,FKLNNVDAA,5
var,187,FKLNNVDAV,5
var,187,FKLNNVDPN,4
var,187,FKLNNVDPA,4
var,187,FKLNNVDPV,4
var,187,FKLNNMQSN,2
var,187,FKLNNMQSA,3
var,187,FKLNNMQSV,3
var,187,FKLNNMQAN,3
var,187,FKLNNMQAA,4
var,187,FKLNNMQAV,4
var,187,FKLNNMQPN,3
var,187,FKLNNMQPA,3
var,187,FKLNNMQPV,4
var,187,FKLNNMTSN,3
var,187,FKLNNMTSA,4
var,187,FKLNNMTSV,4
var,187,FKLNNMTAN,4
var,187,FKLNNMTAA,5
var,187,FKLNNMTAV,5
var,187,FKLNNMTPN,4
var,187,FKLNNMTPA,4
var,187,FKLNNMTPV,4
var,187,FKLNNMDSN,3
var,187,FKLNNMDSA,3
var,187,FKLNNMDSV,4
var,187,FKLNNMDAN,3
var,187,FKLNNMDAA,4
var,187,FKLNNMDAV,4
var,187,FKLNNMDPN,4
var,187,FKLNNMDPA,4
var,187,FKLNNMDPV,5
var,187,FKLSSLQSN,5
var,187,FKLSSLQSA,5
var,187,FKLSSLQSV,5
var,187,FKLSSLQAN,5
var,187,FKLSSLQAA,6
var,187,FKLSSLQAV,6
var,187,FKLSSLQPN,4
var,187,FKLSSLQPA,5
var,187,FKLSSLQPV,5
var,187,FKLSSLTSN,6
var,187,FKLSSLTSA,6
var,187,FKLSSLTSV,6
var,187,FKLSSLTAN,6
var,187,FKLSSLTAA,7
var,187,FKLSSLTAV,7
var,187,FKLSSLTPN,5
var,187,FKLSSLTPA,6
var,187,FKLSSLTPV,6
var,187,FKLSSLDSN,5
var,187,FKLSSLDSA,5
var,187,FKLSSLDSV,5
var,187,FKLSSLDAN,5
var,187,FKLSSLDAA,6
var,187,FKLSSLDAV,6
var,187,FKLSSLDPN,4
var,187,FKLSSLDPA,5
var,187,FKLSSLDPV,5
var,187,FKLSSVQSN,5
var,187,FKLSSVQSA,6
var,187,FKLSSVQSV,6
var,187,FKLSSVQAN,6
var,187,FKLSSVQAA,7
var,187,FKLSSVQAV,7
var,187,FKLSSVQPN,5
var,187,FKLSSVQPA,6
var,187,FKLSSVQPV,6
var,187,FKLSSVTSN,6
var,187,FKLSSVTSA,7
var,187,FKLSSVTSV,7
var,187,FKLSSVTAN,7
var,187,FKLSSVTAA,8
var,187,FKLSSVTAV,8
var,187,FKLSSVTPN,6
var,187,FKLSSVTPA,7
var,187,FKLSSVTPV,7
var,187,FKLSSVDSN,5
var,187,FKLSSVDSA,6
var,187,FKLSSVDSV,6
var,187,FKLSSVDAN,6
var,187,FKLSSVDAA,7
var,187,FKLSSVDAV,7
var,187,FKLSSVDPN,5
var,187,FKLSSVDPA,6
var,187,FKLSSVDPV,6
var,187,FKLSSMQSN,4
var,187,FKLSSMQSA,5
var,187,FKLSSMQSV,5
var,187,FKLSSMQAN,5
var,187,FKLSSMQAA,6
var,187,FKLSSMQAV,6
var,187,FKLSSMQPN,4
var,187,FKLSSMQPA,5
var,187,FKLSSMQPV,5
var,187,FKLSSMTSN,5
var,187,FKLSSMTSA,6
var,187,FKLSSMTSV,6
var,187,FKLSSMTAN,6
var,187,FKLSSMTAA,7
var,187,FKLSSMTAV,7
var,187,FKLSSMTPN,5
var,187,FKLSSMTPA,6
var,187,FKLSSMTPV,6
var,187,FKLSSMDSN,4
var,187,FKLSSMDSA,5
var,187,FKLSSMDSV,5
var,187,FKLSSMDAN,5
var,187,FKLSSMDAA,6
var,187,FKLSSMDAV,6
var,187,FKLSSMDPN,4
var,187,FKLSSMDPA,5
var,187,FKLSSMDPV,5
var,187,FKLSNLQSN,4
var,187,FKLSNLQSA,4
var,187,FKLSNLQSV,4
var,187,FKLSNLQAN,4
var,187,FKLSNLQAA,5
var,187,FKLSNLQAV,5
var,187,FKLSNLQPN,3
var,187,FKLSNLQPA,4
var,187,FKLSNLQPV,4
var,187,FKLSNLTSN,5
var,187,FKLSNLTSA,5
var,187,FKLSNLTSV,5
var,187,FKLSNLTAN,5
var,187,FKLSNLTAA,6
var,187,FKLSNLTAV,6
var,187,FKLSNLTPN,4
var,187,FKLSNLTPA,5
var,187,FKLSNLTPV,5
var,187,FKLSNLDSN,4
var,187,FKLSNLDSA,4
var,187,FKLSNLDSV,4
var,187,FKLSNLDAN,4
var,187,FKLSNLDAA,5
var,187,FKLSNLDAV,5
var,187,FKLSNLDPN,3
var,187,FKLSNLDPA,4
var,187,FKLSNLDPV,4
var,187,FKLSNVQSN,4
var,187,FKLSNVQSA,5
var,187,FKLSNVQSV,5
var,187,FKLSNVQAN,5
var,187,FKLSNVQAA,6
var,187,FKLSNVQAV,6
var,187,FKLSNVQPN,4
var,187,FKLSNVQPA,5
var,187,FKLSNVQPV,5
var,187,FKLSNVTSN,5
var,187,FKLSNVTSA,6
var,187,FKLSNVTSV,6
var,187,FKLSNVTAN,6
var,187,FKLSNVTAA,7
var,187,FKLSNVTAV,7
var,187,FKLSNVTPN,5
var,187,FKLSNVTPA,6
var,187,FKLSNVTPV,6
var,187,FKLSNVDSN,4
var,187,FKLSNVDSA,5
var,187,FKLSNVDSV,5
var,187,FKLSNVDAN,5
var,187,FKLSNVDAA,6
var,187,FKLSNVDAV,6
var,187,FKLSNVDPN,4
var,187,FKLSNVDPA,5
var,187,FKLSNVDPV,5
var,187,FKLSNMQSN,3
var,187,FKLSNMQSA,4
var,187,FKLSNMQSV,4
var,187,FKLSNMQAN,4
var,187,FKLSNMQAA,5
var,187,FKLSNMQAV,5
var,187,FKLSNMQPN,3
var,187,FKLSNMQPA,4
var,187,FKLSNMQPV,4
var,187,FKLSNMTSN,4
var,187,FKLSNMTSA,5
var,187,FKLSNMTSV,5
var,187,FKLSNMTAN,5
var,187,FKLSNMTAA,6
var,187,FKLSNMTAV,6
var,187,FKLSNMTPN,4
var,187,FKLSNMTPA,5
var,187,FKLSNMTPV,5
var,187,FKLSNMDSN,3
var,187,FKLSNMDSA,4
var,187,FKLSNMDSV,4
var,187,FKLSNMDAN,4
var,187,FKLSNMDAA,5
var,187,FKLSNMDAV,5
var,187,FKLSNMDPN,4
var,187,FKLSNMDPA,4
var,187,FKLSNMDPV,5
var,187,FKLTSLQSN,4
var,187,FKLTSLQSA,4
var,187,FKLTSLQSV,4
var,187,FKLTSLQAN,4
var,187,FKLTSLQAA,5
var,187,FKLTSLQAV,5
var,187,FKLTSLQPN,3
var,187,FKLTSLQPA,4
var,187,FKLTSLQPV,4
var,187,FKLTSLTSN,5
var,187,FKLTSLTSA,5
var,187,FKLTSLTSV,5
var,187,FKLTSLTAN,5
var,187,FKLTSLTAA,6
var,187,FKLTSLTAV,6
var,187,FKLTSLTPN,4
var,187,FKLTSLTPA,5
var,187,FKLTSLTPV,5
var,187,FKLTSLDSN,4
var,187,FKLTSLDSA,4
var,187,FKLTSLDSV,4
var,187,FKLTSLDAN,4
var,187,FKLTSLDAA,5
var,187,FKLTSLDAV,5
var,187,FKLTSLDPN,3
var,187,FKLTSLDPA,4
var,187,FKLTSLDPV,4
var,187,FKLTSVQSN,4
var,187,FKLTSVQSA,5
var,187,FKLTSVQSV,5
var,187,FKLTSVQAN,5
var,187,FKLTSVQAA,6
var,187,FKLTSVQAV,6
var,187,FKLTSVQPN,4
var,187,FKLTSVQPA,5
var,187,FKLTSVQPV,5
var,187,FKLTSVTSN,5
var,187,FKLTSVTSA,6
var,187,FKLTSVTSV,6
var,187,FKLTSVTAN,6
var,187,FKLTSVTAA,7
var,187,FKLTSVTAV,7
var,187,FKLTSVTPN,5
var,187,FKLTSVTPA,6
var,187,FKLTSVTPV,6
var,187,FKLTSVDSN,4
var,187,FKLTSVDSA,5
var,187,FKLTSVDSV,5
var,187,FKLTSVDAN,5
var,187,FKLTSVDAA,6
var,187,FKLTSVDAV,6
var,187,FKLTSVDPN,4
var,187,FKLTSVDPA,5
var,187,FKLTSVDPV,5
var,187,FKLTSMQSN,3
var,187,FKLTSMQSA,4
var,187,FKLTSMQSV,4
var,187,FKLTSMQAN,4
var,187,FKLTSMQAA,5
var,187,FKLTSMQAV,5
var,187,FKLTSMQPN,3
var,187,FKLTSMQPA,4
var,187,FKLTSMQPV,4
var,187,FKLTSMTSN,4
var,187,FKLTSMTSA,5
var,187,FKLTSMTSV,5
var,187,FKLTSMTAN,5
var,187,FKLTSMTAA,6
var,187,FKLTSMTAV,6
var,187,FKLTSMTPN,4
var,187,FKLTSMTPA,5
var,187,FKLTSMTPV,5
var,187,FKLTSMDSN,3
var,187,FKLTSMDSA,4
var,187,FKLTSMDSV,4
var,187,FKLTSMDAN,4
var,187,FKLTSMDAA,5
var,187,FKLTSMDAV,5
var,187,FKLTSMDPN,4
var,187,FKLTSMDPA,4
var,187,FKLTSMDPV,5
var,187,FKLTNLQSN,3
var,187,FKLTNLQSA,3
var,187,FKLTNLQSV,3
var,187,FKLTNLQAN,3
var,187,FKLTNLQAA,4
var,187,FKLTNLQAV,4
var,187,FKLTNLQPN,3
var,187,FKLTNLQPA,3
var,187,FKLTNLQPV,4
var,187,FKLTNLTSN,4
var,187,FKLTNLTSA,4
var,187,FKLTNLTSV,4
var,187,FKLTNLTAN,4
var,187,FKLTNLTAA,5
var,187,FKLTNLTAV,5
var,187,FKLTNLTPN,3
var,187,FKLTNLTPA,4
var,187,FKLTNLTPV,4
var,187,FKLTNLDSN,3
var,187,FKLTNLDSA,3
var,187,FKLTNLDSV,4
var,187,FKLTNLDAN,3
var,187,FKLTNLDAA,4
var,187,FKLTNLDAV,4
var,187,FKLTNLDPN,4
var,187,FKLTNLDPA,4
var,187,FKLTNLDPV,5
var,187,FKLTNVQSN,3
var,187,FKLTNVQSA,4
var,187,FKLTNVQSV,4
var,187,FKLTNVQAN,4
var,187,FKLTNVQAA,5
var,187,FKLTNVQAV,5
var,187,FKLTNVQPN,3
var,187,FKLTNVQPA,4
var,187,FKLTNVQPV,4
var,187,FKLTNVTSN,4
var,187,FKLTNVTSA,5
var,187,FKLTNVTSV,5
var,187,FKLTNVTAN,5
var,187,FKLTNVTAA,6
var,187,FKLTNVTAV,6
var,187,FKLTNVTPN,4
var,187,FKLTNVTPA,5
var,187,FKLTNVTPV,5
var,187,FKLTNVDSN,3
var,187,FKLTNVDSA,4
var,187,FKLTNVDSV,4
var,187,FKLTNVDAN,4
var,187,FKLTNVDAA,5
var,187,FKLTNVDAV,5
var,187,FKLTNVDPN,4
var,187,FKLTNVDPA,4
var,187,FKLTNVDPV,5
var,187,FKLTNMQSN,3
var,187,FKLTNMQSA,3
var,187,FKLTNMQSV,4
var,187,FKLTNMQAN,3
var,187,FKLTNMQAA,4
var,187,FKLTNMQAV,4
var,187,FKLTNMQPN,4
var,187,FKLTNMQPA,4
var,187,FKLTNMQPV,5
var,187,FKLTNMTSN,3
var,187,FKLTNMTSA,4
var,187,FKLTNMTSV,4
var,187,FKLTNMTAN,4
var,187,FKLTNMTAA,5
var,187,FKLTNMTAV,5
var,187,FKLTNMTPN,4
var,187,FKLTNMTPA,4
var,187,FKLTNMTPV,5
var,187,FKLTNMDSN,4
var,187,FKLTNMDSA,4
var,187,FKLTNMDSV,5
var,187,FKLTNMDAN,4
var,187,FKLTNMDAA,4
var,187,FKLTNMDAV,5
var,187,FKLTNMDPN,5
var,187,FKLTNMDPA,5
var,187,FKLTNMDPV,6
var,187,FTMNSLQSN,4
var,187,FTMNSLQSA,4
var,187,FTMNSLQSV,4
var,187,FTMNSLQAN,5
var,187,FTMNSLQAA,5
var,187,FTMNSLQAV,5
var,187,FTMNSLQPN,4
var,187,FTMNSLQPA,4
var,187,FTMNSLQPV,4
var,187,FTMNSLTSN,4
var,187,FTMNSLTSA,4
var,187,FTMNSLTSV,4
var,187,FTMNSLTAN,5
var,187,FTMNSLTAA,5
var,187,FTMNSLTAV,5
var,187,FTMNSLTPN,4
var,187,FTMNSLTPA,4
var,187,FTMNSLTPV,4
var,187,FTMNSLDSN,4
var,187,FTMNSLDSA,4
var,187,FTMNSLDSV,4
var,187,FTMNSLDAN,5
var,187,FTMNSLDAA,5
var,187,FTMNSLDAV,5
var,187,FTMNSLDPN,4
var,187,FTMNSLDPA,4
var,187,FTMNSLDPV,5
var,187,FTMNSVQSN,3
var,187,FTMNSVQSA,3
var,187,FTMNSVQSV,3
var,187,FTMNSVQAN,4
var,187,FTMNSVQAA,4
var,187,FTMNSVQAV,4
var,187,FTMNSVQPN,4
var,187,FTMNSVQPA,4
var,187,FTMNSVQPV,4
var,187,FTMNSVTSN,4
var,187,FTMNSVTSA,4
var,187,FTMNSVTSV,4
var,187,FTMNSVTAN,4
var,187,FTMNSVTAA,5
var,187,FTMNSVTAV,5
var,187,FTMNSVTPN,5
var,187,FTMNSVTPA,5
var,187,FTMNSVTPV,5
var,187,FTMNSVDSN,3
var,187,FTMNSVDSA,3
var,187,FTMNSVDSV,4
var,187,FTMNSVDAN,4
var,187,FTMNSVDAA,4
var,187,FTMNSVDAV,4
var,187,FTMNSVDPN,4
var,187,FTMNSVDPA,4
var,187,FTMNSVDPV,5
var,187,FTMNSMQSN,3
var,187,FTMNSMQSA,3
var,187,FTMNSMQSV,4
var,187,FTMNSMQAN,4
var,187,FTMNSMQAA,4
var,187,FTMNSMQAV,4
var,187,FTMNSMQPN,4
var,187,FTMNSMQPA,4
var,187,FTMNSMQPV,5
var,187,FTMNSMTSN,3
var,187,FTMNSMTSA,3
var,187,FTMNSMTSV,4
var,187,FTMNSMTAN,4
var,187,FTMNSMTAA,4
var,187,FTMNSMTAV,4
var,187,FTMNSMTPN,4
var,187,FTMNSMTPA,4
var,187,FTMNSMTPV,5
var,187,FTMNSMDSN,4
var,187,FTMNSMDSA,4
var,187,FTMNSMDSV,5
var,187,FTMNSMDAN,4
var,187,FTMNSMDAA,4
var,187,FTMNSMDAV,5
var,187,FTMNSMDPN,5
var,187,FTMNSMDPA,5
var,187,FTMNSMDPV,6
var,187,FTMNNLQSN,4
var,187,FTMNNLQSA,4
var,187,FTMNNLQSV,4
var,187,FTMNNLQAN,5
var,187,FTMNNLQAA,5
var,187,FTMNNLQAV,5
var,187,FTMNNLQPN,4
var,187,FTMNNLQPA,4
var,187,FTMNNLQPV,5
var,187,FTMNNLTSN,4
var,187,FTMNNLTSA,4
var,187,FTMNNLTSV,4
var,187,FTMNNLTAN,5
var,187,FTMNNLTAA,5
var,187,FTMNNLTAV,5
var,187,FTMNNLTPN,4
var,187,FTMNNLTPA,4
var,187,FTMNNLTPV,5
var,187,FTMNNLDSN,4
var,187,FTMNNLDSA,4
var,187,FTMNNLDSV,5
var,187,FTMNNLDAN,5
var,187,FTMNNLDAA,5
var,187,FTMNNLDAV,5
var,187,FTMNNLDPN,5
var,187,FTMNNLDPA,5
var,187,FTMNNLDPV,6
var,187,FTMNNVQSN,3
var,187,FTMNNVQSA,3
var,187,FTMNNVQSV,4
var,187,FTMNNVQAN,4
var,187,FTMNNVQAA,4
var,187,FTMNNVQAV,4
var,187,FTMNNVQPN,4
var,187,FTMNNVQPA,4
var,187,FTMNNVQPV,5
var,187,FTMNNVTSN,3
var,187,FTMNNVTSA,3
var,187,FTMNNVTSV,4
var,187,FTMNNVTAN,4
var,187,FTMNNVTAA,4
var,187,FTMNNVTAV,4
var,187,FTMNNVTPN,4
var,187,FTMNNVTPA,4
var,187,FTMNNVTPV,5
var,187,FTMNNVDSN,4
var,187,FTMNNVDSA,4
var,187,FTMNNVDSV,5
var,187,FTMNNVDAN,4
var,187,FTMNNVDAA,4
var,187,FTMNNVDAV,5
var,187,FTMNNVDPN,5
var,187,FTMNNVDPA,5
var,187,FTMNNVDPV,6
var,187,FTMNNMQSN,4
var,187,FTMNNMQSA,4
var,187,FTMNNMQSV,5
var,187,FTMNNMQAN,4
var,187,FTMNNMQAA,4
var,187,FTMNNMQAV,5
var,187,FTMNNMQPN,5
var,187,FTMNNMQPA,5
var,187,FTMNNMQPV,6
var,187,FTMNNMTSN,4
var,187,FTMNNMTSA,4
var,187,FTMNNMTSV,5
var,187,FTMNNMTAN,4
var,187,FTMNNMTAA,4
var,187,FTMNNMTAV,5
var,187,FTMNNMTPN,5
var,187,FTMNNMTPA,5
var,187,FTMNNMTPV,6
var,187,FTMNNMDSN,5
var,187,FTMNNMDSA,5
var,187,FTMNNMDSV,6
var,187,FTMNNMDAN,5
var,187,FTMNNMDAA,5
var,187,FTMNNMDAV,6
var,187,FTMNNMDPN,6
var,187,FTMNNMDPA,6
var,187,FTMNNMDPV,7
var,187,FTMSSLQSN,4
var,187,FTMSSLQSA,4
var,187,FTMSSLQSV,4
var,187,FTMSSLQAN,5
var,187,FTMSSLQAA,5
var,187,FTMSSLQAV,5
var,187,FTMSSLQPN,4
var,187,FTMSSLQPA,4
var,187,FTMSSLQPV,4
var,187,FTMSSLTSN,5
var,187,FTMSSLTSA,5
var,187,FTMSSLTSV,5
var,187,FTMSSLTAN,5
var,187,FTMSSLTAA,5
var,187,FTMSSLTAV,5
var,187,FTMSSLTPN,4
var,187,FTMSSLTPA,4
var,187,FTMSSLTPV,4
var,187,FTMSSLDSN,4
var,187,FTMSSLDSA,4
var,187,FTMSSLDSV,4
var,187,FTMSSLDAN,5
var,187,FTMSSLDAA,5
var,187,FTMSSLDAV,5
var,187,FTMSSLDPN,4
var,187,FTMSSLDPA,4
var,187,FTMSSLDPV,5
var,187,FTMSSVQSN,3
var,187,FTMSSVQSA,4
var,187,FTMSSVQSV,4
var,187,FTMSSVQAN,4
var,187,FTMSSVQAA,5
var,187,FTMSSVQAV,5
var,187,FTMSSVQPN,3
var,187,FTMSSVQPA,4
var,187,FTMSSVQPV,4
var,187,FTMSSVTSN,4
var,187,FTMSSVTSA,5
var,187,FTMSSVTSV,5
var,187,FTMSSVTAN,5
var,187,FTMSSVTAA,6
var,187,FTMSSVTAV,6
var,187,FTMSSVTPN,4
var,187,FTMSSVTPA,5
var,187,FTMSSVTPV,5
var,187,FTMSSVDSN,3
var,187,FTMSSVDSA,4
var,187,FTMSSVDSV,4
var,187,FTMSSVDAN,4
var,187,FTMSSVDAA,5
var,187,FTMSSVDAV,5
var,187,FTMSSVDPN,4
var,187,FTMSSVDPA,4
var,187,FTMSSVDPV,5
var,187,FTMSSMQSN,3
var,187,FTMSSMQSA,3
var,187,FTMSSMQSV,4
var,187,FTMSSMQAN,4
var,187,FTMSSMQAA,4
var,187,FTMSSMQAV,4
var,187,FTMSSMQPN,4
var,187,FTMSSMQPA,4
var,187,FTMSSMQPV,5
var,187,FTMSSMTSN,4
var,187,FTMSSMTSA,4
var,187,FTMSSMTSV,4
var,187,FTMSSMTAN,4
var,187,FTMSSMTAA,5
var,187,FTMSSMTAV,5
var,187,FTMSSMTPN,4
var,187,FTMSSMTPA,4
var,187,FTMSSMTPV,5
var,187,FTMSSMDSN,4
var,187,FTMSSMDSA,4
var,187,FTMSSMDSV,5
var,187,FTMSSMDAN,4
var,187,FTMSSMDAA,4
var,187,FTMSSMDAV,5
var,187,FTMSSMDPN,5
var,187,FTMSSMDPA,5
var,187,FTMSSMDPV,6
var,187,FTMSNLQSN,4
var,187,FTMSNLQSA,4
var,187,FTMSNLQSV,4
var,187,FTMSNLQAN,4
var,187,FTMSNLQAA,4
var,187,FTMSNLQAV,4
var,187,FTMSNLQPN,4
var,187,FTMSNLQPA,4
var,187,FTMSNLQPV,5
var,187,FTMSNLTSN,4
var,187,FTMSNLTSA,4
var,187,FTMSNLTSV,4
var,187,FTMSNLTAN,4
var,187,FTMSNLTAA,4
var,187,FTMSNLTAV,4
var,187,FTMSNLTPN,4
var,187,FTMSNLTPA,4
var,187,FTMSNLTPV,5
var,187,FTMSNLDSN,4
var,187,FTMSNLDSA,4
var,187,FTMSNLDSV,5
var,187,FTMSNLDAN,4
var,187,FTMSNLDAA,4
var,187,FTMSNLDAV,5
var,187,FTMSNLDPN,5
var,187,FTMSNLDPA,5
var,187,FTMSNLDPV,6
var,187,FTMSNVQSN,3
var,187,FTMSNVQSA,3
var,187,FTMSNVQSV,4
var,187,FTMSNVQAN,3
var,187,FTMSNVQAA,4
var,187,FTMSNVQAV,4
var,187,FTMSNVQPN,4
var,187,FTMSNVQPA,4
var,187,FTMSNVQPV,5
var,187,FTMSNVTSN,3
var,187,FTMSNVTSA,4
var,187,FTMSNVTSV,4
var,187,FTMSNVTAN,4
var,187,FTMSNVTAA,5
var,187,FTMSNVTAV,5
var,187,FTMSNVTPN,4
var,187,FTMSNVTPA,4
var,187,FTMSNVTPV,5
var,187,FTMSNVDSN,4
var,187,FTMSNVDSA,4
var,187,FTMSNVDSV,5
var,187,FTMSNVDAN,4
var,187,FTMSNVDAA,4
var,187,FTMSNVDAV,5
var,187,FTMSNVDPN,5
var,187,FTMSNVDPA,5
var,187,FTMSNVDPV,6
var,187,FTMSNMQSN,4
var,187,FTMSNMQSA,4
var,187,FTMSNMQSV,5
var,187,FTMSNMQAN,4
var,187,FTMSNMQAA,4
var,187,FTMSNMQAV,5
var,187,FTMSNMQPN,5
var,187,FTMSNMQPA,5
var,187,FTMSNMQPV,6
var,187,FTMSNMTSN,4
var,187,FTMSNMTSA,4
var,187,FTMSNMTSV,5
var,187,FTMSNMTAN,4
var,187,FTMSNMTAA,4
var,187,FTMSNMTAV,5
var,187,FTMSNMTPN,5
var,187,FTMSNMTPA,5
var,187,FTMSNMTPV,6
var,187,FTMSNMDSN,5
var,187,FTMSNMDSA,5
var,187,FTMSNMDSV,6
var,187,FTMSNMDAN,5
var,187,FTMSNMDAA,5
var,187,FTMSNMDAV,6
var,187,FTMSNMDPN,6
var,187,FTMSNMDPA,6
var,187,FTMSNMDPV,7
var,187,FTMTSLQSN,3
var,187,FTMTSLQSA,3
var,187,FTMTSLQSV,4
var,187,FTMTSLQAN,4
var,187,FTMTSLQAA,4
var,187,FTMTSLQAV,4
var,187,FTMTSLQPN,4
var,187,FTMTSLQPA,4
var,187,FTMTSLQPV,5
var,187,FTMTSLTSN,4
var,187,FTMTSLTSA,4
var,187,FTMTSLTSV,4
var,187,FTMTSLTAN,4
var,187,FTMTSLTAA,4
var,187,FTMTSLTAV,4
var,187,FTMTSLTPN,4
var,187,FTMTSLTPA,4
var,187,FTMTSLTPV,5
var,187,FTMTSLDSN,4
var,187,FTMTSLDSA,4
var,187,FTMTSLDSV,5
var,187,FTMTSLDAN,4
var,187,FTMTSLDAA,4
var,187,FTMTSLDAV,5
var,187,FTMTSLDPN,5
var,187,FTMTSLDPA,5
var,187,FTMTSLDPV,6
var,187,FTMTSVQSN,3
var,187,FTMTSVQSA,3
var,187,FTMTSVQSV,4
var,187,FTMTSVQAN,3
var,187,FTMTSVQAA,4
var,187,FTMTSVQAV,4
var,187,FTMTSVQPN,4
var,187,FTMTSVQPA,4
var,187,FTMTSVQPV,5
var,187,FTMTSVTSN,3
var,187,FTMTSVTSA,4
var,187,FTMTSVTSV,4
var,187,FTMTSVTAN,4
var,187,FTMTSVTAA,5
var,187,FTMTSVTAV,5
var,187,FTMTSVTPN,4
var,187,FTMTSVTPA,4
var,187,FTMTSVTPV,5
var,187,FTMTSVDSN,4
var,187,FTMTSVDSA,4
var,187,FTMTSVDSV,5
var,187,FTMTSVDAN,4
var,187,FTMTSVDAA,4
var,187,FTMTSVDAV,5
var,187,FTMTSVDPN,5
var,187,FTMTSVDPA,5
var,187,FTMTSVDPV,6
var,187,FTMTSMQSN,4
var,187,FTMTSMQSA,4
var,187,FTMTSMQSV,5
var,187,FTMTSMQAN,4
var,187,FTMTSMQAA,4
var,187,FTMTSMQAV,5
var,187,FTMTSMQPN,5
var,187,FTMTSMQPA,5
var,187,FTMTSMQPV,6
var,187,FTMTSMTSN,4
var,187,FTMTSMTSA,4
var,187,FTMTSMTSV,5
var,187,FTMTSMTAN,4
var,187,FTMTSMTAA,4
var,187,FTMTSMTAV,5
var,187,FTMTSMTPN,5
var,187,FTMTSMTPA,5
var,187,FTMTSMTPV,6
var,187,FTMTSMDSN,5
var,187,FTMTSMDSA,5
var,187,FTMTSMDSV,6
var,187,FTMTSMDAN,5
var,187,FTMTSMDAA,5
var,187,FTMTSMDAV,6
var,187,FTMTSMDPN,6
var,187,FTMTSMDPA,6
var,187,FTMTSMDPV,7
var,187,FTMTNLQSN,4
var,187,FTMTNLQSA,4
var,187,FTMTNLQSV,5
var,187,FTMTNLQAN,4
var,187,FTMTNLQAA,4
var,187,FTMTNLQAV,5
var,187,FTMTNLQPN,5
var,187,FTMTNLQPA,5
var,187,FTMTNLQPV,6
var,187,FTMTNLTSN,4
var,187,FTMTNLTSA,4
var,187,FTMTNLTSV,5
var,187,FTMTNLTAN,4
var,187,FTMTNLTAA,4
var,187,FTMTNLTAV,5
var,187,FTMTNLTPN,5
var,187,FTMTNLTPA,5
var,187,FTMTNLTPV,6
var,187,FTMTNLDSN,5
var,187,FTMTNLDSA,5
var,187,FTMTNLDSV,6
var,187,FTMTNLDAN,5
var,187,FTMTNLDAA,5
var,187,FTMTNLDAV,6
var,187,FTMTNLDPN,6
var,187,FTMTNLDPA,6
var,187,FTMTNLDPV,7
var,187,FTMTNVQSN,4
var,187,FTMTNVQSA,4
var,187,FTMTNVQSV,5
var,187,FTMTNVQAN,4
var,187,FTMTNVQAA,4
var,187,FTMTNVQAV,5
var,187,FTMTNVQPN,5
var,187,FTMTNVQPA,5
var,187,FTMTNVQPV,6
var,187,FTMTNVTSN,4
var,187,FTMTNVTSA,4
var,187,FTMTNVTSV,5
var,187,FTMTNVTAN,4
var,187,FTMTNVTAA,4
var,187,FTMTNVTAV,5
var,187,FTMTNVTPN,5
var,187,FTMTNVTPA,5
var,187,FTMTNVTPV,6
var,187,FTMTNVDSN,5
var,187,FTMTNVDSA,5
var,187,FTMTNVDSV,6
var,187,FTMTNVDAN,5
var,187,FTMTNVDAA,5
var,187,FTMTNVDAV,6
var,187,FTMTNVDPN,6
var,187,FTMTNVDPA,6
var,187,FTMTNVDPV,7
var,187,FTMTNMQSN,5
var,187,FTMTNMQSA,5
var,187,FTMTNMQSV,6
var,187,FTMTNMQAN,5
var,187,FTMTNMQAA,5
var,187,FTMTNMQAV,6
var,187,FTMTNMQPN,6
var,187,FTMTNMQPA,6
var,187,FTMTNMQPV,7
var,187,FTMTNMTSN,5
var,187,FTMTNMTSA,5
var,187,FTMTNMTSV,6
var,187,FTMTNMTAN,5
var,187,FTMTNMTAA,5
var,187,FTMTNMTAV,6
var,187,FTMTNMTPN,6
var,187,FTMTNMTPA,6
var,187,FTMTNMTPV,7
var,187,FTMTNMDSN,6
var,187,FTMTNMDSA,6
var,187,FTMTNMDSV,7
var,187,FTMTNMDAN,6
var,187,FTMTNMDAA,6
var,187,FTMTNMDAV,7
var,187,FTMTNMDPN,7
var,187,FTMTNMDPA,7
var,187,FTMTNMDPV,8
var,187,FTLNSLQSN,4
var,187,FTLNSLQSA,4
var,187,FTLNSLQSV,4
var,187,FTLNSLQAN,4
var,187,FTLNSLQAA,4
var,187,FTLNSLQAV,4
var,187,FTLNSLQPN,4
var,187,FTLNSLQPA,4
var,187,FTLNSLQPV,4
var,187,FTLNSLTSN,5
var,187,FTLNSLTSA,5
var,187,FTLNSLTSV,5
var,187,FTLNSLTAN,4
var,187,FTLNSLTAA,5
var,187,FTLNSLTAV,5
var,187,FTLNSLTPN,5
var,187,FTLNSLTPA,5
var,187,FTLNSLTPV,5
var,187,FTLNSLDSN,4
var,187,FTLNSLDSA,4
var,187,FTLNSLDSV,4
var,187,FTLNSLDAN,4
var,187,FTLNSLDAA,4
var,187,FTLNSLDAV,4
var,187,FTLNSLDPN,4
var,187,FTLNSLDPA,4
var,187,FTLNSLDPV,4
var,187,FTLNSVQSN,4
var,187,FTLNSVQSA,4
var,187,FTLNSVQSV,4
var,187,FTLNSVQAN,4
var,187,FTLNSVQAA,5
var,187,FTLNSVQAV,5
var,187,FTLNSVQPN,5
var,187,FTLNSVQPA,5
var,187,FTLNSVQPV,5
var,187,FTLNSVTSN,5
var,187,FTLNSVTSA,5
var,187,FTLNSVTSV,5
var,187,FTLNSVTAN,5
var,187,FTLNSVTAA,6
var,187,FTLNSVTAV,6
var,187,FTLNSVTPN,6
var,187,FTLNSVTPA,6
var,187,FTLNSVTPV,6
var,187,FTLNSVDSN,4
var,187,FTLNSVDSA,4
var,187,FTLNSVDSV,4
var,187,FTLNSVDAN,4
var,187,FTLNSVDAA,5
var,187,FTLNSVDAV,5
var,187,FTLNSVDPN,5
var,187,FTLNSVDPA,5
var,187,FTLNSVDPV,5
var,187,FTLNSMQSN,3
var,187,FTLNSMQSA,3
var,187,FTLNSMQSV,3
var,187,FTLNSMQAN,3
var,187,FTLNSMQAA,4
var,187,FTLNSMQAV,4
var,187,FTLNSMQPN,4
var,187,FTLNSMQPA,4
var,187,FTLNSMQPV,4
var,187,FTLNSMTSN,4
var,187,FTLNSMTSA,4
var,187,FTLNSMTSV,4
var,187,FTLNSMTAN,4
var,187,FTLNSMTAA,5
var,187,FTLNSMTAV,5
var,187,FTLNSMTPN,5
var,187,FTLNSMTPA,5
var,187,FTLNSMTPV,5
var,187,FTLNSMDSN,3
var,187,FTLNSMDSA,3
var,187,FTLNSMDSV,4
var,187,FTLNSMDAN,3
var,187,FTLNSMDAA,4
var,187,FTLNSMDAV,4
var,187,FTLNSMDPN,4
var,187,FTLNSMDPA,4
var,187,FTLNSMDPV,5
var,187,FTLNNLQSN,3
var,187,FTLNNLQSA,3
var,187,FTLNNLQSV,3
var,187,FTLNNLQAN,4
var,187,FTLNNLQAA,4
var,187,FTLNNLQAV,4
var,187,FTLNNLQPN,3
var,187,FTLNNLQPA,3
var,187,FTLNNLQPV,4
var,187,FTLNNLTSN,4
var,187,FTLNNLTSA,4
var,187,FTLNNLTSV,4
var,187,FTLNNLTAN,4
var,187,FTLNNLTAA,4
var,187,FTLNNLTAV,4
var,187,FTLNNLTPN,4
var,187,FTLNNLTPA,4
var,187,FTLNNLTPV,4
var,187,FTLNNLDSN,3
var,187,FTLNNLDSA,3
var,187,FTLNNLDSV,4
var,187,FTLNNLDAN,4
var,187,FTLNNLDAA,4
var,187,FTLNNLDAV,4
var,187,FTLNNLDPN,4
var,187,FTLNNLDPA,4
var,187,FTLNNLDPV,5
var,187,FTLNNVQSN,3
var,187,FTLNNVQSA,3
var,187,FTLNNVQSV,3
var,187,FTLNNVQAN,3
var,187,FTLNNVQAA,4
var,187,FTLNNVQAV,4
var,187,FTLNNVQPN,4
var,187,FTLNNVQPA,4
var,187,FTLNNVQPV,4
var,187,FTLNNVTSN,4
var,187,FTLNNVTSA,4
var,187,FTLNNVTSV,4
var,187,FTLNNVTAN,4
var,187,FTLNNVTAA,5
var,187,FTLNNVTAV,5
var,187,FTLNNVTPN,5
var,187,FTLNNVTPA,5
var,187,FTLNNVTPV,5
var,187,FTLNNVDSN,3
var,187,FTLNNVDSA,3
var,187,FTLNNVDSV,4
var,187,FTLNNVDAN,3
var,187,FTLNNVDAA,4
var,187,FTLNNVDAV,4
var,187,FTLNNVDPN,4
var,187,FTLNNVDPA,4
var,187,FTLNNVDPV,5
var,187,FTLNNMQSN,3
var,187,FTLNNMQSA,3
var,187,FTLNNMQSV,4
var,187,FTLNNMQAN,3
var,187,FTLNNMQAA,3
var,187,FTLNNMQAV,4
var,187,FTLNNMQPN,4
var,187,FTLNNMQPA,4
var,187,FTLNNMQPV,5
var,187,FTLNNMTSN,3
var,187,FTLNNMTSA,3
var,187,FTLNNMTSV,4
var,187,FTLNNMTAN,3
var,187,FTLNNMTAA,4
var,187,FTLNNMTAV,4
var,187,FTLNNMTPN,4
var,187,FTLNNMTPA,4
var,187,FTLNNMTPV,5
var,187,FTLNNMDSN,4
var,187,FTLNNMDSA,4
var,187,FTLNNMDSV,5
var,187,FTLNNMDAN,4
var,187,FTLNNMDAA,4
var,187,FTLNNMDAV,5
var,187,FTLNNMDPN,5
var,187,FTLNNMDPA,5
var,187,FTLNNMDPV,6
var,187,FTLSSLQSN,5
var,187,FTLSSLQSA,5
var,187,FTLSSLQSV,5
var,187,FTLSSLQAN,4
var,187,FTLSSLQAA,5
var,187,FTLSSLQAV,5
var,187,FTLSSLQPN,4
var,187,FTLSSLQPA,4
var,187,FTLSSLQPV,4
var,187,FTLSSLTSN,6
var,187,FTLSSLTSA,6
var,187,FTLSSLTSV,6
var,187,FTLSSLTAN,5
var,187,FTLSSLTAA,6
var,187,FTLSSLTAV,6
var,187,FTLSSLTPN,5
var,187,FTLSSLTPA,5
var,187,FTLSSLTPV,5
var,187,FTLSSLDSN,5
var,187,FTLSSLDSA,5
var,187,FTLSSLDSV,5
var,187,FTLSSLDAN,4
var,187,FTLSSLDAA,5
var,187,FTLSSLDAV,5
var,187,FTLSSLDPN,4
var,187,FTLSSLDPA,4
var,187,FTLSSLDPV,4
var,187,FTLSSVQSN,4
var,187,FTLSSVQSA,5
var,187,FTLSSVQSV,5
var,187,FTLSSVQAN,5
var,187,FTLSSVQAA,6
var,187,FTLSSVQAV,6
var,187,FTLSSVQPN,4
var,187,FTLSSVQPA,5
var,187,FTLSSVQPV,5
var,187,FTLSSVTSN,5
var,187,FTLSSVTSA,6
var,187,FTLSSVTSV,6
var,187,FTLSSVTAN,6
var,187,FTLSSVTAA,7
var,187,FTLSSVTAV,7
var,187,FTLSSVTPN,5
var,187,FTLSSVTPA,6
var,187,FTLSSVTPV,6
var,187,FTLSSVDSN,4
var,187,FTLSSVDSA,5
var,187,FTLSSVDSV,5
var,187,FTLSSVDAN,5
var,187,FTLSSVDAA,6
var,187,FTLSSVDAV,6
var,187,FTLSSVDPN,4
var,187,FTLSSVDPA,5
var,187,FTLSSVDPV,5
var,187,FTLSSMQSN,4
var,187,FTLSSMQSA,4
var,187,FTLSSMQSV,4
var,187,FTLSSMQAN,4
var,187,FTLSSMQAA,5
var,187,FTLSSMQAV,5
var,187,FTLSSMQPN,3
var,187,FTLSSMQPA,4
var,187,FTLSSMQPV,4
var,187,FTLSSMTSN,5
var,187,FTLSSMTSA,5
var,187,FTLSSMTSV,5
var,187,FTLSSMTAN,5
var,187,FTLSSMTAA,6
var,187,FTLSSMTAV,6
var,187,FTLSSMTPN,4
var,187,FTLSSMTPA,5
var,187,FTLSSMTPV,5
var,187,FTLSSMDSN,4
var,187,FTLSSMDSA,4
var,187,FTLSSMDSV,4
var,187,FTLSSMDAN,4
var,187,FTLSSMDAA,5
var,187,FTLSSMDAV,5
var,187,FTLSSMDPN,4
var,187,FTLSSMDPA,4
var,187,FTLSSMDPV,5
var,187,FTLSNLQSN,4
var,187,FTLSNLQSA,4
var,187,FTLSNLQSV,4
var,187,FTLSNLQAN,3
var,187,FTLSNLQAA,4
var,187,FTLSNLQAV,4
var,187,FTLSNLQPN,3
var,187,FTLSNLQPA,3
var,187,FTLSNLQPV,4
var,187,FTLSNLTSN,5
var,187,FTLSNLTSA,5
var,187,FTLSNLTSV,5
var,187,FTLSNLTAN,4
var,187,FTLSNLTAA,5
var,187,FTLSNLTAV,5
var,187,FTLSNLTPN,4
var,187,FTLSNLTPA,4
var,187,FTLSNLTPV,4
var,187,FTLSNLDSN,4
var,187,FTLSNLDSA,4
var,187,FTLSNLDSV,4
var,187,FTLSNLDAN,3
var,187,FTLSNLDAA,4
var,187,FTLSNLDAV,4
var,187,FTLSNLDPN,4
var,187,FTLSNLDPA,4
var,187,FTLSNLDPV,5
var,187,FTLSNVQSN,3
var,187,FTLSNVQSA,4
var,187,FTLSNVQSV,4
var,187,FTLSNVQAN,4
var,187,FTLSNVQAA,5
var,187,FTLSNVQAV,5
var,187,FTLSNVQPN,3
var,187,FTLSNVQPA,4
var,187,FTLSNVQPV,4
var,187,FTLSNVTSN,4
var,187,FTLSNVTSA,5
var,187,FTLSNVTSV,5
var,187,FTLSNVTAN,5
var,187,FTLSNVTAA,6
var,187,FTLSNVTAV,6
var,187,FTLSNVTPN,4
var,187,FTLSNVTPA,5
var,187,FTLSNVTPV,5
var,187,FTLSNVDSN,3
var,187,FTLSNVDSA,4
var,187,FTLSNVDSV,4
var,187,FTLSNVDAN,4
var,187,FTLSNVDAA,5
var,187,FTLSNVDAV,5
var,187,FTLSNVDPN,4
var,187,FTLSNVDPA,4
var,187,FTLSNVDPV,5
var,187,FTLSNMQSN,3
var,187,FTLSNMQSA,3
var,187,FTLSNMQSV,4
var,187,FTLSNMQAN,3
var,187,FTLSNMQAA,4
var,187,FTLSNMQAV,4
var,187,FTLSNMQPN,4
var,187,FTLSNMQPA,4
var,187,FTLSNMQPV,5
var,187,FTLSNMTSN,4
var,187,FTLSNMTSA,4
var,187,FTLSNMTSV,4
var,187,FTLSNMTAN,4
var,187,FTLSNMTAA,5
var,187,FTLSNMTAV,5
var,187,FTLSNMTPN,4
var,187,FTLSNMTPA,4
var,187,FTLSNMTPV,5
var,187,FTLSNMDSN,4
var,187,FTLSNMDSA,4
var,187,FTLSNMDSV,5
var,187,FTLSNMDAN,4
var,187,FTLSNMDAA,4
var,187,FTLSNMDAV,5
var,187,FTLSNMDPN,5
var,187,FTLSNMDPA,5
var,187,FTLSNMDPV,6
var,187,FTLTSLQSN,4
var,187,FTLTSLQSA,4
var,187,FTLTSLQSV,4
var,187,FTLTSLQAN,3
var,187,FTLTSLQAA,4
var,187,FTLTSLQAV,4
var,187,FTLTSLQPN,3
var,187,FTLTSLQPA,3
var,187,FTLTSLQPV,4
var,187,FTLTSLTSN,5
var,187,FTLTSLTSA,5
var,187,FTLTSLTSV,5
var,187,FTLTSLTAN,4
var,187,FTLTSLTAA,5
var,187,FTLTSLTAV,5
var,187,FTLTSLTPN,4
var,187,FTLTSLTPA,4
var,187,FTLTSLTPV,4
var,187,FTLTSLDSN,4
var,187,FTLTSLDSA,4
var,187,FTLTSLDSV,4
var,187,FTLTSLDAN,3
var,187,FTLTSLDAA,4
var,187,FTLTSLDAV,4
var,187,FTLTSLDPN,4
var,187,FTLTSLDPA,4
var,187,FTLTSLDPV,5
var,187,FTLTSVQSN,3
var,187,FTLTSVQSA,4
var,187,FTLTSVQSV,4
var,187,FTLTSVQAN,4
var,187,FTLTSVQAA,5
var,187,FTLTSVQAV,5
var,187,FTLTSVQPN,4
var,187,FTLTSVQPA,4
var,187,FTLTSVQPV,4
var,187,FTLTSVTSN,4
var,187,FTLTSVTSA,5
var,187,FTLTSVTSV,5
var,187,FTLTSVTAN,5
var,187,FTLTSVTAA,6
var,187,FTLTSVTAV,6
var,187,FTLTSVTPN,5
var,187,FTLTSVTPA,5
var,187,FTLTSVTPV,5
var,187,FTLTSVDSN,3
var,187,FTLTSVDSA,4
var,187,FTLTSVDSV,4
var,187,FTLTSVDAN,4
var,187,FTLTSVDAA,5
var,187,FTLTSVDAV,5
var,187,FTLTSVDPN,4
var,187,FTLTSVDPA,4
var,187,FTLTSVDPV,5
var,187,FTLTSMQSN,3
var,187,FTLTSMQSA,3
var,187,FTLTSMQSV,4
var,187,FTLTSMQAN,3
var,187,FTLTSMQAA,4
var,187,FTLTSMQAV,4
var,187,FTLTSMQPN,4
var,187,FTLTSMQPA,4
var,187,FTLTSMQPV,5
var,187,FTLTSMTSN,4
var,187,FTLTSMTSA,4
var,187,FTLTSMTSV,4
var,187,FTLTSMTAN,4
var,187,FTLTSMTAA,5
var,187,FTLTSMTAV,5
var,187,FTLTSMTPN,4
var,187,FTLTSMTPA,4
var,187,FTLTSMTPV,5
var,187,FTLTSMDSN,4
var,187,FTLTSMDSA,4
var,187,FTLTSMDSV,5
var,187,FTLTSMDAN,4
var,187,FTLTSMDAA,4
var,187,FTLTSMDAV,5
var,187,FTLTSMDPN,5
var,187,FTLTSMDPA,5
var,187,FTLTSMDPV,6
var,187,FTLTNLQSN,3
var,187,FTLTNLQSA,3
var,187,FTLTNLQSV,4
var,187,FTLTNLQAN,3
var,187,FTLTNLQAA,3
var,187,FTLTNLQAV,4
var,187,FTLTNLQPN,4
var,187,FTLTNLQPA,4
var,187,FTLTNLQPV,5
var,187,FTLTNLTSN,4
var,187,FTLTNLTSA,4
var,187,FTLTNLTSV,4
var,187,FTLTNLTAN,3
var,187,FTLTNLTAA,4
var,187,FTLTNLTAV,4
var,187,FTLTNLTPN,4
var,187,FTLTNLTPA,4
var,187,FTLTNLTPV,5
var,187,FTLTNLDSN,4
var,187,FTLTNLDSA,4
var,187,FTLTNLDSV,5
var,187,FTLTNLDAN,4
var,187,FTLTNLDAA,4
var,187,FTLTNLDAV,5
var,187,FTLTNLDPN,5
var,187,FTLTNLDPA,5
var,187,FTLTNLDPV,6
var,187,FTLTNVQSN,3
var,187,FTLTNVQSA,3
var,187,FTLTNVQSV,4
var,187,FTLTNVQAN,3
var,187,FTLTNVQAA,4
var,187,FTLTNVQAV,4
var,187,FTLTNVQPN,4
var,187,FTLTNVQPA,4
var,187,FTLTNVQPV,5
var,187,FTLTNVTSN,3
var,187,FTLTNVTSA,4
var,187,FTLTNVTSV,4
var,187,FTLTNVTAN,4
var,187,FTLTNVTAA,5
var,187,FTLTNVTAV,5
var,187,FTLTNVTPN,4
var,187,FTLTNVTPA,4
var,187,FTLTNVTPV,5
var,187,FTLTNVDSN,4
var,187,FTLTNVDSA,4
var,187,FTLTNVDSV,5
var,187,FTLTNVDAN,4
var,187,FTLTNVDAA,4
var,187,FTLTNVDAV,5
var,187,FTLTNVDPN,5
var,187,FTLTNVDPA,5
var,187,FTLTNVDPV,6
var,187,FTLTNMQSN,4
var,187,FTLTNMQSA,4
var,187,FTLTNMQSV,5
var,187,FTLTNMQAN,4
var,187,FTLTNMQAA,4
var,187,FTLTNMQAV,5
var,187,FTLTNMQPN,5
var,187,FTLTNMQPA,5
var,187,FTLTNMQPV,6
var,187,FTLTNMTSN,4
var,187,FTLTNMTSA,4
var,187,FTLTNMTSV,5
var,187,FTLTNMTAN,4
var,187,FTLTNMTAA,4
var,187,FTLTNMTAV,5
var,187,FTLTNMTPN,5
var,187,FTLTNMTPA,5
var,187,FTLTNMTPV,6
var,187,FTLTNMDSN,5
var,187,FTLTNMDSA,5
var,187,FTLTNMDSV,6
var,187,FTLTNMDAN,5
var,187,FTLTNMDAA,5
var,187,FTLTNMDAV,6
var,187,FTLTNMDPN,6
var,187,FTLTNMDPA,6
var,187,FTLTNMDPV,7
var,187,LKMNSLQSN,5
var,187,LKMNSLQSA,5
var,187,LKMNSLQSV,5
var,187,LKMNSLQAN,6
var,187,LKMNSLQAA,6
var,187,LKMNSLQAV,6
var,187,LKMNSLQPN,5
var,187,LKMNSLQPA,5
var,187,LKMNSLQPV,5
var,187,LKMNSLTSN,5
var,187,LKMNSLTSA,5
var,187,LKMNSLTSV,5
var,187,LKMNSLTAN,6
var,187,LKMNSLTAA,6
var,187,LKMNSLTAV,6
var,187,LKMNSLTPN,5
var,187,LKMNSLTPA,5
var,187,LKMNSLTPV,5
var,187,LKMNSLDSN,5
var,187,LKMNSLDSA,5
var,187,LKMNSLDSV,5
var,187,LKMNSLDAN,6
var,187,LKMNSLDAA,6
var,187,LKMNSLDAV,6
var,187,LKMNSLDPN,5
var,187,LKMNSLDPA,5
var,187,LKMNSLDPV,5
var,187,LKMNSVQSN,4
var,187,LKMNSVQSA,5
var,187,LKMNSVQSV,5
var,187,LKMNSVQAN,5
var,187,LKMNSVQAA,6
var,187,LKMNSVQAV,6
var,187,LKMNSVQPN,5
var,187,LKMNSVQPA,5
var,187,LKMNSVQPV,5
var,187,LKMNSVTSN,5
var,187,LKMNSVTSA,6
var,187,LKMNSVTSV,6
var,187,LKMNSVTAN,6
var,187,LKMNSVTAA,7
var,187,LKMNSVTAV,7
var,187,LKMNSVTPN,6
var,187,LKMNSVTPA,6
var,187,LKMNSVTPV,6
var,187,LKMNSVDSN,4
var,187,LKMNSVDSA,5
var,187,LKMNSVDSV,5
var,187,LKMNSVDAN,5
var,187,LKMNSVDAA,6
var,187,LKMNSVDAV,6
var,187,LKMNSVDPN,5
var,187,LKMNSVDPA,5
var,187,LKMNSVDPV,5
var,187,LKMNSMQSN,4
var,187,LKMNSMQSA,4
var,187,LKMNSMQSV,4
var,187,LKMNSMQAN,5
var,187,LKMNSMQAA,5
var,187,LKMNSMQAV,5
var,187,LKMNSMQPN,4
var,187,LKMNSMQPA,4
var,187,LKMNSMQPV,5
var,187,LKMNSMTSN,4
var,187,LKMNSMTSA,5
var,187,LKMNSMTSV,5
var,187,LKMNSMTAN,5
var,187,LKMNSMTAA,6
var,187,LKMNSMTAV,6
var,187,LKMNSMTPN,5
var,187,LKMNSMTPA,5
var,187,LKMNSMTPV,5
var,187,LKMNSMDSN,4
var,187,LKMNSMDSA,4
var,187,LKMNSMDSV,5
var,187,LKMNSMDAN,5
var,187,LKMNSMDAA,5
var,187,LKMNSMDAV,5
var,187,LKMNSMDPN,5
var,187,LKMNSMDPA,5
var,187,LKMNSMDPV,6
var,187,LKMNNLQSN,5
var,187,LKMNNLQSA,5
var,187,LKMNNLQSV,5
var,187,LKMNNLQAN,6
var,187,LKMNNLQAA,6
var,187,LKMNNLQAV,6
var,187,LKMNNLQPN,5
var,187,LKMNNLQPA,5
var,187,LKMNNLQPV,5
var,187,LKMNNLTSN,5
var,187,LKMNNLTSA,5
var,187,LKMNNLTSV,5
var,187,LKMNNLTAN,6
var,187,LKMNNLTAA,6
var,187,LKMNNLTAV,6
var,187,LKMNNLTPN,5
var,187,LKMNNLTPA,5
var,187,LKMNNLTPV,5
var,187,LKMNNLDSN,5
var,187,LKMNNLDSA,5
var,187,LKMNNLDSV,5
var,187,LKMNNLDAN,6
var,187,LKMNNLDAA,6
var,187,LKMNNLDAV,6
var,187,LKMNNLDPN,5
var,187,LKMNNLDPA,5
var,187,LKMNNLDPV,6
var,187,LKMNNVQSN,4
var,187,LKMNNVQSA,4
var,187,LKMNNVQSV,4
var,187,LKMNNVQAN,5
var,187,LKMNNVQAA,5
var,187,LKMNNVQAV,5
var,187,LKMNNVQPN,4
var,187,LKMNNVQPA,4
var,187,LKMNNVQPV,5
var,187,LKMNNVTSN,4
var,187,LKMNNVTSA,5
var,187,LKMNNVTSV,5
var,187,LKMNNVTAN,5
var,187,LKMNNVTAA,6
var,187,LKMNNVTAV,6
var,187,LKMNNVTPN,5
var,187,LKMNNVTPA,5
var,187,LKMNNVTPV,5
var,187,LKMNNVDSN,4
var,187,LKMNNVDSA,4
var,187,LKMNNVDSV,5
var,187,LKMNNVDAN,5
var,187,LKMNNVDAA,5
var,187,LKMNNVDAV,5
var,187,LKMNNVDPN,5
var,187,LKMNNVDPA,5
var,187,LKMNNVDPV,6
var,187,LKMNNMQSN,4
var,187,LKMNNMQSA,4
var,187,LKMNNMQSV,5
var,187,LKMNNMQAN,5
var,187,LKMNNMQAA,5
var,187,LKMNNMQAV,5
var,187,LKMNNMQPN,5
var,187,LKMNNMQPA,5
var,187,LKMNNMQPV,6
var,187,LKMNNMTSN,4
var,187,LKMNNMTSA,4
var,187,LKMNNMTSV,5
var,187,LKMNNMTAN,5
var,187,LKMNNMTAA,5
var,187,LKMNNMTAV,5
var,187,LKMNNMTPN,5
var,187,LKMNNMTPA,5
var,187,LKMNNMTPV,6
var,187,LKMNNMDSN,5
var,187,LKMNNMDSA,5
var,187,LKMNNMDSV,6
var,187,LKMNNMDAN,5
var,187,LKMNNMDAA,5
var,187,LKMNNMDAV,6
var,187,LKMNNMDPN,6
var,187,LKMNNMDPA,6
var,187,LKMNNMDPV,7
var,187,LKMSSLQSN,5
var,187,LKMSSLQSA,5
var,187,LKMSSLQSV,5
var,187,LKMSSLQAN,6
var,187,LKMSSLQAA,6
var,187,LKMSSLQAV,6
var,187,LKMSSLQPN,5
var,187,LKMSSLQPA,5
var,187,LKMSSLQPV,5
var,187,LKMSSLTSN,5
var,187,LKMSSLTSA,6
var,187,LKMSSLTSV,6
var,187,LKMSSLTAN,6
var,187,LKMSSLTAA,7
var,187,LKMSSLTAV,7
var,187,LKMSSLTPN,5
var,187,LKMSSLTPA,6
var,187,LKMSSLTPV,6
var,187,LKMSSLDSN,5
var,187,LKMSSLDSA,5
var,187,LKMSSLDSV,5
var,187,LKMSSLDAN,6
var,187,LKMSSLDAA,6
var,187,LKMSSLDAV,6
var,187,LKMSSLDPN,5
var,187,LKMSSLDPA,5
var,187,LKMSSLDPV,5
var,187,LKMSSVQSN,5
var,187,LKMSSVQSA,6
var,187,LKMSSVQSV,6
var,187,LKMSSVQAN,6
var,187,LKMSSVQAA,7
var,187,LKMSSVQAV,7
var,187,LKMSSVQPN,5
var,187,LKMSSVQPA,6
var,187,LKMSSVQPV,6
var,187,LKMSSVTSN,6
var,187,LKMSSVTSA,7
var,187,LKMSSVTSV,7
var,187,LKMSSVTAN,7
var,187,LKMSSVTAA,8
var,187,LKMSSVTAV,8
var,187,LKMSSVTPN,6
var,187,LKMSSVTPA,7
var,187,LKMSSVTPV,7
var,187,LKMSSVDSN,5
var,187,LKMSSVDSA,6
var,187,LKMSSVDSV,6
var,187,LKMSSVDAN,6
var,187,LKMSSVDAA,7
var,187,LKMSSVDAV,7
var,187,LKMSSVDPN,5
var,187,LKMSSVDPA,6
var,187,LKMSSVDPV,6
var,187,LKMSSMQSN,4
var,187,LKMSSMQSA,5
var,187,LKMSSMQSV,5
var,187,LKMSSMQAN,5
var,187,LKMSSMQAA,6
var,187,LKMSSMQAV,6
var,187,LKMSSMQPN,4
var,187,LKMSSMQPA,5
var,187,LKMSSMQPV,5
var,187,LKMSSMTSN,5
var,187,LKMSSMTSA,6
var,187,LKMSSMTSV,6
var,187,LKMSSMTAN,6
var,187,LKMSSMTAA,7
var,187,LKMSSMTAV,7
var,187,LKMSSMTPN,5
var,187,LKMSSMTPA,6
var,187,LKMSSMTPV,6
var,187,LKMSSMDSN,4
var,187,LKMSSMDSA,5
var,187,LKMSSMDSV,5
var,187,LKMSSMDAN,5
var,187,LKMSSMDAA,6
var,187,LKMSSMDAV,6
var,187,LKMSSMDPN,5
var,187,LKMSSMDPA,5
var,187,LKMSSMDPV,6
var,187,LKMSNLQSN,5
var,187,LKMSNLQSA,5
var,187,LKMSNLQSV,5
var,187,LKMSNLQAN,5
var,187,LKMSNLQAA,5
var,187,LKMSNLQAV,5
var,187,LKMSNLQPN,5
var,187,LKMSNLQPA,5
var,187,LKMSNLQPV,5
var,187,LKMSNLTSN,5
var,187,LKMSNLTSA,5
var,187,LKMSNLTSV,5
var,187,LKMSNLTAN,5
var,187,LKMSNLTAA,6
var,187,LKMSNLTAV,6
var,187,LKMSNLTPN,5
var,187,LKMSNLTPA,5
var,187,LKMSNLTPV,5
var,187,LKMSNLDSN,5
var,187,LKMSNLDSA,5
var,187,LKMSNLDSV,5
var,187,LKMSNLDAN,5
var,187,LKMSNLDAA,5
var,187,LKMSNLDAV,5
var,187,LKMSNLDPN,5
var,187,LKMSNLDPA,5
var,187,LKMSNLDPV,6
var,187,LKMSNVQSN,4
var,187,LKMSNVQSA,5
var,187,LKMSNVQSV,5
var,187,LKMSNVQAN,5
var,187,LKMSNVQAA,6
var,187,LKMSNVQAV,6
var,187,LKMSNVQPN,4
var,187,LKMSNVQPA,5
var,187,LKMSNVQPV,5
var,187,LKMSNVTSN,5
var,187,LKMSNVTSA,6
var,187,LKMSNVTSV,6
var,187,LKMSNVTAN,6
var,187,LKMSNVTAA,7
var,187,LKMSNVTAV,7
var,187,LKMSNVTPN,5
var,187,LKMSNVTPA,6
var,187,LKMSNVTPV,6
var,187,LKMSNVDSN,4
var,187,LKMSNVDSA,5
var,187,LKMSNVDSV,5
var,187,LKMSNVDAN,5
var,187,LKMSNVDAA,6
var,187,LKMSNVDAV,6
var,187,LKMSNVDPN,5
var,187,LKMSNVDPA,5
var,187,LKMSNVDPV,6
var,187,LKMSNMQSN,4
var,187,LKMSNMQSA,4
var,187,LKMSNMQSV,5
var,187,LKMSNMQAN,4
var,187,LKMSNMQAA,5
var,187,LKMSNMQAV,5
var,187,LKMSNMQPN,5
var,187,LKMSNMQPA,5
var,187,LKMSNMQPV,6
var,187,LKMSNMTSN,4
var,187,LKMSNMTSA,5
var,187,LKMSNMTSV,5
var,187,LKMSNMTAN,5
var,187,LKMSNMTAA,6
var,187,LKMSNMTAV,6
var,187,LKMSNMTPN,5
var,187,LKMSNMTPA,5
var,187,LKMSNMTPV,6
var,187,LKMSNMDSN,5
var,187,LKMSNMDSA,5
var,187,LKMSNMDSV,6
var,187,LKMSNMDAN,5
var,187,LKMSNMDAA,5
var,187,LKMSNMDAV,6
var,187,LKMSNMDPN,6
var,187,LKMSNMDPA,6
var,187,LKMSNMDPV,7
var,187,LKMTSLQSN,4
var,187,LKMTSLQSA,4
var,187,LKMTSLQSV,4
var,187,LKMTSLQAN,5
var,187,LKMTSLQAA,5
var,187,LKMTSLQAV,5
var,187,LKMTSLQPN,4
var,187,LKMTSLQPA,4
var,187,LKMTSLQPV,5
var,187,LKMTSLTSN,4
var,187,LKMTSLTSA,5
var,187,LKMTSLTSV,5
var,187,LKMTSLTAN,5
var,187,LKMTSLTAA,6
var,187,LKMTSLTAV,6
var,187,LKMTSLTPN,4
var,187,LKMTSLTPA,5
var,187,LKMTSLTPV,5
var,187,LKMTSLDSN,4
var,187,LKMTSLDSA,4
var,187,LKMTSLDSV,5
var,187,LKMTSLDAN,5
var,187,LKMTSLDAA,5
var,187,LKMTSLDAV,5
var,187,LKMTSLDPN,5
var,187,LKMTSLDPA,5
var,187,LKMTSLDPV,6
var,187,LKMTSVQSN,4
var,187,LKMTSVQSA,5
var,187,LKMTSVQSV,5
var,187,LKMTSVQAN,5
var,187,LKMTSVQAA,6
var,187,LKMTSVQAV,6
var,187,LKMTSVQPN,4
var,187,LKMTSVQPA,5
var,187,LKMTSVQPV,5
var,187,LKMTSVTSN,5
var,187,LKMTSVTSA,6
var,187,LKMTSVTSV,6
var,187,LKMTSVTAN,6
var,187,LKMTSVTAA,7
var,187,LKMTSVTAV,7
var,187,LKMTSVTPN,5
var,187,LKMTSVTPA,6
var,187,LKMTSVTPV,6
var,187,LKMTSVDSN,4
var,187,LKMTSVDSA,5
var,187,LKMTSVDSV,5
var,187,LKMTSVDAN,5
var,187,LKMTSVDAA,6
var,187,LKMTSVDAV,6
var,187,LKMTSVDPN,5
var,187,LKMTSVDPA,5
var,187,LKMTSVDPV,6
var,187,LKMTSMQSN,4
var,187,LKMTSMQSA,4
var,187,LKMTSMQSV,5
var,187,LKMTSMQAN,4
var,187,LKMTSMQAA,5
var,187,LKMTSMQAV,5
var,187,LKMTSMQPN,5
var,187,LKMTSMQPA,5
var,187,LKMTSMQPV,6
var,187,LKMTSMTSN,4
var,187,LKMTSMTSA,5
var,187,LKMTSMTSV,5
var,187,LKMTSMTAN,5
var,187,LKMTSMTAA,6
var,187,LKMTSMTAV,6
var,187,LKMTSMTPN,5
var,187,LKMTSMTPA,5
var,187,LKMTSMTPV,6
var,187,LKMTSMDSN,5
var,187,LKMTSMDSA,5
var,187,LKMTSMDSV,6
var,187,LKMTSMDAN,5
var,187,LKMTSMDAA,5
var,187,LKMTSMDAV,6
var,187,LKMTSMDPN,6
var,187,LKMTSMDPA,6
var,187,LKMTSMDPV,7
var,187,LKMTNLQSN,4
var,187,LKMTNLQSA,4
var,187,LKMTNLQSV,5
var,187,LKMTNLQAN,5
var,187,LKMTNLQAA,5
var,187,LKMTNLQAV,5
var,187,LKMTNLQPN,5
var,187,LKMTNLQPA,5
var,187,LKMTNLQPV,6
var,187,LKMTNLTSN,4
var,187,LKMTNLTSA,4
var,187,LKMTNLTSV,5
var,187,LKMTNLTAN,5
var,187,LKMTNLTAA,5
var,187,LKMTNLTAV,5
var,187,LKMTNLTPN,5
var,187,LKMTNLTPA,5
var,187,LKMTNLTPV,6
var,187,LKMTNLDSN,5
var,187,LKMTNLDSA,5
var,187,LKMTNLDSV,6
var,187,LKMTNLDAN,5
var,187,LKMTNLDAA,5
var,187,LKMTNLDAV,6
var,187,LKMTNLDPN,6
var,187,LKMTNLDPA,6
var,187,LKMTNLDPV,7
var,187,LKMTNVQSN,4
var,187,LKMTNVQSA,4
var,187,LKMTNVQSV,5
var,187,LKMTNVQAN,4
var,187,LKMTNVQAA,5
var,187,LKMTNVQAV,5
var,187,LKMTNVQPN,5
var,187,LKMTNVQPA,5
var,187,LKMTNVQPV,6
var,187,LKMTNVTSN,4
var,187,LKMTNVTSA,5
var,187,LKMTNVTSV,5
var,187,LKMTNVTAN,5
var,187,LKMTNVTAA,6
var,187,LKMTNVTAV,6
var,187,LKMTNVTPN,5
var,187,LKMTNVTPA,5
var,187,LKMTNVTPV,6
var,187,LKMTNVDSN,5
var,187,LKMTNVDSA,5
var,187,LKMTNVDSV,6
var,187,LKMTNVDAN,5
var,187,LKMTNVDAA,5
var,187,LKMTNVDAV,6
var,187,LKMTNVDPN,6
var,187,LKMTNVDPA,6
var,187,LKMTNVDPV,7
var,187,LKMTNMQSN,5
var,187,LKMTNMQSA,5
var,187,LKMTNMQSV,6
var,187,LKMTNMQAN,5
var,187,LKMTNMQAA,5
var,187,LKMTNMQAV,6
var,187,LKMTNMQPN,6
var,187,LKMTNMQPA,6
var,187,LKMTNMQPV,7
var,187,LKMTNMTSN,5
var,187,LKMTNMTSA,5
var,187,LKMTNMTSV,6
var,187,LKMTNMTAN,5
var,187,LKMTNMTAA,5
var,187,LKMTNMTAV,6
var,187,LKMTNMTPN,6
var,187,LKMTNMTPA,6
var,187,LKMTNMTPV,7
var,187,LKMTNMDSN,6
var,187,LKMTNMDSA,6
var,187,LKMTNMDSV,7
var,187,LKMTNMDAN,6
var,187,LKMTNMDAA,6
var,187,LKMTNMDAV,7
var,187,LKMTNMDPN,7
var,187,LKMTNMDPA,7
var,187,LKMTNMDPV,8
var,187,LKLNSLQSN,4
var,187,LKLNSLQSA,5
var,187,LKLNSLQSV,5
var,187,LKLNSLQAN,5
var,187,LKLNSLQAA,6
var,187,LKLNSLQAV,6
var,187,LKLNSLQPN,5
var,187,LKLNSLQPA,5
var,187,LKLNSLQPV,5
var,187,LKLNSLTSN,5
var,187,LKLNSLTSA,6
var,187,LKLNSLTSV,6
var,187,LKLNSLTAN,6
var,187,LKLNSLTAA,7
var,187,LKLNSLTAV,7
var,187,LKLNSLTPN,6
var,187,LKLNSLTPA,6
var,187,LKLNSLTPV,6
var,187,LKLNSLDSN,4
var,187,LKLNSLDSA,5
var,187,LKLNSLDSV,5
var,187,LKLNSLDAN,5
var,187,LKLNSLDAA,6
var,187,LKLNSLDAV,6
var,187,LKLNSLDPN,5
var,187,LKLNSLDPA,5
var,187,LKLNSLDPV,5
var,187,LKLNSVQSN,5
var,187,LKLNSVQSA,6
var,187,LKLNSVQSV,6
var,187,LKLNSVQAN,6
var,187,LKLNSVQAA,7
var,187,LKLNSVQAV,7
var,187,LKLNSVQPN,6
var,187,LKLNSVQPA,6
var,187,LKLNSVQPV,6
var,187,LKLNSVTSN,6
var,187,LKLNSVTSA,7
var,187,LKLNSVTSV,7
var,187,LKLNSVTAN,7
var,187,LKLNSVTAA,8
var,187,LKLNSVTAV,8
var,187,LKLNSVTPN,7
var,187,LKLNSVTPA,7
var,187,LKLNSVTPV,7
var,187,LKLNSVDSN,5
var,187,LKLNSVDSA,6
var,187,LKLNSVDSV,6
var,187,LKLNSVDAN,6
var,187,LKLNSVDAA,7
var,187,LKLNSVDAV,7
var,187,LKLNSVDPN,6
var,187,LKLNSVDPA,6
var,187,LKLNSVDPV,6
var,187,LKLNSMQSN,4
var,187,LKLNSMQSA,5
var,187,LKLNSMQSV,5
var,187,LKLNSMQAN,5
var,187,LKLNSMQAA,6
var,187,LKLNSMQAV,6
var,187,LKLNSMQPN,5
var,187,LKLNSMQPA,5
var,187,LKLNSMQPV,5
var,187,LKLNSMTSN,5
var,187,LKLNSMTSA,6
var,187,LKLNSMTSV,6
var,187,LKLNSMTAN,6
var,187,LKLNSMTAA,7
var,187,LKLNSMTAV,7
var,187,LKLNSMTPN,6
var,187,LKLNSMTPA,6
var,187,LKLNSMTPV,6
var,187,LKLNSMDSN,4
var,187,LKLNSMDSA,5
var,187,LKLNSMDSV,5
var,187,LKLNSMDAN,5
var,187,LKLNSMDAA,6
var,187,LKLNSMDAV,6
var,187,LKLNSMDPN,5
var,187,LKLNSMDPA,5
var,187,LKLNSMDPV,5
var,187,LKLNNLQSN,4
var,187,LKLNNLQSA,4
var,187,LKLNNLQSV,4
var,187,LKLNNLQAN,5
var,187,LKLNNLQAA,5
var,187,LKLNNLQAV,5
var,187,LKLNNLQPN,4
var,187,LKLNNLQPA,4
var,187,LKLNNLQPV,4
var,187,LKLNNLTSN,4
var,187,LKLNNLTSA,5
var,187,LKLNNLTSV,5
var,187,LKLNNLTAN,5
var,187,LKLNNLTAA,6
var,187,LKLNNLTAV,6
var,187,LKLNNLTPN,5
var,187,LKLNNLTPA,5
var,187,LKLNNLTPV,5
var,187,LKLNNLDSN,4
var,187,LKLNNLDSA,4
var,187,LKLNNLDSV,4
var,187,LKLNNLDAN,5
var,187,LKLNNLDAA,5
var,187,LKLNNLDAV,5
var,187,LKLNNLDPN,4
var,187,LKLNNLDPA,4
var,187,LKLNNLDPV,5
var,187,LKLNNVQSN,4
var,187,LKLNNVQSA,5
var,187,LKLNNVQSV,5
var,187,LKLNNVQAN,5
var,187,LKLNNVQAA,6
var,187,LKLNNVQAV,6
var,187,LKLNNVQPN,5
var,187,LKLNNVQPA,5
var,187,LKLNNVQPV,5
var,187,LKLNNVTSN,5
var,187,LKLNNVTSA,6
var,187,LKLNNVTSV,6
var,187,LKLNNVTAN,6
var,187,LKLNNVTAA,7
var,187,LKLNNVTAV,7
var,187,LKLNNVTPN,6
var,187,LKLNNVTPA,6
var,187,LKLNNVTPV,6
var,187,LKLNNVDSN,4
var,187,LKLNNVDSA,5
var,187,LKLNNVDSV,5
var,187,LKLNNVDAN,5
var,187,LKLNNVDAA,6
var,187,LKLNNVDAV,6
var,187,LKLNNVDPN,5
var,187,LKLNNVDPA,5
var,187,LKLNNVDPV,5
var,187,LKLNNMQSN,3
var,187,LKLNNMQSA,4
var,187,LKLNNMQSV,4
var,187,LKLNNMQAN,4
var,187,LKLNNMQAA,5
var,187,LKLNNMQAV,5
var,187,LKLNNMQPN,4
var,187,LKLNNMQPA,4
var,187,LKLNNMQPV,5
var,187,LKLNNMTSN,4
var,187,LKLNNMTSA,5
var,187,LKLNNMTSV,5
var,187,LKLNNMTAN,5
var,187,LKLNNMTAA,6
var,187,LKLNNMTAV,6
var,187,LKLNNMTPN,5
var,187,LKLNNMTPA,5
var,187,LKLNNMTPV,5
var,187,LKLNNMDSN,4
var,187,LKLNNMDSA,4
var,187,LKLNNMDSV,5
var,187,LKLNNMDAN,4
var,187,LKLNNMDAA,5
var,187,LKLNNMDAV,5
var,187,LKLNNMDPN,5
var,187,LKLNNMDPA,5
var,187,LKLNNMDPV,6
var,187,LKLSSLQSN,5
var,187,LKLSSLQSA,6
var,187,LKLSSLQSV,6
var,187,LKLSSLQAN,6
var,187,LKLSSLQAA,7
var,187,LKLSSLQAV,7
var,187,LKLSSLQPN,5
var,187,LKLSSLQPA,6
var,187,LKLSSLQPV,6
var,187,LKLSSLTSN,6
var,187,LKLSSLTSA,7
var,187,LKLSSLTSV,7
var,187,LKLSSLTAN,7
var,187,LKLSSLTAA,8
var,187,LKLSSLTAV,8
var,187,LKLSSLTPN,6
var,187,LKLSSLTPA,7
var,187,LKLSSLTPV,7
var,187,LKLSSLDSN,5
var,187,LKLSSLDSA,6
var,187,LKLSSLDSV,6
var,187,LKLSSLDAN,6
var,187,LKLSSLDAA,7
var,187,LKLSSLDAV,7
var,187,LKLSSLDPN,5
var,187,LKLSSLDPA,6
var,187,LKLSSLDPV,6
var,187,LKLSSVQSN,6
var,187,LKLSSVQSA,7
var,187,LKLSSVQSV,7
var,187,LKLSSVQAN,7
var,187,LKLSSVQAA,8
var,187,LKLSSVQAV,8
var,187,LKLSSVQPN,6
var,187,LKLSSVQPA,7
var,187,LKLSSVQPV,7
var,187,LKLSSVTSN,7
var,187,LKLSSVTSA,8
var,187,LKLSSVTSV,8
var,187,LKLSSVTAN,8
var,187,LKLSSVTAA,9
var,187,LKLSSVTAV,9
var,187,LKLSSVTPN,7
var,187,LKLSSVTPA,8
var,187,LKLSSVTPV,8
var,187,LKLSSVDSN,6
var,187,LKLSSVDSA,7
var,187,LKLSSVDSV,7
var,187,LKLSSVDAN,7
var,187,LKLSSVDAA,8
var,187,LKLSSVDAV,8
var,187,LKLSSVDPN,6
var,187,LKLSSVDPA,7
var,187,LKLSSVDPV,7
var,187,LKLSSMQSN,5
var,187,LKLSSMQSA,6
var,187,LKLSSMQSV,6
var,187,LKLSSMQAN,6
var,187,LKLSSMQAA,7
var,187,LKLSSMQAV,7
var,187,LKLSSMQPN,5
var,187,LKLSSMQPA,6
var,187,LKLSSMQPV,6
var,187,LKLSSMTSN,6
var,187,LKLSSMTSA,7
var,187,LKLSSMTSV,7
var,187,LKLSSMTAN,7
var,187,LKLSSMTAA,8
var,187,LKLSSMTAV,8
var,187,LKLSSMTPN,6
var,187,LKLSSMTPA,7
var,187,LKLSSMTPV,7
var,187,LKLSSMDSN,5
var,187,LKLSSMDSA,6
var,187,LKLSSMDSV,6
var,187,LKLSSMDAN,6
var,187,LKLSSMDAA,7
var,187,LKLSSMDAV,7
var,187,LKLSSMDPN,5
var,187,LKLSSMDPA,6
var,187,LKLSSMDPV,6
var,187,LKLSNLQSN,4
var,187,LKLSNLQSA,5
var,187,LKLSNLQSV,5
var,187,LKLSNLQAN,5
var,187,LKLSNLQAA,6
var,187,LKLSNLQAV,6
var,187,LKLSNLQPN,4
var,187,LKLSNLQPA,5
var,187,LKLSNLQPV,5
var,187,LKLSNLTSN,5
var,187,LKLSNLTSA,6
var,187,LKLSNLTSV,6
var,187,LKLSNLTAN,6
var,187,LKLSNLTAA,7
var,187,LKLSNLTAV,7
var,187,LKLSNLTPN,5
var,187,LKLSNLTPA,6
var,187,LKLSNLTPV,6
var,187,LKLSNLDSN,4
var,187,LKLSNLDSA,5
var,187,LKLSNLDSV,5
var,187,LKLSNLDAN,5
var,187,LKLSNLDAA,6
var,187,LKLSNLDAV,6
var,187,LKLSNLDPN,4
var,187,LKLSNLDPA,5
var,187,LKLSNLDPV,5
var,187,LKLSNVQSN,5
var,187,LKLSNVQSA,6
var,187,LKLSNVQSV,6
var,187,LKLSNVQAN,6
var,187,LKLSNVQAA,7
var,187,LKLSNVQAV,7
var,187,LKLSNVQPN,5
var,187,LKLSNVQPA,6
var,187,LKLSNVQPV,6
var,187,LKLSNVTSN,6
var,187,LKLSNVTSA,7
var,187,LKLSNVTSV,7
var,187,LKLSNVTAN,7
var,187,LKLSNVTAA,8
var,187,LKLSNVTAV,8
var,187,LKLSNVTPN,6
var,187,LKLSNVTPA,7
var,187,LKLSNVTPV,7
var,187,LKLSNVDSN,5
var,187,LKLSNVDSA,6
var,187,LKLSNVDSV,6
var,187,LKLSNVDAN,6
var,187,LKLSNVDAA,7
var,187,LKLSNVDAV,7
var,187,LKLSNVDPN,5
var,187,LKLSNVDPA,6
var,187,LKLSNVDPV,6
var,187,LKLSNMQSN,4
var,187,LKLSNMQSA,5
var,187,LKLSNMQSV,5
var,187,LKLSNMQAN,5
var,187,LKLSNMQAA,6
var,187,LKLSNMQAV,6
var,187,LKLSNMQPN,4
var,187,LKLSNMQPA,5
var,187,LKLSNMQPV,5
var,187,LKLSNMTSN,5
var,187,LKLSNMTSA,6
var,187,LKLSNMTSV,6
var,187,LKLSNMTAN,6
var,187,LKLSNMTAA,7
var,187,LKLSNMTAV,7
var,187,LKLSNMTPN,5
var,187,LKLSNMTPA,6
var,187,LKLSNMTPV,6
var,187,LKLSNMDSN,4
var,187,LKLSNMDSA,5
var,187,LKLSNMDSV,5
var,187,LKLSNMDAN,5
var,187,LKLSNMDAA,6
var,187,LKLSNMDAV,6
var,187,LKLSNMDPN,5
var,187,LKLSNMDPA,5
var,187,LKLSNMDPV,6
var,187,LKLTSLQSN,4
var,187,LKLTSLQSA,5
var,187,LKLTSLQSV,5
var,187,LKLTSLQAN,5
var,187,LKLTSLQAA,6
var,187,LKLTSLQAV,6
var,187,LKLTSLQPN,4
var,187,LKLTSLQPA,5
var,187,LKLTSLQPV,5
var,187,LKLTSLTSN,5
var,187,LKLTSLTSA,6
var,187,LKLTSLTSV,6
var,187,LKLTSLTAN,6
var,187,LKLTSLTAA,7
var,187,LKLTSLTAV,7
var,187,LKLTSLTPN,5
var,187,LKLTSLTPA,6
var,187,LKLTSLTPV,6
var,187,LKLTSLDSN,4
var,187,LKLTSLDSA,5
var,187,LKLTSLDSV,5
var,187,LKLTSLDAN,5
var,187,LKLTSLDAA,6
var,187,LKLTSLDAV,6
var,187,LKLTSLDPN,4
var,187,LKLTSLDPA,5
var,187,LKLTSLDPV,5
var,187,LKLTSVQSN,5
var,187,LKLTSVQSA,6
var,187,LKLTSVQSV,6
var,187,LKLTSVQAN,6
var,187,LKLTSVQAA,7
var,187,LKLTSVQAV,7
var,187,LKLTSVQPN,5
var,187,LKLTSVQPA,6
var,187,LKLTSVQPV,6
var,187,LKLTSVTSN,6
var,187,LKLTSVTSA,7
var,187,LKLTSVTSV,7
var,187,LKLTSVTAN,7
var,187,LKLTSVTAA,8
var,187,LKLTSVTAV,8
var,187,LKLTSVTPN,6
var,187,LKLTSVTPA,7
var,187,LKLTSVTPV,7
var,187,LKLTSVDSN,5
var,187,LKLTSVDSA,6
var,187,LKLTSVDSV,6
var,187,LKLTSVDAN,6
var,187,LKLTSVDAA,7
var,187,LKLTSVDAV,7
var,187,LKLTSVDPN,5
var,187,LKLTSVDPA,6
var,187,LKLTSVDPV,6
var,187,LKLTSMQSN,4
var,187,LKLTSMQSA,5
var,187,LKLTSMQSV,5
var,187,LKLTSMQAN,5
var,187,LKLTSMQAA,6
var,187,LKLTSMQAV,6
var,187,LKLTSMQPN,4
var,187,LKLTSMQPA,5
var,187,LKLTSMQPV,5
var,187,LKLTSMTSN,5
var,187,LKLTSMTSA,6
var,187,LKLTSMTSV,6
var,187,LKLTSMTAN,6
var,187,LKLTSMTAA,7
var,187,LKLTSMTAV,7
var,187,LKLTSMTPN,5
var,187,LKLTSMTPA,6
var,187,LKLTSMTPV,6
var,187,LKLTSMDSN,4
var,187,LKLTSMDSA,5
var,187,LKLTSMDSV,5
var,187,LKLTSMDAN,5
var,187,LKLTSMDAA,6
var,187,LKLTSMDAV,6
var,187,LKLTSMDPN,5
var,187,LKLTSMDPA,5
var,187,LKLTSMDPV,6
var,187,LKLTNLQSN,3
var,187,LKLTNLQSA,4
var,187,LKLTNLQSV,4
var,187,LKLTNLQAN,4
var,187,LKLTNLQAA,5
var,187,LKLTNLQAV,5
var,187,LKLTNLQPN,4
var,187,LKLTNLQPA,4
var,187,LKLTNLQPV,5
var,187,LKLTNLTSN,4
var,187,LKLTNLTSA,5
var,187,LKLTNLTSV,5
var,187,LKLTNLTAN,5
var,187,LKLTNLTAA,6
var,187,LKLTNLTAV,6
var,187,LKLTNLTPN,4
var,187,LKLTNLTPA,5
var,187,LKLTNLTPV,5
var,187,LKLTNLDSN,4
var,187,LKLTNLDSA,4
var,187,LKLTNLDSV,5
var,187,LKLTNLDAN,4
var,187,LKLTNLDAA,5
var,187,LKLTNLDAV,5
var,187,LKLTNLDPN,5
var,187,LKLTNLDPA,5
var,187,LKLTNLDPV,6
var,187,LKLTNVQSN,4
var,187,LKLTNVQSA,5
var,187,LKLTNVQSV,5
var,187,LKLTNVQAN,5
var,187,LKLTNVQAA,6
var,187,LKLTNVQAV,6
var,187,LKLTNVQPN,4
var,187,LKLTNVQPA,5
var,187,LKLTNVQPV,5
var,187,LKLTNVTSN,5
var,187,LKLTNVTSA,6
var,187,LKLTNVTSV,6
var,187,LKLTNVTAN,6
var,187,LKLTNVTAA,7
var,187,LKLTNVTAV,7
var,187,LKLTNVTPN,5
var,187,LKLTNVTPA,6
var,187,LKLTNVTPV,6
var,187,LKLTNVDSN,4
var,187,LKLTNVDSA,5
var,187,LKLTNVDSV,5
var,187,LKLTNVDAN,5
var,187,LKLTNVDAA,6
var,187,LKLTNVDAV,6
var,187,LKLTNVDPN,5
var,187,LKLTNVDPA,5
var,187,LKLTNVDPV,6
var,187,LKLTNMQSN,4
var,187,LKLTNMQSA,4
var,187,LKLTNMQSV,5
var,187,LKLTNMQAN,4
var,187,LKLTNMQAA,5
var,187,LKLTNMQAV,5
var,187,LKLTNMQPN,5
var,187,LKLTNMQPA,5
var,187,LKLTNMQPV,6
var,187,LKLTNMTSN,4
var,187,LKLTNMTSA,5
var,187,LKLTNMTSV,5
var,187,LKLTNMTAN,5
var,187,LKLTNMTAA,6
var,187,LKLTNMTAV,6
var,187,LKLTNMTPN,5
var,187,LKLTNMTPA,5
var,187,LKLTNMTPV,6
var,187,LKLTNMDSN,5
var,187,LKLTNMDSA,5
var,187,LKLTNMDSV,6
var,187,LKLTNMDAN,5
var,187,LKLTNMDAA,5
var,187,LKLTNMDAV,6
var,187,LKLTNMDPN,6
var,187,LKLTNMDPA,6
var,187,LKLTNMDPV,7
var,187,LTMNSLQSN,5
var,187,LTMNSLQSA,5
var,187,LTMNSLQSV,5
var,187,LTMNSLQAN,6
var,187,LTMNSLQAA,6
var,187,LTMNSLQAV,6
var,187,LTMNSLQPN,5
var,187,LTMNSLQPA,5
var,187,LTMNSLQPV,5
var,187,LTMNSLTSN,5
var,187,LTMNSLTSA,5
var,187,LTMNSLTSV,5
var,187,LTMNSLTAN,6
var,187,LTMNSLTAA,6
var,187,LTMNSLTAV,6
var,187,LTMNSLTPN,5
var,187,LTMNSLTPA,5
var,187,LTMNSLTPV,5
var,187,LTMNSLDSN,5
var,187,LTMNSLDSA,5
var,187,LTMNSLDSV,5
var,187,LTMNSLDAN,6
var,187,LTMNSLDAA,6
var,187,LTMNSLDAV,6
var,187,LTMNSLDPN,5
var,187,LTMNSLDPA,5
var,187,LTMNSLDPV,6
var,187,LTMNSVQSN,4
var,187,LTMNSVQSA,4
var,187,LTMNSVQSV,4
var,187,LTMNSVQAN,5
var,187,LTMNSVQAA,5
var,187,LTMNSVQAV,5
var,187,LTMNSVQPN,5
var,187,LTMNSVQPA,5
var,187,LTMNSVQPV,5
var,187,LTMNSVTSN,5
var,187,LTMNSVTSA,5
var,187,LTMNSVTSV,5
var,187,LTMNSVTAN,5
var,187,LTMNSVTAA,6
var,187,LTMNSVTAV,6
var,187,LTMNSVTPN,6
var,187,LTMNSVTPA,6
var,187,LTMNSVTPV,6
var,187,LTMNSVDSN,4
var,187,LTMNSVDSA,4
var,187,LTMNSVDSV,5
var,187,LTMNSVDAN,5
var,187,LTMNSVDAA,5
var,187,LTMNSVDAV,5
var,187,LTMNSVDPN,5
var,187,LTMNSVDPA,5
var,187,LTMNSVDPV,6
var,187,LTMNSMQSN,4
var,187,LTMNSMQSA,4
var,187,LTMNSMQSV,5
var,187,LTMNSMQAN,5
var,187,LTMNSMQAA,5
var,187,LTMNSMQAV,5
var,187,LTMNSMQPN,5
var,187,LTMNSMQPA,5
var,187,LTMNSMQPV,6
var,187,LTMNSMTSN,4
var,187,LTMNSMTSA,4
var,187,LTMNSMTSV,5
var,187,LTMNSMTAN,5
var,187,LTMNSMTAA,5
var,187,LTMNSMTAV,5
var,187,LTMNSMTPN,5
var,187,LTMNSMTPA,5
var,187,LTMNSMTPV,6
var,187,LTMNSMDSN,5
var,187,LTMNSMDSA,5
var,187,LTMNSMDSV,6
var,187,LTMNSMDAN,5
var,187,LTMNSMDAA,5
var,187,LTMNSMDAV,6
var,187,LTMNSMDPN,6
var,187,LTMNSMDPA,6
var,187,LTMNSMDPV,7
var,187,LTMNNLQSN,5
var,187,LTMNNLQSA,5
var,187,LTMNNLQSV,5
var,187,LTMNNLQAN,6
var,187,LTMNNLQAA,6
var,187,LTMNNLQAV,6
var,187,LTMNNLQPN,5
var,187,LTMNNLQPA,5
var,187,LTMNNLQPV,6
var,187,LTMNNLTSN,5
var,187,LTMNNLTSA,5
var,187,LTMNNLTSV,5
var,187,LTMNNLTAN,6
var,187,LTMNNLTAA,6
var,187,LTMNNLTAV,6
var,187,LTMNNLTPN,5
var,187,LTMNNLTPA,5
var,187,LTMNNLTPV,6
var,187,LTMNNLDSN,5
var,187,LTMNNLDSA,5
var,187,LTMNNLDSV,6
var,187,LTMNNLDAN,6
var,187,LTMNNLDAA,6
var,187,LTMNNLDAV,6
var,187,LTMNNLDPN,6
var,187,LTMNNLDPA,6
var,187,LTMNNLDPV,7
var,187,LTMNNVQSN,4
var,187,LTMNNVQSA,4
var,187,LTMNNVQSV,5
var,187,LTMNNVQAN,5
var,187,LTMNNVQAA,5
var,187,LTMNNVQAV,5
var,187,LTMNNVQPN,5
var,187,LTMNNVQPA,5
var,187,LTMNNVQPV,6
var,187,LTMNNVTSN,4
var,187,LTMNNVTSA,4
var,187,LTMNNVTSV,5
var,187,LTMNNVTAN,5
var,187,LTMNNVTAA,5
var,187,LTMNNVTAV,5
var,187,LTMNNVTPN,5
var,187,LTMNNVTPA,5
var,187,LTMNNVTPV,6
var,187,LTMNNVDSN,5
var,187,LTMNNVDSA,5
var,187,LTMNNVDSV,6
var,187,LTMNNVDAN,5
var,187,LTMNNVDAA,5
var,187,LTMNNVDAV,6
var,187,LTMNNVDPN,6
var,187,LTMNNVDPA,6
var,187,LTMNNVDPV,7
var,187,LTMNNMQSN,5
var,187,LTMNNMQSA,5
var,187,LTMNNMQSV,6
var,187,LTMNNMQAN,5
var,187,LTMNNMQAA,5
var,187,LTMNNMQAV,6
var,187,LTMNNMQPN,6
var,187,LTMNNMQPA,6
var,187,LTMNNMQPV,7
var,187,LTMNNMTSN,5
var,187,LTMNNMTSA,5
var,187,LTMNNMTSV,6
var,187,LTMNNMTAN,5
var,187,LTMNNMTAA,5
var,187,LTMNNMTAV,6
var,187,LTMNNMTPN,6
var,187,LTMNNMTPA,6
var,187,LTMNNMTPV,7
var,187,LTMNNMDSN,6
var,187,LTMNNMDSA,6
var,187,LTMNNMDSV,7
var,187,LTMNNMDAN,6
var,187,LTMNNMDAA,6
var,187,LTMNNMDAV,7
var,187,LTMNNMDPN,7
var,187,LTMNNMDPA,7
var,187,LTMNNMDPV,8
var,187,LTMSSLQSN,5
var,187,LTMSSLQSA,5
var,187,LTMSSLQSV,5
var,187,LTMSSLQAN,6
var,187,LTMSSLQAA,6
var,187,LTMSSLQAV,6
var,187,LTMSSLQPN,5
var,187,LTMSSLQPA,5
var,187,LTMSSLQPV,5
var,187,LTMSSLTSN,5
var,187,LTMSSLTSA,5
var,187,LTMSSLTSV,5
var,187,LTMSSLTAN,6
var,187,LTMSSLTAA,6
var,187,LTMSSLTAV,6
var,187,LTMSSLTPN,5
var,187,LTMSSLTPA,5
var,187,LTMSSLTPV,5
var,187,LTMSSLDSN,5
var,187,LTMSSLDSA,5
var,187,LTMSSLDSV,5
var,187,LTMSSLDAN,6
var,187,LTMSSLDAA,6
var,187,LTMSSLDAV,6
var,187,LTMSSLDPN,5
var,187,LTMSSLDPA,5
var,187,LTMSSLDPV,6
var,187,LTMSSVQSN,4
var,187,LTMSSVQSA,5
var,187,LTMSSVQSV,5
var,187,LTMSSVQAN,5
var,187,LTMSSVQAA,6
var,187,LTMSSVQAV,6
var,187,LTMSSVQPN,4
var,187,LTMSSVQPA,5
var,187,LTMSSVQPV,5
var,187,LTMSSVTSN,5
var,187,LTMSSVTSA,6
var,187,LTMSSVTSV,6
var,187,LTMSSVTAN,6
var,187,LTMSSVTAA,7
var,187,LTMSSVTAV,7
var,187,LTMSSVTPN,5
var,187,LTMSSVTPA,6
var,187,LTMSSVTPV,6
var,187,LTMSSVDSN,4
var,187,LTMSSVDSA,5
var,187,LTMSSVDSV,5
var,187,LTMSSVDAN,5
var,187,LTMSSVDAA,6
var,187,LTMSSVDAV,6
var,187,LTMSSVDPN,5
var,187,LTMSSVDPA,5
var,187,LTMSSVDPV,6
var,187,LTMSSMQSN,4
var,187,LTMSSMQSA,4
var,187,LTMSSMQSV,5
var,187,LTMSSMQAN,5
var,187,LTMSSMQAA,5
var,187,LTMSSMQAV,5
var,187,LTMSSMQPN,5
var,187,LTMSSMQPA,5
var,187,LTMSSMQPV,6
var,187,LTMSSMTSN,4
var,187,LTMSSMTSA,5
var,187,LTMSSMTSV,5
var,187,LTMSSMTAN,5
var,187,LTMSSMTAA,6
var,187,LTMSSMTAV,6
var,187,LTMSSMTPN,5
var,187,LTMSSMTPA,5
var,187,LTMSSMTPV,6
var,187,LTMSSMDSN,5
var,187,LTMSSMDSA,5
var,187,LTMSSMDSV,6
var,187,LTMSSMDAN,5
var,187,LTMSSMDAA,5
var,187,LTMSSMDAV,6
var,187,LTMSSMDPN,6
var,187,LTMSSMDPA,6
var,187,LTMSSMDPV,7
var,187,LTMSNLQSN,5
var,187,LTMSNLQSA,5
var,187,LTMSNLQSV,5
var,187,LTMSNLQAN,5
var,187,LTMSNLQAA,5
var,187,LTMSNLQAV,5
var,187,LTMSNLQPN,5
var,187,LTMSNLQPA,5
var,187,LTMSNLQPV,6
var,187,LTMSNLTSN,5
var,187,LTMSNLTSA,5
var,187,LTMSNLTSV,5
var,187,LTMSNLTAN,5
var,187,LTMSNLTAA,5
var,187,LTMSNLTAV,5
var,187,LTMSNLTPN,5
var,187,LTMSNLTPA,5
var,187,LTMSNLTPV,6
var,187,LTMSNLDSN,5
var,187,LTMSNLDSA,5
var,187,LTMSNLDSV,6
var,187,LTMSNLDAN,5
var,187,LTMSNLDAA,5
var,187,LTMSNLDAV,6
var,187,LTMSNLDPN,6
var,187,LTMSNLDPA,6
var,187,LTMSNLDPV,7
var,187,LTMSNVQSN,4
var,187,LTMSNVQSA,4
var,187,LTMSNVQSV,5
var,187,LTMSNVQAN,4
var,187,LTMSNVQAA,5
var,187,LTMSNVQAV,5
var,187,LTMSNVQPN,5
var,187,LTMSNVQPA,5
var,187,LTMSNVQPV,6
var,187,LTMSNVTSN,4
var,187,LTMSNVTSA,5
var,187,LTMSNVTSV,5
var,187,LTMSNVTAN,5
var,187,LTMSNVTAA,6
var,187,LTMSNVTAV,6
var,187,LTMSNVTPN,5
var,187,LTMSNVTPA,5
var,187,LTMSNVTPV,6
var,187,LTMSNVDSN,5
var,187,LTMSNVDSA,5
var,187,LTMSNVDSV,6
var,187,LTMSNVDAN,5
var,187,LTMSNVDAA,5
var,187,LTMSNVDAV,6
var,187,LTMSNVDPN,6
var,187,LTMSNVDPA,6
var,187,LTMSNVDPV,7
var,187,LTMSNMQSN,5
var,187,LTMSNMQSA,5
var,187,LTMSNMQSV,6
var,187,LTMSNMQAN,5
var,187,LTMSNMQAA,5
var,187,LTMSNMQAV,6
var,187,LTMSNMQPN,6
var,187,LTMSNMQPA,6
var,187,LTMSNMQPV,7
var,187,LTMSNMTSN,5
var,187,LTMSNMTSA,5
var,187,LTMSNMTSV,6
var,187,LTMSNMTAN,5
var,187,LTMSNMTAA,5
var,187,LTMSNMTAV,6
var,187,LTMSNMTPN,6
var,187,LTMSNMTPA,6
var,187,LTMSNMTPV,7
var,187,LTMSNMDSN,6
var,187,LTMSNMDSA,6
var,187,LTMSNMDSV,7
var,187,LTMSNMDAN,6
var,187,LTMSNMDAA,6
var,187,LTMSNMDAV,7
var,187,LTMSNMDPN,7
var,187,LTMSNMDPA,7
var,187,LTMSNMDPV,8
var,187,LTMTSLQSN,4
var,187,LTMTSLQSA,4
var,187,LTMTSLQSV,5
var,187,LTMTSLQAN,5
var,187,LTMTSLQAA,5
var,187,LTMTSLQAV,5
var,187,LTMTSLQPN,5
var,187,LTMTSLQPA,5
var,187,LTMTSLQPV,6
var,187,LTMTSLTSN,4
var,187,LTMTSLTSA,4
var,187,LTMTSLTSV,5
var,187,LTMTSLTAN,5
var,187,LTMTSLTAA,5
var,187,LTMTSLTAV,5
var,187,LTMTSLTPN,5
var,187,LTMTSLTPA,5
var,187,LTMTSLTPV,6
var,187,LTMTSLDSN,5
var,187,LTMTSLDSA,5
var,187,LTMTSLDSV,6
var,187,LTMTSLDAN,5
var,187,LTMTSLDAA,5
var,187,LTMTSLDAV,6
var,187,LTMTSLDPN,6
var,187,LTMTSLDPA,6
var,187,LTMTSLDPV,7
var,187,LTMTSVQSN,4
var,187,LTMTSVQSA,4
var,187,LTMTSVQSV,5
var,187,LTMTSVQAN,4
var,187,LTMTSVQAA,5
var,187,LTMTSVQAV,5
var,187,LTMTSVQPN,5
var,187,LTMTSVQPA,5
var,187,LTMTSVQPV,6
var,187,LTMTSVTSN,4
var,187,LTMTSVTSA,5
var,187,LTMTSVTSV,5
var,187,LTMTSVTAN,5
var,187,LTMTSVTAA,6
var,187,LTMTSVTAV,6
var,187,LTMTSVTPN,5
var,187,LTMTSVTPA,5
var,187,LTMTSVTPV,6
var,187,LTMTSVDSN,5
var,187,LTMTSVDSA,5
var,187,LTMTSVDSV,6
var,187,LTMTSVDAN,5
var,187,LTMTSVDAA,5
var,187,LTMTSVDAV,6
var,187,LTMTSVDPN,6
var,187,LTMTSVDPA,6
var,187,LTMTSVDPV,7
var,187,LTMTSMQSN,5
var,187,LTMTSMQSA,5
var,187,LTMTSMQSV,6
var,187,LTMTSMQAN,5
var,187,LTMTSMQAA,5
var,187,LTMTSMQAV,6
var,187,LTMTSMQPN,6
var,187,LTMTSMQPA,6
var,187,LTMTSMQPV,7
var,187,LTMTSMTSN,5
var,187,LTMTSMTSA,5
var,187,LTMTSMTSV,6
var,187,LTMTSMTAN,5
var,187,LTMTSMTAA,5
var,187,LTMTSMTAV,6
var,187,LTMTSMTPN,6
var,187,LTMTSMTPA,6
var,187,LTMTSMTPV,7
var,187,LTMTSMDSN,6
var,187,LTMTSMDSA,6
var,187,LTMTSMDSV,7
var,187,LTMTSMDAN,6
var,187,LTMTSMDAA,6
var,187,LTMTSMDAV,7
var,187,LTMTSMDPN,7
var,187,LTMTSMDPA,7
var,187,LTMTSMDPV,8
var,187,LTMTNLQSN,5
var,187,LTMTNLQSA,5
var,187,LTMTNLQSV,6
var,187,LTMTNLQAN,5
var,187,LTMTNLQAA,5
var,187,LTMTNLQAV,6
var,187,LTMTNLQPN,6
var,187,LTMTNLQPA,6
var,187,LTMTNLQPV,7
var,187,LTMTNLTSN,5
var,187,LTMTNLTSA,5
var,187,LTMTNLTSV,6
var,187,LTMTNLTAN,5
var,187,LTMTNLTAA,5
var,187,LTMTNLTAV,6
var,187,LTMTNLTPN,6
var,187,LTMTNLTPA,6
var,187,LTMTNLTPV,7
var,187,LTMTNLDSN,6
var,187,LTMTNLDSA,6
var,187,LTMTNLDSV,7
var,187,LTMTNLDAN,6
var,187,LTMTNLDAA,6
var,187,LTMTNLDAV,7
var,187,LTMTNLDPN,7
var,187,LTMTNLDPA,7
var,187,LTMTNLDPV,8
var,187,LTMTNVQSN,5
var,187,LTMTNVQSA,5
var,187,LTMTNVQSV,6
var,187,LTMTNVQAN,5
var,187,LTMTNVQAA,5
var,187,LTMTNVQAV,6
var,187,LTMTNVQPN,6
var,187,LTMTNVQPA,6
var,187,LTMTNVQPV,7
var,187,LTMTNVTSN,5
var,187,LTMTNVTSA,5
var,187,LTMTNVTSV,6
var,187,LTMTNVTAN,5
var,187,LTMTNVTAA,5
var,187,LTMTNVTAV,6
var,187,LTMTNVTPN,6
var,187,LTMTNVTPA,6
var,187,LTMTNVTPV,7
var,187,LTMTNVDSN,6
var,187,LTMTNVDSA,6
var,187,LTMTNVDSV,7
var,187,LTMTNVDAN,6
var,187,LTMTNVDAA,6
var,187,LTMTNVDAV,7
var,187,LTMTNVDPN,7
var,187,LTMTNVDPA,7
var,187,LTMTNVDPV,8
var,187,LTMTNMQSN,6
var,187,LTMTNMQSA,6
var,187,LTMTNMQSV,7
var,187,LTMTNMQAN,6
var,187,LTMTNMQAA,6
var,187,LTMTNMQAV,7
var,187,LTMTNMQPN,7
var,187,LTMTNMQPA,7
var,187,LTMTNMQPV,8
var,187,LTMTNMTSN,6
var,187,LTMTNMTSA,6
var,187,LTMTNMTSV,7
var,187,LTMTNMTAN,6
var,187,LTMTNMTAA,6
var,187,LTMTNMTAV,7
var,187,LTMTNMTPN,7
var,187,LTMTNMTPA,7
var,187,LTMTNMTPV,8
var,187,LTMTNMDSN,7
var,187,LTMTNMDSA,7
var,187,LTMTNMDSV,8
var,187,LTMTNMDAN,7
var,187,LTMTNMDAA,7
var,187,LTMTNMDAV,8
var,187,LTMTNMDPN,8
var,187,LTMTNMDPA,8
var,187,LTMTNMDPV,9
var,187,LTLNSLQSN,4
var,187,LTLNSLQSA,4
var,187,LTLNSLQSV,4
var,187,LTLNSLQAN,5
var,187,LTLNSLQAA,5
var,187,LTLNSLQAV,5
var,187,LTLNSLQPN,5
var,187,LTLNSLQPA,5
var,187,LTLNSLQPV,5
var,187,LTLNSLTSN,5
var,187,LTLNSLTSA,5
var,187,LTLNSLTSV,5
var,187,LTLNSLTAN,5
var,187,LTLNSLTAA,6
var,187,LTLNSLTAV,6
var,187,LTLNSLTPN,6
var,187,LTLNSLTPA,6
var,187,LTLNSLTPV,6
var,187,LTLNSLDSN,4
var,187,LTLNSLDSA,4
var,187,LTLNSLDSV,4
var,187,LTLNSLDAN,5
var,187,LTLNSLDAA,5
var,187,LTLNSLDAV,5
var,187,LTLNSLDPN,5
var,187,LTLNSLDPA,5
var,187,LTLNSLDPV,5
var,187,LTLNSVQSN,5
var,187,LTLNSVQSA,5
var,187,LTLNSVQSV,5
var,187,LTLNSVQAN,5
var,187,LTLNSVQAA,6
var,187,LTLNSVQAV,6
var,187,LTLNSVQPN,6
var,187,LTLNSVQPA,6
var,187,LTLNSVQPV,6
var,187,LTLNSVTSN,6
var,187,LTLNSVTSA,6
var,187,LTLNSVTSV,6
var,187,LTLNSVTAN,6
var,187,LTLNSVTAA,7
var,187,LTLNSVTAV,7
var,187,LTLNSVTPN,7
var,187,LTLNSVTPA,7
var,187,LTLNSVTPV,7
var,187,LTLNSVDSN,5
var,187,LTLNSVDSA,5
var,187,LTLNSVDSV,5
var,187,LTLNSVDAN,5
var,187,LTLNSVDAA,6
var,187,LTLNSVDAV,6
var,187,LTLNSVDPN,6
var,187,LTLNSVDPA,6
var,187,LTLNSVDPV,6
var,187,LTLNSMQSN,4
var,187,LTLNSMQSA,4
var,187,LTLNSMQSV,4
var,187,LTLNSMQAN,4
var,187,LTLNSMQAA,5
var,187,LTLNSMQAV,5
var,187,LTLNSMQPN,5
var,187,LTLNSMQPA,5
var,187,LTLNSMQPV,5
var,187,LTLNSMTSN,5
var,187,LTLNSMTSA,5
var,187,LTLNSMTSV,5
var,187,LTLNSMTAN,5
var,187,LTLNSMTAA,6
var,187,LTLNSMTAV,6
var,187,LTLNSMTPN,6
var,187,LTLNSMTPA,6
var,187,LTLNSMTPV,6
var,187,LTLNSMDSN,4
var,187,LTLNSMDSA,4
var,187,LTLNSMDSV,5
var,187,LTLNSMDAN,4
var,187,LTLNSMDAA,5
var,187,LTLNSMDAV,5
var,187,LTLNSMDPN,5
var,187,LTLNSMDPA,5
var,187,LTLNSMDPV,6
var,187,LTLNNLQSN,4
var,187,LTLNNLQSA,4
var,187,LTLNNLQSV,4
var,187,LTLNNLQAN,5
var,187,LTLNNLQAA,5
var,187,LTLNNLQAV,5
var,187,LTLNNLQPN,4
var,187,LTLNNLQPA,4
var,187,LTLNNLQPV,5
var,187,LTLNNLTSN,4
var,187,LTLNNLTSA,4
var,187,LTLNNLTSV,4
var,187,LTLNNLTAN,5
var,187,LTLNNLTAA,5
var,187,LTLNNLTAV,5
var,187,LTLNNLTPN,5
var,187,LTLNNLTPA,5
var,187,LTLNNLTPV,5
var,187,LTLNNLDSN,4
var,187,LTLNNLDSA,4
var,187,LTLNNLDSV,5
var,187,LTLNNLDAN,5
var,187,LTLNNLDAA,5
var,187,LTLNNLDAV,5
var,187,LTLNNLDPN,5
var,187,LTLNNLDPA,5
var,187,LTLNNLDPV,6
var,187,LTLNNVQSN,4
var,187,LTLNNVQSA,4
var,187,LTLNNVQSV,4
var,187,LTLNNVQAN,4
var,187,LTLNNVQAA,5
var,187,LTLNNVQAV,5
var,187,LTLNNVQPN,5
var,187,LTLNNVQPA,5
var,187,LTLNNVQPV,5
var,187,LTLNNVTSN,5
var,187,LTLNNVTSA,5
var,187,LTLNNVTSV,5
var,187,LTLNNVTAN,5
var,187,LTLNNVTAA,6
var,187,LTLNNVTAV,6
var,187,LTLNNVTPN,6
var,187,LTLNNVTPA,6
var,187,LTLNNVTPV,6
var,187,LTLNNVDSN,4
var,187,LTLNNVDSA,4
var,187,LTLNNVDSV,5
var,187,LTLNNVDAN,4
var,187,LTLNNVDAA,5
var,187,LTLNNVDAV,5
var,187,LTLNNVDPN,5
var,187,LTLNNVDPA,5
var,187,LTLNNVDPV,6
var,187,LTLNNMQSN,4
var,187,LTLNNMQSA,4
var,187,LTLNNMQSV,5
var,187,LTLNNMQAN,4
var,187,LTLNNMQAA,4
var,187,LTLNNMQAV,5
var,187,LTLNNMQPN,5
var,187,LTLNNMQPA,5
var,187,LTLNNMQPV,6
var,187,LTLNNMTSN,4
var,187,LTLNNMTSA,4
var,187,LTLNNMTSV,5
var,187,LTLNNMTAN,4
var,187,LTLNNMTAA,5
var,187,LTLNNMTAV,5
var,187,LTLNNMTPN,5
var,187,LTLNNMTPA,5
var,187,LTLNNMTPV,6
var,187,LTLNNMDSN,5
var,187,LTLNNMDSA,5
var,187,LTLNNMDSV,6
var,187,LTLNNMDAN,5
var,187,LTLNNMDAA,5
var,187,LTLNNMDAV,6
var,187,LTLNNMDPN,6
var,187,LTLNNMDPA,6
var,187,LTLNNMDPV,7
var,187,LTLSSLQSN,5
var,187,LTLSSLQSA,5
var,187,LTLSSLQSV,5
var,187,LTLSSLQAN,5
var,187,LTLSSLQAA,6
var,187,LTLSSLQAV,6
var,187,LTLSSLQPN,4
var,187,LTLSSLQPA,5
var,187,LTLSSLQPV,5
var,187,LTLSSLTSN,6
var,187,LTLSSLTSA,6
var,187,LTLSSLTSV,6
var,187,LTLSSLTAN,6
var,187,LTLSSLTAA,7
var,187,LTLSSLTAV,7
var,187,LTLSSLTPN,5
var,187,LTLSSLTPA,6
var,187,LTLSSLTPV,6
var,187,LTLSSLDSN,5
var,187,LTLSSLDSA,5
var,187,LTLSSLDSV,5
var,187,LTLSSLDAN,5
var,187,LTLSSLDAA,6
var,187,LTLSSLDAV,6
var,187,LTLSSLDPN,4
var,187,LTLSSLDPA,5
var,187,LTLSSLDPV,5
var,187,LTLSSVQSN,5
var,187,LTLSSVQSA,6
var,187,LTLSSVQSV,6
var,187,LTLSSVQAN,6
var,187,LTLSSVQAA,7
var,187,LTLSSVQAV,7
var,187,LTLSSVQPN,5
var,187,LTLSSVQPA,6
var,187,LTLSSVQPV,6
var,187,LTLSSVTSN,6
var,187,LTLSSVTSA,7
var,187,LTLSSVTSV,7
var,187,LTLSSVTAN,7
var,187,LTLSSVTAA,8
var,187,LTLSSVTAV,8
var,187,LTLSSVTPN,6
var,187,LTLSSVTPA,7
var,187,LTLSSVTPV,7
var,187,LTLSSVDSN,5
var,187,LTLSSVDSA,6
var,187,LTLSSVDSV,6
var,187,LTLSSVDAN,6
var,187,LTLSSVDAA,7
var,187,LTLSSVDAV,7
var,187,LTLSSVDPN,5
var,187,LTLSSVDPA,6
var,187,LTLSSVDPV,6
var,187,LTLSSMQSN,4
var,187,LTLSSMQSA,5
var,187,LTLSSMQSV,5
var,187,LTLSSMQAN,5
var,187,LTLSSMQAA,6
var,187,LTLSSMQAV,6
var,187,LTLSSMQPN,4
var,187,LTLSSMQPA,5
var,187,LTLSSMQPV,5
var,187,LTLSSMTSN,5
var,187,LTLSSMTSA,6
var,187,LTLSSMTSV,6
var,187,LTLSSMTAN,6
var,187,LTLSSMTAA,7
var,187,LTLSSMTAV,7
var,187,LTLSSMTPN,5
var,187,LTLSSMTPA,6
var,187,LTLSSMTPV,6
var,187,LTLSSMDSN,4
var,187,LTLSSMDSA,5
var,187,LTLSSMDSV,5
var,187,LTLSSMDAN,5
var,187,LTLSSMDAA,6
var,187,LTLSSMDAV,6
var,187,LTLSSMDPN,5
var,187,LTLSSMDPA,5
var,187,LTLSSMDPV,6
var,187,LTLSNLQSN,4
var,187,LTLSNLQSA,4
var,187,LTLSNLQSV,4
var,187,LTLSNLQAN,4
var,187,LTLSNLQAA,5
var,187,LTLSNLQAV,5
var,187,LTLSNLQPN,4
var,187,LTLSNLQPA,4
var,187,LTLSNLQPV,5
var,187,LTLSNLTSN,5
var,187,LTLSNLTSA,5
var,187,LTLSNLTSV,5
var,187,LTLSNLTAN,5
var,187,LTLSNLTAA,6
var,187,LTLSNLTAV,6
var,187,LTLSNLTPN,4
var,187,LTLSNLTPA,5
var,187,LTLSNLTPV,5
var,187,LTLSNLDSN,4
var,187,LTLSNLDSA,4
var,187,LTLSNLDSV,5
var,187,LTLSNLDAN,4
var,187,LTLSNLDAA,5
var,187,LTLSNLDAV,5
var,187,LTLSNLDPN,5
var,187,LTLSNLDPA,5
var,187,LTLSNLDPV,6
var,187,LTLSNVQSN,4
var,187,LTLSNVQSA,5
var,187,LTLSNVQSV,5
var,187,LTLSNVQAN,5
var,187,LTLSNVQAA,6
var,187,LTLSNVQAV,6
var,187,LTLSNVQPN,4
var,187,LTLSNVQPA,5
var,187,LTLSNVQPV,5
var,187,LTLSNVTSN,5
var,187,LTLSNVTSA,6
var,187,LTLSNVTSV,6
var,187,LTLSNVTAN,6
var,187,LTLSNVTAA,7
var,187,LTLSNVTAV,7
var,187,LTLSNVTPN,5
var,187,LTLSNVTPA,6
var,187,LTLSNVTPV,6
var,187,LTLSNVDSN,4
var,187,LTLSNVDSA,5
var,187,LTLSNVDSV,5
var,187,LTLSNVDAN,5
var,187,LTLSNVDAA,6
var,187,LTLSNVDAV,6
var,187,LTLSNVDPN,5
var,187,LTLSNVDPA,5
var,187,LTLSNVDPV,6
var,187,LTLSNMQSN,4
var,187,LTLSNMQSA,4
var,187,LTLSNMQSV,5
var,187,LTLSNMQAN,4
var,187,LTLSNMQAA,5
var,187,LTLSNMQAV,5
var,187,LTLSNMQPN,5
var,187,LTLSNMQPA,5
var,187,LTLSNMQPV,6
var,187,LTLSNMTSN,4
var,187,LTLSNMTSA,5
var,187,LTLSNMTSV,5
var,187,LTLSNMTAN,5
var,187,LTLSNMTAA,6
var,187,LTLSNMTAV,6
var,187,LTLSNMTPN,5
var,187,LTLSNMTPA,5
var,187,LTLSNMTPV,6
var,187,LTLSNMDSN,5
var,187,LTLSNMDSA,5
var,187,LTLSNMDSV,6
var,187,LTLSNMDAN,5
var,187,LTLSNMDAA,5
var,187,LTLSNMDAV,6
var,187,LTLSNMDPN,6
var,187,LTLSNMDPA,6
var,187,LTLSNMDPV,7
var,187,LTLTSLQSN,4
var,187,LTLTSLQSA,4
var,187,LTLTSLQSV,4
var,187,LTLTSLQAN,4
var,187,LTLTSLQAA,5
var,187,LTLTSLQAV,5
var,187,LTLTSLQPN,4
var,187,LTLTSLQPA,4
var,187,LTLTSLQPV,5
var,187,LTLTSLTSN,5
var,187,LTLTSLTSA,5
var,187,LTLTSLTSV,5
var,187,LTLTSLTAN,5
var,187,LTLTSLTAA,6
var,187,LTLTSLTAV,6
var,187,LTLTSLTPN,5
var,187,LTLTSLTPA,5
var,187,LTLTSLTPV,5
var,187,LTLTSLDSN,4
var,187,LTLTSLDSA,4
var,187,LTLTSLDSV,5
var,187,LTLTSLDAN,4
var,187,LTLTSLDAA,5
var,187,LTLTSLDAV,5
var,187,LTLTSLDPN,5
var,187,LTLTSLDPA,5
var,187,LTLTSLDPV,6
var,187,LTLTSVQSN,4
var,187,LTLTSVQSA,5
var,187,LTLTSVQSV,5
var,187,LTLTSVQAN,5
var,187,LTLTSVQAA,6
var,187,LTLTSVQAV,6
var,187,LTLTSVQPN,5
var,187,LTLTSVQPA,5
var,187,LTLTSVQPV,5
var,187,LTLTSVTSN,5
var,187,LTLTSVTSA,6
var,187,LTLTSVTSV,6
var,187,LTLTSVTAN,6
var,187,LTLTSVTAA,7
var,187,LTLTSVTAV,7
var,187,LTLTSVTPN,6
var,187,LTLTSVTPA,6
var,187,LTLTSVTPV,6
var,187,LTLTSVDSN,4
var,187,LTLTSVDSA,5
var,187,LTLTSVDSV,5
var,187,LTLTSVDAN,5
var,187,LTLTSVDAA,6
var,187,LTLTSVDAV,6
var,187,LTLTSVDPN,5
var,187,LTLTSVDPA,5
var,187,LTLTSVDPV,6
var,187,LTLTSMQSN,4
var,187,LTLTSMQSA,4
var,187,LTLTSMQSV,5
var,187,LTLTSMQAN,4
var,187,LTLTSMQAA,5
var,187,LTLTSMQAV,5
var,187,LTLTSMQPN,5
var,187,LTLTSMQPA,5
var,187,LTLTSMQPV,6
var,187,LTLTSMTSN,4
var,187,LTLTSMTSA,5
var,187,LTLTSMTSV,5
var,187,LTLTSMTAN,5
var,187,LTLTSMTAA,6
var,187,LTLTSMTAV,6
var,187,LTLTSMTPN,5
var,187,LTLTSMTPA,5
var,187,LTLTSMTPV,6
var,187,LTLTSMDSN,5
var,187,LTLTSMDSA,5
var,187,LTLTSMDSV,6
var,187,LTLTSMDAN,5
var,187,LTLTSMDAA,5
var,187,LTLTSMDAV,6
var,187,LTLTSMDPN,6
var,187,LTLTSMDPA,6
var,187,LTLTSMDPV,7
var,187,LTLTNLQSN,4
var,187,LTLTNLQSA,4
var,187,LTLTNLQSV,5
var,187,LTLTNLQAN,4
var,187,LTLTNLQAA,4
var,187,LTLTNLQAV,5
var,187,LTLTNLQPN,5
var,187,LTLTNLQPA,5
var,187,LTLTNLQPV,6
var,187,LTLTNLTSN,4
var,187,LTLTNLTSA,4
var,187,LTLTNLTSV,5
var,187,LTLTNLTAN,4
var,187,LTLTNLTAA,5
var,187,LTLTNLTAV,5
var,187,LTLTNLTPN,5
var,187,LTLTNLTPA,5
var,187,LTLTNLTPV,6
var,187,LTLTNLDSN,5
var,187,LTLTNLDSA,5
var,187,LTLTNLDSV,6
var,187,LTLTNLDAN,5
var,187,LTLTNLDAA,5
var,187,LTLTNLDAV,6
var,187,LTLTNLDPN,6
var,187,LTLTNLDPA,6
var,187,LTLTNLDPV,7
var,187,LTLTNVQSN,4
var,187,LTLTNVQSA,4
var,187,LTLTNVQSV,5
var,187,LTLTNVQAN,4
var,187,LTLTNVQAA,5
var,187,LTLTNVQAV,5
var,187,LTLTNVQPN,5
var,187,LTLTNVQPA,5
var,187,LTLTNVQPV,6
var,187,LTLTNVTSN,4
var,187,LTLTNVTSA,5
var,187,LTLTNVTSV,5
var,187,LTLTNVTAN,5
var,187,LTLTNVTAA,6
var,187,LTLTNVTAV,6
var,187,LTLTNVTPN,5
var,187,LTLTNVTPA,5
var,187,LTLTNVTPV,6
var,187,LTLTNVDSN,5
var,187,LTLTNVDSA,5
var,187,LTLTNVDSV,6
var,187,LTLTNVDAN,5
var,187,LTLTNVDAA,5
var,187,LTLTNVDAV,6
var,187,LTLTNVDPN,6
var,187,LTLTNVDPA,6
var,187,LTLTNVDPV,7
var,187,LTLTNMQSN,5
var,187,LTLTNMQSA,5
var,187,LTLTNMQSV,6
var,187,LTLTNMQAN,5
var,187,LTLTNMQAA,5
var,187,LTLTNMQAV,6
var,187,LTLTNMQPN,6
var,187,LTLTNMQPA,6
var,187,LTLTNMQPV,7
var,187,LTLTNMTSN,5
var,187,LTLTNMTSA,5
var,187,LTLTNMTSV,6
var,187,LTLTNMTAN,5
var,187,LTLTNMTAA,5
var,187,LTLTNMTAV,6
var,187,LTLTNMTPN,6
var,187,LTLTNMTPA,6
var,187,LTLTNMTPV,7
var,187,LTLTNMDSN,6
var,187,LTLTNMDSA,6
var,187,LTLTNMDSV,7
var,187,LTLTNMDAN,6
var,187,LTLTNMDAA,6
var,187,LTLTNMDAV,7
var,187,LTLTNMDPN,7
var,187,LTLTNMDPA,7
var,187,LTLTNMDPV,8
wt,188,KMNSLQSND,5
var,188,KMNSLQSAD,5
var,188,KMNSLQSVD,5
var,188,KMNSLQAND,6
var,188,KMNSLQAAD,6
var,188,KMNSLQAVD,6
var,188,KMNSLQPND,5
var,188,KMNSLQPAD,5
var,188,KMNSLQPVD,5
var,188,KMNSLTSND,5
var,188,KMNSLTSAD,5
var,188,KMNSLTSVD,5
var,188,KMNSLTAND,6
var,188,KMNSLTAAD,6
var,188,KMNSLTAVD,6
var,188,KMNSLTPND,5
var,188,KMNSLTPAD,5
var,188,KMNSLTPVD,5
var,188,KMNSLDSND,5
var,188,KMNSLDSAD,5
var,188,KMNSLDSVD,5
var,188,KMNSLDAND,6
var,188,KMNSLDAAD,6
var,188,KMNSLDAVD,6
var,188,KMNSLDPND,5
var,188,KMNSLDPAD,5
var,188,KMNSLDPVD,5
var,188,KMNSVQSND,4
var,188,KMNSVQSAD,5
var,188,KMNSVQSVD,5
var,188,KMNSVQAND,5
var,188,KMNSVQAAD,6
var,188,KMNSVQAVD,6
var,188,KMNSVQPND,5
var,188,KMNSVQPAD,5
var,188,KMNSVQPVD,5
var,188,KMNSVTSND,5
var,188,KMNSVTSAD,6
var,188,KMNSVTSVD,6
var,188,KMNSVTAND,6
var,188,KMNSVTAAD,7
var,188,KMNSVTAVD,7
var,188,KMNSVTPND,6
var,188,KMNSVTPAD,6
var,188,KMNSVTPVD,6
var,188,KMNSVDSND,4
var,188,KMNSVDSAD,5
var,188,KMNSVDSVD,5
var,188,KMNSVDAND,5
var,188,KMNSVDAAD,6
var,188,KMNSVDAVD,6
var,188,KMNSVDPND,5
var,188,KMNSVDPAD,5
var,188,KMNSVDPVD,5
var,188,KMNSMQSND,4
var,188,KMNSMQSAD,4
var,188,KMNSMQSVD,4
var,188,KMNSMQAND,5
var,188,KMNSMQAAD,5
var,188,KMNSMQAVD,5
var,188,KMNSMQPND,4
var,188,KMNSMQPAD,4
var,188,KMNSMQPVD,5
var,188,KMNSMTSND,4
var,188,KMNSMTSAD,5
var,188,KMNSMTSVD,5
var,188,KMNSMTAND,5
var,188,KMNSMTAAD,6
var,188,KMNSMTAVD,6
var,188,KMNSMTPND,5
var,188,KMNSMTPAD,5
var,188,KMNSMTPVD,5
var,188,KMNSMDSND,4
var,188,KMNSMDSAD,4
var,188,KMNSMDSVD,5
var,188,KMNSMDAND,5
var,188,KMNSMDAAD,5
var,188,KMNSMDAVD,5
var,188,KMNSMDPND,5
var,188,KMNSMDPAD,5
var,188,KMNSMDPVD,6
var,188,KMNNLQSND,4
var,188,KMNNLQSAD,4
var,188,KMNNLQSVD,4
var,188,KMNNLQAND,5
var,188,KMNNLQAAD,5
var,188,KMNNLQAVD,5
var,188,KMNNLQPND,4
var,188,KMNNLQPAD,4
var,188,KMNNLQPVD,5
var,188,KMNNLTSND,4
var,188,KMNNLTSAD,4
var,188,KMNNLTSVD,4
var,188,KMNNLTAND,5
var,188,KMNNLTAAD,5
var,188,KMNNLTAVD,5
var,188,KMNNLTPND,4
var,188,KMNNLTPAD,4
var,188,KMNNLTPVD,5
var,188,KMNNLDSND,4
var,188,KMNNLDSAD,4
var,188,KMNNLDSVD,5
var,188,KMNNLDAND,5
var,188,KMNNLDAAD,5
var,188,KMNNLDAVD,5
var,188,KMNNLDPND,5
var,188,KMNNLDPAD,5
var,188,KMNNLDPVD,6
var,188,KMNNVQSND,3
var,188,KMNNVQSAD,4
var,188,KMNNVQSVD,4
var,188,KMNNVQAND,4
var,188,KMNNVQAAD,5
var,188,KMNNVQAVD,5
var,188,KMNNVQPND,4
var,188,KMNNVQPAD,4
var,188,KMNNVQPVD,5
var,188,KMNNVTSND,4
var,188,KMNNVTSAD,5
var,188,KMNNVTSVD,5
var,188,KMNNVTAND,5
var,188,KMNNVTAAD,6
var,188,KMNNVTAVD,6
var,188,KMNNVTPND,5
var,188,KMNNVTPAD,5
var,188,KMNNVTPVD,5
var,188,KMNNVDSND,4
var,188,KMNNVDSAD,4
var,188,KMNNVDSVD,5
var,188,KMNNVDAND,4
var,188,KMNNVDAAD,5
var,188,KMNNVDAVD,5
var,188,KMNNVDPND,5
var,188,KMNNVDPAD,5
var,188,KMNNVDPVD,6
var,188,KMNNMQSND,4
var,188,KMNNMQSAD,4
var,188,KMNNMQSVD,5
var,188,KMNNMQAND,4
var,188,KMNNMQAAD,4
var,188,KMNNMQAVD,5
var,188,KMNNMQPND,5
var,188,KMNNMQPAD,5
var,188,KMNNMQPVD,6
var,188,KMNNMTSND,4
var,188,KMNNMTSAD,4
var,188,KMNNMTSVD,5
var,188,KMNNMTAND,4
var,188,KMNNMTAAD,5
var,188,KMNNMTAVD,5
var,188,KMNNMTPND,5
var,188,KMNNMTPAD,5
var,188,KMNNMTPVD,6
var,188,KMNNMDSND,5
var,188,KMNNMDSAD,5
var,188,KMNNMDSVD,6
var,188,KMNNMDAND,5
var,188,KMNNMDAAD,5
var,188,KMNNMDAVD,6
var,188,KMNNMDPND,6
var,188,KMNNMDPAD,6
var,188,KMNNMDPVD,7
var,188,KMSSLQSND,5
var,188,KMSSLQSAD,5
var,188,KMSSLQSVD,5
var,188,KMSSLQAND,6
var,188,KMSSLQAAD,6
var,188,KMSSLQAVD,6
var,188,KMSSLQPND,5
var,188,KMSSLQPAD,5
var,188,KMSSLQPVD,5
var,188,KMSSLTSND,6
var,188,KMSSLTSAD,6
var,188,KMSSLTSVD,6
var,188,KMSSLTAND,6
var,188,KMSSLTAAD,7
var,188,KMSSLTAVD,7
var,188,KMSSLTPND,5
var,188,KMSSLTPAD,6
var,188,KMSSLTPVD,6
var,188,KMSSLDSND,5
var,188,KMSSLDSAD,5
var,188,KMSSLDSVD,5
var,188,KMSSLDAND,6
var,188,KMSSLDAAD,6
var,188,KMSSLDAVD,6
var,188,KMSSLDPND,5
var,188,KMSSLDPAD,5
var,188,KMSSLDPVD,5
var,188,KMSSVQSND,5
var,188,KMSSVQSAD,6
var,188,KMSSVQSVD,6
var,188,KMSSVQAND,6
var,188,KMSSVQAAD,7
var,188,KMSSVQAVD,7
var,188,KMSSVQPND,5
var,188,KMSSVQPAD,6
var,188,KMSSVQPVD,6
var,188,KMSSVTSND,6
var,188,KMSSVTSAD,7
var,188,KMSSVTSVD,7
var,188,KMSSVTAND,7
var,188,KMSSVTAAD,8
var,188,KMSSVTAVD,8
var,188,KMSSVTPND,6
var,188,KMSSVTPAD,7
var,188,KMSSVTPVD,7
var,188,KMSSVDSND,5
var,188,KMSSVDSAD,6
var,188,KMSSVDSVD,6
var,188,KMSSVDAND,6
var,188,KMSSVDAAD,7
var,188,KMSSVDAVD,7
var,188,KMSSVDPND,5
var,188,KMSSVDPAD,6
var,188,KMSSVDPVD,6
var,188,KMSSMQSND,4
var,188,KMSSMQSAD,5
var,188,KMSSMQSVD,5
var,188,KMSSMQAND,5
var,188,KMSSMQAAD,6
var,188,KMSSMQAVD,6
var,188,KMSSMQPND,4
var,188,KMSSMQPAD,5
var,188,KMSSMQPVD,5
var,188,KMSSMTSND,5
var,188,KMSSMTSAD,6
var,188,KMSSMTSVD,6
var,188,KMSSMTAND,6
var,188,KMSSMTAAD,7
var,188,KMSSMTAVD,7
var,188,KMSSMTPND,5
var,188,KMSSMTPAD,6
var,188,KMSSMTPVD,6
var,188,KMSSMDSND,4
var,188,KMSSMDSAD,5
var,188,KMSSMDSVD,5
var,188,KMSSMDAND,5
var,188,KMSSMDAAD,6
var,188,KMSSMDAVD,6
var,188,KMSSMDPND,5
var,188,KMSSMDPAD,5
var,188,KMSSMDPVD,6
var,188,KMSNLQSND,5
var,188,KMSNLQSAD,5
var,188,KMSNLQSVD,5
var,188,KMSNLQAND,5
var,188,KMSNLQAAD,5
var,188,KMSNLQAVD,5
var,188,KMSNLQPND,5
var,188,KMSNLQPAD,5
var,188,KMSNLQPVD,5
var,188,KMSNLTSND,5
var,188,KMSNLTSAD,5
var,188,KMSNLTSVD,5
var,188,KMSNLTAND,5
var,188,KMSNLTAAD,6
var,188,KMSNLTAVD,6
var,188,KMSNLTPND,5
var,188,KMSNLTPAD,5
var,188,KMSNLTPVD,5
var,188,KMSNLDSND,5
var,188,KMSNLDSAD,5
var,188,KMSNLDSVD,5
var,188,KMSNLDAND,5
var,188,KMSNLDAAD,5
var,188,KMSNLDAVD,5
var,188,KMSNLDPND,5
var,188,KMSNLDPAD,5
var,188,KMSNLDPVD,6
var,188,KMSNVQSND,4
var,188,KMSNVQSAD,5
var,188,KMSNVQSVD,5
var,188,KMSNVQAND,5
var,188,KMSNVQAAD,6
var,188,KMSNVQAVD,6
var,188,KMSNVQPND,4
var,188,KMSNVQPAD,5
var,188,KMSNVQPVD,5
var,188,KMSNVTSND,5
var,188,KMSNVTSAD,6
var,188,KMSNVTSVD,6
var,188,KMSNVTAND,6
var,188,KMSNVTAAD,7
var,188,KMSNVTAVD,7
var,188,KMSNVTPND,5
var,188,KMSNVTPAD,6
var,188,KMSNVTPVD,6
var,188,KMSNVDSND,4
var,188,KMSNVDSAD,5
var,188,KMSNVDSVD,5
var,188,KMSNVDAND,5
var,188,KMSNVDAAD,6
var,188,KMSNVDAVD,6
var,188,KMSNVDPND,5
var,188,KMSNVDPAD,5
var,188,KMSNVDPVD,6
var,188,KMSNMQSND,4
var,188,KMSNMQSAD,4
var,188,KMSNMQSVD,5
var,188,KMSNMQAND,4
var,188,KMSNMQAAD,5
var,188,KMSNMQAVD,5
var,188,KMSNMQPND,5
var,188,KMSNMQPAD,5
var,188,KMSNMQPVD,6
var,188,KMSNMTSND,4
var,188,KMSNMTSAD,5
var,188,KMSNMTSVD,5
var,188,KMSNMTAND,5
var,188,KMSNMTAAD,6
var,188,KMSNMTAVD,6
var,188,KMSNMTPND,5
var,188,KMSNMTPAD,5
var,188,KMSNMTPVD,6
var,188,KMSNMDSND,5
var,188,KMSNMDSAD,5
var,188,KMSNMDSVD,6
var,188,KMSNMDAND,5
var,188,KMSNMDAAD,5
var,188,KMSNMDAVD,6
var,188,KMSNMDPND,6
var,188,KMSNMDPAD,6
var,188,KMSNMDPVD,7
var,188,KMTSLQSND,4
var,188,KMTSLQSAD,4
var,188,KMTSLQSVD,4
var,188,KMTSLQAND,5
var,188,KMTSLQAAD,5
var,188,KMTSLQAVD,5
var,188,KMTSLQPND,4
var,188,KMTSLQPAD,4
var,188,KMTSLQPVD,5
var,188,KMTSLTSND,5
var,188,KMTSLTSAD,5
var,188,KMTSLTSVD,5
var,188,KMTSLTAND,5
var,188,KMTSLTAAD,6
var,188,KMTSLTAVD,6
var,188,KMTSLTPND,4
var,188,KMTSLTPAD,5
var,188,KMTSLTPVD,5
var,188,KMTSLDSND,4
var,188,KMTSLDSAD,4
var,188,KMTSLDSVD,5
var,188,KMTSLDAND,5
var,188,KMTSLDAAD,5
var,188,KMTSLDAVD,5
var,188,KMTSLDPND,5
var,188,KMTSLDPAD,5
var,188,KMTSLDPVD,6
var,188,KMTSVQSND,4
var,188,KMTSVQSAD,5
var,188,KMTSVQSVD,5
var,188,KMTSVQAND,5
var,188,KMTSVQAAD,6
var,188,KMTSVQAVD,6
var,188,KMTSVQPND,4
var,188,KMTSVQPAD,5
var,188,KMTSVQPVD,5
var,188,KMTSVTSND,5
var,188,KMTSVTSAD,6
var,188,KMTSVTSVD,6
var,188,KMTSVTAND,6
var,188,KMTSVTAAD,7
var,188,KMTSVTAVD,7
var,188,KMTSVTPND,5
var,188,KMTSVTPAD,6
var,188,KMTSVTPVD,6
var,188,KMTSVDSND,4
var,188,KMTSVDSAD,5
var,188,KMTSVDSVD,5
var,188,KMTSVDAND,5
var,188,KMTSVDAAD,6
var,188,KMTSVDAVD,6
var,188,KMTSVDPND,5
var,188,KMTSVDPAD,5
var,188,KMTSVDPVD,6
var,188,KMTSMQSND,4
var,188,KMTSMQSAD,4
var,188,KMTSMQSVD,5
var,188,KMTSMQAND,4
var,188,KMTSMQAAD,5
var,188,KMTSMQAVD,5
var,188,KMTSMQPND,5
var,188,KMTSMQPAD,5
var,188,KMTSMQPVD,6
var,188,KMTSMTSND,4
var,188,KMTSMTSAD,5
var,188,KMTSMTSVD,5
var,188,KMTSMTAND,5
var,188,KMTSMTAAD,6
var,188,KMTSMTAVD,6
var,188,KMTSMTPND,5
var,188,KMTSMTPAD,5
var,188,KMTSMTPVD,6
var,188,KMTSMDSND,5
var,188,KMTSMDSAD,5
var,188,KMTSMDSVD,6
var,188,KMTSMDAND,5
var,188,KMTSMDAAD,5
var,188,KMTSMDAVD,6
var,188,KMTSMDPND,6
var,188,KMTSMDPAD,6
var,188,KMTSMDPVD,7
var,188,KMTNLQSND,4
var,188,KMTNLQSAD,4
var,188,KMTNLQSVD,5
var,188,KMTNLQAND,4
var,188,KMTNLQAAD,4
var,188,KMTNLQAVD,5
var,188,KMTNLQPND,5
var,188,KMTNLQPAD,5
var,188,KMTNLQPVD,6
var,188,KMTNLTSND,4
var,188,KMTNLTSAD,4
var,188,KMTNLTSVD,5
var,188,KMTNLTAND,4
var,188,KMTNLTAAD,5
var,188,KMTNLTAVD,5
var,188,KMTNLTPND,5
var,188,KMTNLTPAD,5
var,188,KMTNLTPVD,6
var,188,KMTNLDSND,5
var,188,KMTNLDSAD,5
var,188,KMTNLDSVD,6
var,188,KMTNLDAND,5
var,188,KMTNLDAAD,5
var,188,KMTNLDAVD,6
var,188,KMTNLDPND,6
var,188,KMTNLDPAD,6
var,188,KMTNLDPVD,7
var,188,KMTNVQSND,4
var,188,KMTNVQSAD,4
var,188,KMTNVQSVD,5
var,188,KMTNVQAND,4
var,188,KMTNVQAAD,5
var,188,KMTNVQAVD,5
var,188,KMTNVQPND,5
var,188,KMTNVQPAD,5
var,188,KMTNVQPVD,6
var,188,KMTNVTSND,4
var,188,KMTNVTSAD,5
var,188,KMTNVTSVD,5
var,188,KMTNVTAND,5
var,188,KMTNVTAAD,6
var,188,KMTNVTAVD,6
var,188,KMTNVTPND,5
var,188,KMTNVTPAD,5
var,188,KMTNVTPVD,6
var,188,KMTNVDSND,5
var,188,KMTNVDSAD,5
var,188,KMTNVDSVD,6
var,188,KMTNVDAND,5
var,188,KMTNVDAAD,5
var,188,KMTNVDAVD,6
var,188,KMTNVDPND,6
var,188,KMTNVDPAD,6
var,188,KMTNVDPVD,7
var,188,KMTNMQSND,5
var,188,KMTNMQSAD,5
var,188,KMTNMQSVD,6
var,188,KMTNMQAND,5
var,188,KMTNMQAAD,5
var,188,KMTNMQAVD,6
var,188,KMTNMQPND,6
var,188,KMTNMQPAD,6
var,188,KMTNMQPVD,7
var,188,KMTNMTSND,5
var,188,KMTNMTSAD,5
var,188,KMTNMTSVD,6
var,188,KMTNMTAND,5
var,188,KMTNMTAAD,5
var,188,KMTNMTAVD,6
var,188,KMTNMTPND,6
var,188,KMTNMTPAD,6
var,188,KMTNMTPVD,7
var,188,KMTNMDSND,6
var,188,KMTNMDSAD,6
var,188,KMTNMDSVD,7
var,188,KMTNMDAND,6
var,188,KMTNMDAAD,6
var,188,KMTNMDAVD,7
var,188,KMTNMDPND,7
var,188,KMTNMDPAD,7
var,188,KMTNMDPVD,8
var,188,KLNSLQSND,5
var,188,KLNSLQSAD,5
var,188,KLNSLQSVD,5
var,188,KLNSLQAND,5
var,188,KLNSLQAAD,6
var,188,KLNSLQAVD,6
var,188,KLNSLQPND,5
var,188,KLNSLQPAD,5
var,188,KLNSLQPVD,5
var,188,KLNSLTSND,6
var,188,KLNSLTSAD,6
var,188,KLNSLTSVD,6
var,188,KLNSLTAND,6
var,188,KLNSLTAAD,7
var,188,KLNSLTAVD,7
var,188,KLNSLTPND,6
var,188,KLNSLTPAD,6
var,188,KLNSLTPVD,6
var,188,KLNSLDSND,5
var,188,KLNSLDSAD,5
var,188,KLNSLDSVD,5
var,188,KLNSLDAND,5
var,188,KLNSLDAAD,6
var,188,KLNSLDAVD,6
var,188,KLNSLDPND,5
var,188,KLNSLDPAD,5
var,188,KLNSLDPVD,5
var,188,KLNSVQSND,5
var,188,KLNSVQSAD,6
var,188,KLNSVQSVD,6
var,188,KLNSVQAND,6
var,188,KLNSVQAAD,7
var,188,KLNSVQAVD,7
var,188,KLNSVQPND,6
var,188,KLNSVQPAD,6
var,188,KLNSVQPVD,6
var,188,KLNSVTSND,6
var,188,KLNSVTSAD,7
var,188,KLNSVTSVD,7
var,188,KLNSVTAND,7
var,188,KLNSVTAAD,8
var,188,KLNSVTAVD,8
var,188,KLNSVTPND,7
var,188,KLNSVTPAD,7
var,188,KLNSVTPVD,7
var,188,KLNSVDSND,5
var,188,KLNSVDSAD,6
var,188,KLNSVDSVD,6
var,188,KLNSVDAND,6
var,188,KLNSVDAAD,7
var,188,KLNSVDAVD,7
var,188,KLNSVDPND,6
var,188,KLNSVDPAD,6
var,188,KLNSVDPVD,6
var,188,KLNSMQSND,4
var,188,KLNSMQSAD,5
var,188,KLNSMQSVD,5
var,188,KLNSMQAND,5
var,188,KLNSMQAAD,6
var,188,KLNSMQAVD,6
var,188,KLNSMQPND,5
var,188,KLNSMQPAD,5
var,188,KLNSMQPVD,5
var,188,KLNSMTSND,5
var,188,KLNSMTSAD,6
var,188,KLNSMTSVD,6
var,188,KLNSMTAND,6
var,188,KLNSMTAAD,7
var,188,KLNSMTAVD,7
var,188,KLNSMTPND,6
var,188,KLNSMTPAD,6
var,188,KLNSMTPVD,6
var,188,KLNSMDSND,4
var,188,KLNSMDSAD,5
var,188,KLNSMDSVD,5
var,188,KLNSMDAND,5
var,188,KLNSMDAAD,6
var,188,KLNSMDAVD,6
var,188,KLNSMDPND,5
var,188,KLNSMDPAD,5
var,188,KLNSMDPVD,5
var,188,KLNNLQSND,4
var,188,KLNNLQSAD,4
var,188,KLNNLQSVD,4
var,188,KLNNLQAND,4
var,188,KLNNLQAAD,5
var,188,KLNNLQAVD,5
var,188,KLNNLQPND,4
var,188,KLNNLQPAD,4
var,188,KLNNLQPVD,4
var,188,KLNNLTSND,5
var,188,KLNNLTSAD,5
var,188,KLNNLTSVD,5
var,188,KLNNLTAND,5
var,188,KLNNLTAAD,6
var,188,KLNNLTAVD,6
var,188,KLNNLTPND,5
var,188,KLNNLTPAD,5
var,188,KLNNLTPVD,5
var,188,KLNNLDSND,4
var,188,KLNNLDSAD,4
var,188,KLNNLDSVD,4
var,188,KLNNLDAND,4
var,188,KLNNLDAAD,5
var,188,KLNNLDAVD,5
var,188,KLNNLDPND,4
var,188,KLNNLDPAD,4
var,188,KLNNLDPVD,5
var,188,KLNNVQSND,4
var,188,KLNNVQSAD,5
var,188,KLNNVQSVD,5
var,188,KLNNVQAND,5
var,188,KLNNVQAAD,6
var,188,KLNNVQAVD,6
var,188,KLNNVQPND,5
var,188,KLNNVQPAD,5
var,188,KLNNVQPVD,5
var,188,KLNNVTSND,5
var,188,KLNNVTSAD,6
var,188,KLNNVTSVD,6
var,188,KLNNVTAND,6
var,188,KLNNVTAAD,7
var,188,KLNNVTAVD,7
var,188,KLNNVTPND,6
var,188,KLNNVTPAD,6
var,188,KLNNVTPVD,6
var,188,KLNNVDSND,4
var,188,KLNNVDSAD,5
var,188,KLNNVDSVD,5
var,188,KLNNVDAND,5
var,188,KLNNVDAAD,6
var,188,KLNNVDAVD,6
var,188,KLNNVDPND,5
var,188,KLNNVDPAD,5
var,188,KLNNVDPVD,5
var,188,KLNNMQSND,3
var,188,KLNNMQSAD,4
var,188,KLNNMQSVD,4
var,188,KLNNMQAND,4
var,188,KLNNMQAAD,5
var,188,KLNNMQAVD,5
var,188,KLNNMQPND,4
var,188,KLNNMQPAD,4
var,188,KLNNMQPVD,5
var,188,KLNNMTSND,4
var,188,KLNNMTSAD,5
var,188,KLNNMTSVD,5
var,188,KLNNMTAND,5
var,188,KLNNMTAAD,6
var,188,KLNNMTAVD,6
var,188,KLNNMTPND,5
var,188,KLNNMTPAD,5
var,188,KLNNMTPVD,5
var,188,KLNNMDSND,4
var,188,KLNNMDSAD,4
var,188,KLNNMDSVD,5
var,188,KLNNMDAND,4
var,188,KLNNMDAAD,5
var,188,KLNNMDAVD,5
var,188,KLNNMDPND,5
var,188,KLNNMDPAD,5
var,188,KLNNMDPVD,6
var,188,KLSSLQSND,6
var,188,KLSSLQSAD,6
var,188,KLSSLQSVD,6
var,188,KLSSLQAND,6
var,188,KLSSLQAAD,7
var,188,KLSSLQAVD,7
var,188,KLSSLQPND,5
var,188,KLSSLQPAD,6
var,188,KLSSLQPVD,6
var,188,KLSSLTSND,7
var,188,KLSSLTSAD,7
var,188,KLSSLTSVD,7
var,188,KLSSLTAND,7
var,188,KLSSLTAAD,8
var,188,KLSSLTAVD,8
var,188,KLSSLTPND,6
var,188,KLSSLTPAD,7
var,188,KLSSLTPVD,7
var,188,KLSSLDSND,6
var,188,KLSSLDSAD,6
var,188,KLSSLDSVD,6
var,188,KLSSLDAND,6
var,188,KLSSLDAAD,7
var,188,KLSSLDAVD,7
var,188,KLSSLDPND,5
var,188,KLSSLDPAD,6
var,188,KLSSLDPVD,6
var,188,KLSSVQSND,6
var,188,KLSSVQSAD,7
var,188,KLSSVQSVD,7
var,188,KLSSVQAND,7
var,188,KLSSVQAAD,8
var,188,KLSSVQAVD,8
var,188,KLSSVQPND,6
var,188,KLSSVQPAD,7
var,188,KLSSVQPVD,7
var,188,KLSSVTSND,7
var,188,KLSSVTSAD,8
var,188,KLSSVTSVD,8
var,188,KLSSVTAND,8
var,188,KLSSVTAAD,9
var,188,KLSSVTAVD,9
var,188,KLSSVTPND,7
var,188,KLSSVTPAD,8
var,188,KLSSVTPVD,8
var,188,KLSSVDSND,6
var,188,KLSSVDSAD,7
var,188,KLSSVDSVD,7
var,188,KLSSVDAND,7
var,188,KLSSVDAAD,8
var,188,KLSSVDAVD,8
var,188,KLSSVDPND,6
var,188,KLSSVDPAD,7
var,188,KLSSVDPVD,7
var,188,KLSSMQSND,5
var,188,KLSSMQSAD,6
var,188,KLSSMQSVD,6
var,188,KLSSMQAND,6
var,188,KLSSMQAAD,7
var,188,KLSSMQAVD,7
var,188,KLSSMQPND,5
var,188,KLSSMQPAD,6
var,188,KLSSMQPVD,6
var,188,KLSSMTSND,6
var,188,KLSSMTSAD,7
var,188,KLSSMTSVD,7
var,188,KLSSMTAND,7
var,188,KLSSMTAAD,8
var,188,KLSSMTAVD,8
var,188,KLSSMTPND,6
var,188,KLSSMTPAD,7
var,188,KLSSMTPVD,7
var,188,KLSSMDSND,5
var,188,KLSSMDSAD,6
var,188,KLSSMDSVD,6
var,188,KLSSMDAND,6
var,188,KLSSMDAAD,7
var,188,KLSSMDAVD,7
var,188,KLSSMDPND,5
var,188,KLSSMDPAD,6
var,188,KLSSMDPVD,6
var,188,KLSNLQSND,5
var,188,KLSNLQSAD,5
var,188,KLSNLQSVD,5
var,188,KLSNLQAND,5
var,188,KLSNLQAAD,6
var,188,KLSNLQAVD,6
var,188,KLSNLQPND,4
var,188,KLSNLQPAD,5
var,188,KLSNLQPVD,5
var,188,KLSNLTSND,6
var,188,KLSNLTSAD,6
var,188,KLSNLTSVD,6
var,188,KLSNLTAND,6
var,188,KLSNLTAAD,7
var,188,KLSNLTAVD,7
var,188,KLSNLTPND,5
var,188,KLSNLTPAD,6
var,188,KLSNLTPVD,6
var,188,KLSNLDSND,5
var,188,KLSNLDSAD,5
var,188,KLSNLDSVD,5
var,188,KLSNLDAND,5
var,188,KLSNLDAAD,6
var,188,KLSNLDAVD,6
var,188,KLSNLDPND,4
var,188,KLSNLDPAD,5
var,188,KLSNLDPVD,5
var,188,KLSNVQSND,5
var,188,KLSNVQSAD,6
var,188,KLSNVQSVD,6
var,188,KLSNVQAND,6
var,188,KLSNVQAAD,7
var,188,KLSNVQAVD,7
var,188,KLSNVQPND,5
var,188,KLSNVQPAD,6
var,188,KLSNVQPVD,6
var,188,KLSNVTSND,6
var,188,KLSNVTSAD,7
var,188,KLSNVTSVD,7
var,188,KLSNVTAND,7
var,188,KLSNVTAAD,8
var,188,KLSNVTAVD,8
var,188,KLSNVTPND,6
var,188,KLSNVTPAD,7
var,188,KLSNVTPVD,7
var,188,KLSNVDSND,5
var,188,KLSNVDSAD,6
var,188,KLSNVDSVD,6
var,188,KLSNVDAND,6
var,188,KLSNVDAAD,7
var,188,KLSNVDAVD,7
var,188,KLSNVDPND,5
var,188,KLSNVDPAD,6
var,188,KLSNVDPVD,6
var,188,KLSNMQSND,4
var,188,KLSNMQSAD,5
var,188,KLSNMQSVD,5
var,188,KLSNMQAND,5
var,188,KLSNMQAAD,6
var,188,KLSNMQAVD,6
var,188,KLSNMQPND,4
var,188,KLSNMQPAD,5
var,188,KLSNMQPVD,5
var,188,KLSNMTSND,5
var,188,KLSNMTSAD,6
var,188,KLSNMTSVD,6
var,188,KLSNMTAND,6
var,188,KLSNMTAAD,7
var,188,KLSNMTAVD,7
var,188,KLSNMTPND,5
var,188,KLSNMTPAD,6
var,188,KLSNMTPVD,6
var,188,KLSNMDSND,4
var,188,KLSNMDSAD,5
var,188,KLSNMDSVD,5
var,188,KLSNMDAND,5
var,188,KLSNMDAAD,6
var,188,KLSNMDAVD,6
var,188,KLSNMDPND,5
var,188,KLSNMDPAD,5
var,188,KLSNMDPVD,6
var,188,KLTSLQSND,5
var,188,KLTSLQSAD,5
var,188,KLTSLQSVD,5
var,188,KLTSLQAND,5
var,188,KLTSLQAAD,6
var,188,KLTSLQAVD,6
var,188,KLTSLQPND,4
var,188,KLTSLQPAD,5
var,188,KLTSLQPVD,5
var,188,KLTSLTSND,6
var,188,KLTSLTSAD,6
var,188,KLTSLTSVD,6
var,188,KLTSLTAND,6
var,188,KLTSLTAAD,7
var,188,KLTSLTAVD,7
var,188,KLTSLTPND,5
var,188,KLTSLTPAD,6
var,188,KLTSLTPVD,6
var,188,KLTSLDSND,5
var,188,KLTSLDSAD,5
var,188,KLTSLDSVD,5
var,188,KLTSLDAND,5
var,188,KLTSLDAAD,6
var,188,KLTSLDAVD,6
var,188,KLTSLDPND,4
var,188,KLTSLDPAD,5
var,188,KLTSLDPVD,5
var,188,KLTSVQSND,5
var,188,KLTSVQSAD,6
var,188,KLTSVQSVD,6
var,188,KLTSVQAND,6
var,188,KLTSVQAAD,7
var,188,KLTSVQAVD,7
var,188,KLTSVQPND,5
var,188,KLTSVQPAD,6
var,188,KLTSVQPVD,6
var,188,KLTSVTSND,6
var,188,KLTSVTSAD,7
var,188,KLTSVTSVD,7
var,188,KLTSVTAND,7
var,188,KLTSVTAAD,8
var,188,KLTSVTAVD,8
var,188,KLTSVTPND,6
var,188,KLTSVTPAD,7
var,188,KLTSVTPVD,7
var,188,KLTSVDSND,5
var,188,KLTSVDSAD,6
var,188,KLTSVDSVD,6
var,188,KLTSVDAND,6
var,188,KLTSVDAAD,7
var,188,KLTSVDAVD,7
var,188,KLTSVDPND,5
var,188,KLTSVDPAD,6
var,188,KLTSVDPVD,6
var,188,KLTSMQSND,4
var,188,KLTSMQSAD,5
var,188,KLTSMQSVD,5
var,188,KLTSMQAND,5
var,188,KLTSMQAAD,6
var,188,KLTSMQAVD,6
var,188,KLTSMQPND,4
var,188,KLTSMQPAD,5
var,188,KLTSMQPVD,5
var,188,KLTSMTSND,5
var,188,KLTSMTSAD,6
var,188,KLTSMTSVD,6
var,188,KLTSMTAND,6
var,188,KLTSMTAAD,7
var,188,KLTSMTAVD,7
var,188,KLTSMTPND,5
var,188,KLTSMTPAD,6
var,188,KLTSMTPVD,6
var,188,KLTSMDSND,4
var,188,KLTSMDSAD,5
var,188,KLTSMDSVD,5
var,188,KLTSMDAND,5
var,188,KLTSMDAAD,6
var,188,KLTSMDAVD,6
var,188,KLTSMDPND,5
var,188,KLTSMDPAD,5
var,188,KLTSMDPVD,6
var,188,KLTNLQSND,4
var,188,KLTNLQSAD,4
var,188,KLTNLQSVD,4
var,188,KLTNLQAND,4
var,188,KLTNLQAAD,5
var,188,KLTNLQAVD,5
var,188,KLTNLQPND,4
var,188,KLTNLQPAD,4
var,188,KLTNLQPVD,5
var,188,KLTNLTSND,5
var,188,KLTNLTSAD,5
var,188,KLTNLTSVD,5
var,188,KLTNLTAND,5
var,188,KLTNLTAAD,6
var,188,KLTNLTAVD,6
var,188,KLTNLTPND,4
var,188,KLTNLTPAD,5
var,188,KLTNLTPVD,5
var,188,KLTNLDSND,4
var,188,KLTNLDSAD,4
var,188,KLTNLDSVD,5
var,188,KLTNLDAND,4
var,188,KLTNLDAAD,5
var,188,KLTNLDAVD,5
var,188,KLTNLDPND,5
var,188,KLTNLDPAD,5
var,188,KLTNLDPVD,6
var,188,KLTNVQSND,4
var,188,KLTNVQSAD,5
var,188,KLTNVQSVD,5
var,188,KLTNVQAND,5
var,188,KLTNVQAAD,6
var,188,KLTNVQAVD,6
var,188,KLTNVQPND,4
var,188,KLTNVQPAD,5
var,188,KLTNVQPVD,5
var,188,KLTNVTSND,5
var,188,KLTNVTSAD,6
var,188,KLTNVTSVD,6
var,188,KLTNVTAND,6
var,188,KLTNVTAAD,7
var,188,KLTNVTAVD,7
var,188,KLTNVTPND,5
var,188,KLTNVTPAD,6
var,188,KLTNVTPVD,6
var,188,KLTNVDSND,4
var,188,KLTNVDSAD,5
var,188,KLTNVDSVD,5
var,188,KLTNVDAND,5
var,188,KLTNVDAAD,6
var,188,KLTNVDAVD,6
var,188,KLTNVDPND,5
var,188,KLTNVDPAD,5
var,188,KLTNVDPVD,6
var,188,KLTNMQSND,4
var,188,KLTNMQSAD,4
var,188,KLTNMQSVD,5
var,188,KLTNMQAND,4
var,188,KLTNMQAAD,5
var,188,KLTNMQAVD,5
var,188,KLTNMQPND,5
var,188,KLTNMQPAD,5
var,188,KLTNMQPVD,6
var,188,KLTNMTSND,4
var,188,KLTNMTSAD,5
var,188,KLTNMTSVD,5
var,188,KLTNMTAND,5
var,188,KLTNMTAAD,6
var,188,KLTNMTAVD,6
var,188,KLTNMTPND,5
var,188,KLTNMTPAD,5
var,188,KLTNMTPVD,6
var,188,KLTNMDSND,5
var,188,KLTNMDSAD,5
var,188,KLTNMDSVD,6
var,188,KLTNMDAND,5
var,188,KLTNMDAAD,5
var,188,KLTNMDAVD,6
var,188,KLTNMDPND,6
var,188,KLTNMDPAD,6
var,188,KLTNMDPVD,7
var,188,TMNSLQSND,5
var,188,TMNSLQSAD,5
var,188,TMNSLQSVD,5
var,188,TMNSLQAND,6
var,188,TMNSLQAAD,6
var,188,TMNSLQAVD,6
var,188,TMNSLQPND,5
var,188,TMNSLQPAD,5
var,188,TMNSLQPVD,5
var,188,TMNSLTSND,5
var,188,TMNSLTSAD,5
var,188,TMNSLTSVD,5
var,188,TMNSLTAND,6
var,188,TMNSLTAAD,6
var,188,TMNSLTAVD,6
var,188,TMNSLTPND,5
var,188,TMNSLTPAD,5
var,188,TMNSLTPVD,5
var,188,TMNSLDSND,5
var,188,TMNSLDSAD,5
var,188,TMNSLDSVD,5
var,188,TMNSLDAND,6
var,188,TMNSLDAAD,6
var,188,TMNSLDAVD,6
var,188,TMNSLDPND,5
var,188,TMNSLDPAD,5
var,188,TMNSLDPVD,6
var,188,TMNSVQSND,4
var,188,TMNSVQSAD,4
var,188,TMNSVQSVD,4
var,188,TMNSVQAND,5
var,188,TMNSVQAAD,5
var,188,TMNSVQAVD,5
var,188,TMNSVQPND,5
var,188,TMNSVQPAD,5
var,188,TMNSVQPVD,5
var,188,TMNSVTSND,5
var,188,TMNSVTSAD,5
var,188,TMNSVTSVD,5
var,188,TMNSVTAND,5
var,188,TMNSVTAAD,6
var,188,TMNSVTAVD,6
var,188,TMNSVTPND,6
var,188,TMNSVTPAD,6
var,188,TMNSVTPVD,6
var,188,TMNSVDSND,4
var,188,TMNSVDSAD,4
var,188,TMNSVDSVD,5
var,188,TMNSVDAND,5
var,188,TMNSVDAAD,5
var,188,TMNSVDAVD,5
var,188,TMNSVDPND,5
var,188,TMNSVDPAD,5
var,188,TMNSVDPVD,6
var,188,TMNSMQSND,4
var,188,TMNSMQSAD,4
var,188,TMNSMQSVD,5
var,188,TMNSMQAND,5
var,188,TMNSMQAAD,5
var,188,TMNSMQAVD,5
var,188,TMNSMQPND,5
var,188,TMNSMQPAD,5
var,188,TMNSMQPVD,6
var,188,TMNSMTSND,4
var,188,TMNSMTSAD,4
var,188,TMNSMTSVD,5
var,188,TMNSMTAND,5
var,188,TMNSMTAAD,5
var,188,TMNSMTAVD,5
var,188,TMNSMTPND,5
var,188,TMNSMTPAD,5
var,188,TMNSMTPVD,6
var,188,TMNSMDSND,5
var,188,TMNSMDSAD,5
var,188,TMNSMDSVD,6
var,188,TMNSMDAND,5
var,188,TMNSMDAAD,5
var,188,TMNSMDAVD,6
var,188,TMNSMDPND,6
var,188,TMNSMDPAD,6
var,188,TMNSMDPVD,7
var,188,TMNNLQSND,4
var,188,TMNNLQSAD,4
var,188,TMNNLQSVD,5
var,188,TMNNLQAND,5
var,188,TMNNLQAAD,5
var,188,TMNNLQAVD,5
var,188,TMNNLQPND,5
var,188,TMNNLQPAD,5
var,188,TMNNLQPVD,6
var,188,TMNNLTSND,4
var,188,TMNNLTSAD,4
var,188,TMNNLTSVD,5
var,188,TMNNLTAND,5
var,188,TMNNLTAAD,5
var,188,TMNNLTAVD,5
var,188,TMNNLTPND,5
var,188,TMNNLTPAD,5
var,188,TMNNLTPVD,6
var,188,TMNNLDSND,5
var,188,TMNNLDSAD,5
var,188,TMNNLDSVD,6
var,188,TMNNLDAND,5
var,188,TMNNLDAAD,5
var,188,TMNNLDAVD,6
var,188,TMNNLDPND,6
var,188,TMNNLDPAD,6
var,188,TMNNLDPVD,7
var,188,TMNNVQSND,4
var,188,TMNNVQSAD,4
var,188,TMNNVQSVD,5
var,188,TMNNVQAND,4
var,188,TMNNVQAAD,4
var,188,TMNNVQAVD,5
var,188,TMNNVQPND,5
var,188,TMNNVQPAD,5
var,188,TMNNVQPVD,6
var,188,TMNNVTSND,4
var,188,TMNNVTSAD,4
var,188,TMNNVTSVD,5
var,188,TMNNVTAND,4
var,188,TMNNVTAAD,5
var,188,TMNNVTAVD,5
var,188,TMNNVTPND,5
var,188,TMNNVTPAD,5
var,188,TMNNVTPVD,6
var,188,TMNNVDSND,5
var,188,TMNNVDSAD,5
var,188,TMNNVDSVD,6
var,188,TMNNVDAND,5
var,188,TMNNVDAAD,5
var,188,TMNNVDAVD,6
var,188,TMNNVDPND,6
var,188,TMNNVDPAD,6
var,188,TMNNVDPVD,7
var,188,TMNNMQSND,5
var,188,TMNNMQSAD,5
var,188,TMNNMQSVD,6
var,188,TMNNMQAND,5
var,188,TMNNMQAAD,5
var,188,TMNNMQAVD,6
var,188,TMNNMQPND,6
var,188,TMNNMQPAD,6
var,188,TMNNMQPVD,7
var,188,TMNNMTSND,5
var,188,TMNNMTSAD,5
var,188,TMNNMTSVD,6
var,188,TMNNMTAND,5
var,188,TMNNMTAAD,5
var,188,TMNNMTAVD,6
var,188,TMNNMTPND,6
var,188,TMNNMTPAD,6
var,188,TMNNMTPVD,7
var,188,TMNNMDSND,6
var,188,TMNNMDSAD,6
var,188,TMNNMDSVD,7
var,188,TMNNMDAND,6
var,188,TMNNMDAAD,6
var,188,TMNNMDAVD,7
var,188,TMNNMDPND,7
var,188,TMNNMDPAD,7
var,188,TMNNMDPVD,8
var,188,TMSSLQSND,5
var,188,TMSSLQSAD,5
var,188,TMSSLQSVD,5
var,188,TMSSLQAND,6
var,188,TMSSLQAAD,6
var,188,TMSSLQAVD,6
var,188,TMSSLQPND,5
var,188,TMSSLQPAD,5
var,188,TMSSLQPVD,5
var,188,TMSSLTSND,6
var,188,TMSSLTSAD,6
var,188,TMSSLTSVD,6
var,188,TMSSLTAND,6
var,188,TMSSLTAAD,6
var,188,TMSSLTAVD,6
var,188,TMSSLTPND,5
var,188,TMSSLTPAD,5
var,188,TMSSLTPVD,5
var,188,TMSSLDSND,5
var,188,TMSSLDSAD,5
var,188,TMSSLDSVD,5
var,188,TMSSLDAND,6
var,188,TMSSLDAAD,6
var,188,TMSSLDAVD,6
var,188,TMSSLDPND,5
var,188,TMSSLDPAD,5
var,188,TMSSLDPVD,6
var,188,TMSSVQSND,4
var,188,TMSSVQSAD,5
var,188,TMSSVQSVD,5
var,188,TMSSVQAND,5
var,188,TMSSVQAAD,6
var,188,TMSSVQAVD,6
var,188,TMSSVQPND,4
var,188,TMSSVQPAD,5
var,188,TMSSVQPVD,5
var,188,TMSSVTSND,5
var,188,TMSSVTSAD,6
var,188,TMSSVTSVD,6
var,188,TMSSVTAND,6
var,188,TMSSVTAAD,7
var,188,TMSSVTAVD,7
var,188,TMSSVTPND,5
var,188,TMSSVTPAD,6
var,188,TMSSVTPVD,6
var,188,TMSSVDSND,4
var,188,TMSSVDSAD,5
var,188,TMSSVDSVD,5
var,188,TMSSVDAND,5
var,188,TMSSVDAAD,6
var,188,TMSSVDAVD,6
var,188,TMSSVDPND,5
var,188,TMSSVDPAD,5
var,188,TMSSVDPVD,6
var,188,TMSSMQSND,4
var,188,TMSSMQSAD,4
var,188,TMSSMQSVD,5
var,188,TMSSMQAND,5
var,188,TMSSMQAAD,5
var,188,TMSSMQAVD,5
var,188,TMSSMQPND,5
var,188,TMSSMQPAD,5
var,188,TMSSMQPVD,6
var,188,TMSSMTSND,5
var,188,TMSSMTSAD,5
var,188,TMSSMTSVD,5
var,188,TMSSMTAND,5
var,188,TMSSMTAAD,6
var,188,TMSSMTAVD,6
var,188,TMSSMTPND,5
var,188,TMSSMTPAD,5
var,188,TMSSMTPVD,6
var,188,TMSSMDSND,5
var,188,TMSSMDSAD,5
var,188,TMSSMDSVD,6
var,188,TMSSMDAND,5
var,188,TMSSMDAAD,5
var,188,TMSSMDAVD,6
var,188,TMSSMDPND,6
var,188,TMSSMDPAD,6
var,188,TMSSMDPVD,7
var,188,TMSNLQSND,5
var,188,TMSNLQSAD,5
var,188,TMSNLQSVD,5
var,188,TMSNLQAND,5
var,188,TMSNLQAAD,5
var,188,TMSNLQAVD,5
var,188,TMSNLQPND,5
var,188,TMSNLQPAD,5
var,188,TMSNLQPVD,6
var,188,TMSNLTSND,5
var,188,TMSNLTSAD,5
var,188,TMSNLTSVD,5
var,188,TMSNLTAND,5
var,188,TMSNLTAAD,5
var,188,TMSNLTAVD,5
var,188,TMSNLTPND,5
var,188,TMSNLTPAD,5
var,188,TMSNLTPVD,6
var,188,TMSNLDSND,5
var,188,TMSNLDSAD,5
var,188,TMSNLDSVD,6
var,188,TMSNLDAND,5
var,188,TMSNLDAAD,5
var,188,TMSNLDAVD,6
var,188,TMSNLDPND,6
var,188,TMSNLDPAD,6
var,188,TMSNLDPVD,7
var,188,TMSNVQSND,4
var,188,TMSNVQSAD,4
var,188,TMSNVQSVD,5
var,188,TMSNVQAND,4
var,188,TMSNVQAAD,5
var,188,TMSNVQAVD,5
var,188,TMSNVQPND,5
var,188,TMSNVQPAD,5
var,188,TMSNVQPVD,6
var,188,TMSNVTSND,4
var,188,TMSNVTSAD,5
var,188,TMSNVTSVD,5
var,188,TMSNVTAND,5
var,188,TMSNVTAAD,6
var,188,TMSNVTAVD,6
var,188,TMSNVTPND,5
var,188,TMSNVTPAD,5
var,188,TMSNVTPVD,6
var,188,TMSNVDSND,5
var,188,TMSNVDSAD,5
var,188,TMSNVDSVD,6
var,188,TMSNVDAND,5
var,188,TMSNVDAAD,5
var,188,TMSNVDAVD,6
var,188,TMSNVDPND,6
var,188,TMSNVDPAD,6
var,188,TMSNVDPVD,7
var,188,TMSNMQSND,5
var,188,TMSNMQSAD,5
var,188,TMSNMQSVD,6
var,188,TMSNMQAND,5
var,188,TMSNMQAAD,5
var,188,TMSNMQAVD,6
var,188,TMSNMQPND,6
var,188,TMSNMQPAD,6
var,188,TMSNMQPVD,7
var,188,TMSNMTSND,5
var,188,TMSNMTSAD,5
var,188,TMSNMTSVD,6
var,188,TMSNMTAND,5
var,188,TMSNMTAAD,5
var,188,TMSNMTAVD,6
var,188,TMSNMTPND,6
var,188,TMSNMTPAD,6
var,188,TMSNMTPVD,7
var,188,TMSNMDSND,6
var,188,TMSNMDSAD,6
var,188,TMSNMDSVD,7
var,188,TMSNMDAND,6
var,188,TMSNMDAAD,6
var,188,TMSNMDAVD,7
var,188,TMSNMDPND,7
var,188,TMSNMDPAD,7
var,188,TMSNMDPVD,8
var,188,TMTSLQSND,4
var,188,TMTSLQSAD,4
var,188,TMTSLQSVD,5
var,188,TMTSLQAND,5
var,188,TMTSLQAAD,5
var,188,TMTSLQAVD,5
var,188,TMTSLQPND,5
var,188,TMTSLQPAD,5
var,188,TMTSLQPVD,6
var,188,TMTSLTSND,5
var,188,TMTSLTSAD,5
var,188,TMTSLTSVD,5
var,188,TMTSLTAND,5
var,188,TMTSLTAAD,5
var,188,TMTSLTAVD,5
var,188,TMTSLTPND,5
var,188,TMTSLTPAD,5
var,188,TMTSLTPVD,6
var,188,TMTSLDSND,5
var,188,TMTSLDSAD,5
var,188,TMTSLDSVD,6
var,188,TMTSLDAND,5
var,188,TMTSLDAAD,5
var,188,TMTSLDAVD,6
var,188,TMTSLDPND,6
var,188,TMTSLDPAD,6
var,188,TMTSLDPVD,7
var,188,TMTSVQSND,4
var,188,TMTSVQSAD,4
var,188,TMTSVQSVD,5
var,188,TMTSVQAND,4
var,188,TMTSVQAAD,5
var,188,TMTSVQAVD,5
var,188,TMTSVQPND,5
var,188,TMTSVQPAD,5
var,188,TMTSVQPVD,6
var,188,TMTSVTSND,4
var,188,TMTSVTSAD,5
var,188,TMTSVTSVD,5
var,188,TMTSVTAND,5
var,188,TMTSVTAAD,6
var,188,TMTSVTAVD,6
var,188,TMTSVTPND,5
var,188,TMTSVTPAD,5
var,188,TMTSVTPVD,6
var,188,TMTSVDSND,5
var,188,TMTSVDSAD,5
var,188,TMTSVDSVD,6
var,188,TMTSVDAND,5
var,188,TMTSVDAAD,5
var,188,TMTSVDAVD,6
var,188,TMTSVDPND,6
var,188,TMTSVDPAD,6
var,188,TMTSVDPVD,7
var,188,TMTSMQSND,5
var,188,TMTSMQSAD,5
var,188,TMTSMQSVD,6
var,188,TMTSMQAND,5
var,188,TMTSMQAAD,5
var,188,TMTSMQAVD,6
var,188,TMTSMQPND,6
var,188,TMTSMQPAD,6
var,188,TMTSMQPVD,7
var,188,TMTSMTSND,5
var,188,TMTSMTSAD,5
var,188,TMTSMTSVD,6
var,188,TMTSMTAND,5
var,188,TMTSMTAAD,5
var,188,TMTSMTAVD,6
var,188,TMTSMTPND,6
var,188,TMTSMTPAD,6
var,188,TMTSMTPVD,7
var,188,TMTSMDSND,6
var,188,TMTSMDSAD,6
var,188,TMTSMDSVD,7
var,188,TMTSMDAND,6
var,188,TMTSMDAAD,6
var,188,TMTSMDAVD,7
var,188,TMTSMDPND,7
var,188,TMTSMDPAD,7
var,188,TMTSMDPVD,8
var,188,TMTNLQSND,5
var,188,TMTNLQSAD,5
var,188,TMTNLQSVD,6
var,188,TMTNLQAND,5
var,188,TMTNLQAAD,5
var,188,TMTNLQAVD,6
var,188,TMTNLQPND,6
var,188,TMTNLQPAD,6
var,188,TMTNLQPVD,7
var,188,TMTNLTSND,5
var,188,TMTNLTSAD,5
var,188,TMTNLTSVD,6
var,188,TMTNLTAND,5
var,188,TMTNLTAAD,5
var,188,TMTNLTAVD,6
var,188,TMTNLTPND,6
var,188,TMTNLTPAD,6
var,188,TMTNLTPVD,7
var,188,TMTNLDSND,6
var,188,TMTNLDSAD,6
var,188,TMTNLDSVD,7
var,188,TMTNLDAND,6
var,188,TMTNLDAAD,6
var,188,TMTNLDAVD,7
var,188,TMTNLDPND,7
var,188,TMTNLDPAD,7
var,188,TMTNLDPVD,8
var,188,TMTNVQSND,5
var,188,TMTNVQSAD,5
var,188,TMTNVQSVD,6
var,188,TMTNVQAND,5
var,188,TMTNVQAAD,5
var,188,TMTNVQAVD,6
var,188,TMTNVQPND,6
var,188,TMTNVQPAD,6
var,188,TMTNVQPVD,7
var,188,TMTNVTSND,5
var,188,TMTNVTSAD,5
var,188,TMTNVTSVD,6
var,188,TMTNVTAND,5
var,188,TMTNVTAAD,5
var,188,TMTNVTAVD,6
var,188,TMTNVTPND,6
var,188,TMTNVTPAD,6
var,188,TMTNVTPVD,7
var,188,TMTNVDSND,6
var,188,TMTNVDSAD,6
var,188,TMTNVDSVD,7
var,188,TMTNVDAND,6
var,188,TMTNVDAAD,6
var,188,TMTNVDAVD,7
var,188,TMTNVDPND,7
var,188,TMTNVDPAD,7
var,188,TMTNVDPVD,8
var,188,TMTNMQSND,6
var,188,TMTNMQSAD,6
var,188,TMTNMQSVD,7
var,188,TMTNMQAND,6
var,188,TMTNMQAAD,6
var,188,TMTNMQAVD,7
var,188,TMTNMQPND,7
var,188,TMTNMQPAD,7
var,188,TMTNMQPVD,8
var,188,TMTNMTSND,6
var,188,TMTNMTSAD,6
var,188,TMTNMTSVD,7
var,188,TMTNMTAND,6
var,188,TMTNMTAAD,6
var,188,TMTNMTAVD,7
var,188,TMTNMTPND,7
var,188,TMTNMTPAD,7
var,188,TMTNMTPVD,8
var,188,TMTNMDSND,7
var,188,TMTNMDSAD,7
var,188,TMTNMDSVD,8
var,188,TMTNMDAND,7
var,188,TMTNMDAAD,7
var,188,TMTNMDAVD,8
var,188,TMTNMDPND,8
var,188,TMTNMDPAD,8
var,188,TMTNMDPVD,9
var,188,TLNSLQSND,5
var,188,TLNSLQSAD,5
var,188,TLNSLQSVD,5
var,188,TLNSLQAND,5
var,188,TLNSLQAAD,5
var,188,TLNSLQAVD,5
var,188,TLNSLQPND,5
var,188,TLNSLQPAD,5
var,188,TLNSLQPVD,5
var,188,TLNSLTSND,6
var,188,TLNSLTSAD,6
var,188,TLNSLTSVD,6
var,188,TLNSLTAND,5
var,188,TLNSLTAAD,6
var,188,TLNSLTAVD,6
var,188,TLNSLTPND,6
var,188,TLNSLTPAD,6
var,188,TLNSLTPVD,6
var,188,TLNSLDSND,5
var,188,TLNSLDSAD,5
var,188,TLNSLDSVD,5
var,188,TLNSLDAND,5
var,188,TLNSLDAAD,5
var,188,TLNSLDAVD,5
var,188,TLNSLDPND,5
var,188,TLNSLDPAD,5
var,188,TLNSLDPVD,5
var,188,TLNSVQSND,5
var,188,TLNSVQSAD,5
var,188,TLNSVQSVD,5
var,188,TLNSVQAND,5
var,188,TLNSVQAAD,6
var,188,TLNSVQAVD,6
var,188,TLNSVQPND,6
var,188,TLNSVQPAD,6
var,188,TLNSVQPVD,6
var,188,TLNSVTSND,6
var,188,TLNSVTSAD,6
var,188,TLNSVTSVD,6
var,188,TLNSVTAND,6
var,188,TLNSVTAAD,7
var,188,TLNSVTAVD,7
var,188,TLNSVTPND,7
var,188,TLNSVTPAD,7
var,188,TLNSVTPVD,7
var,188,TLNSVDSND,5
var,188,TLNSVDSAD,5
var,188,TLNSVDSVD,5
var,188,TLNSVDAND,5
var,188,TLNSVDAAD,6
var,188,TLNSVDAVD,6
var,188,TLNSVDPND,6
var,188,TLNSVDPAD,6
var,188,TLNSVDPVD,6
var,188,TLNSMQSND,4
var,188,TLNSMQSAD,4
var,188,TLNSMQSVD,4
var,188,TLNSMQAND,4
var,188,TLNSMQAAD,5
var,188,TLNSMQAVD,5
var,188,TLNSMQPND,5
var,188,TLNSMQPAD,5
var,188,TLNSMQPVD,5
var,188,TLNSMTSND,5
var,188,TLNSMTSAD,5
var,188,TLNSMTSVD,5
var,188,TLNSMTAND,5
var,188,TLNSMTAAD,6
var,188,TLNSMTAVD,6
var,188,TLNSMTPND,6
var,188,TLNSMTPAD,6
var,188,TLNSMTPVD,6
var,188,TLNSMDSND,4
var,188,TLNSMDSAD,4
var,188,TLNSMDSVD,5
var,188,TLNSMDAND,4
var,188,TLNSMDAAD,5
var,188,TLNSMDAVD,5
var,188,TLNSMDPND,5
var,188,TLNSMDPAD,5
var,188,TLNSMDPVD,6
var,188,TLNNLQSND,4
var,188,TLNNLQSAD,4
var,188,TLNNLQSVD,4
var,188,TLNNLQAND,4
var,188,TLNNLQAAD,4
var,188,TLNNLQAVD,4
var,188,TLNNLQPND,4
var,188,TLNNLQPAD,4
var,188,TLNNLQPVD,5
var,188,TLNNLTSND,5
var,188,TLNNLTSAD,5
var,188,TLNNLTSVD,5
var,188,TLNNLTAND,4
var,188,TLNNLTAAD,5
var,188,TLNNLTAVD,5
var,188,TLNNLTPND,5
var,188,TLNNLTPAD,5
var,188,TLNNLTPVD,5
var,188,TLNNLDSND,4
var,188,TLNNLDSAD,4
var,188,TLNNLDSVD,5
var,188,TLNNLDAND,4
var,188,TLNNLDAAD,4
var,188,TLNNLDAVD,5
var,188,TLNNLDPND,5
var,188,TLNNLDPAD,5
var,188,TLNNLDPVD,6
var,188,TLNNVQSND,4
var,188,TLNNVQSAD,4
var,188,TLNNVQSVD,4
var,188,TLNNVQAND,4
var,188,TLNNVQAAD,5
var,188,TLNNVQAVD,5
var,188,TLNNVQPND,5
var,188,TLNNVQPAD,5
var,188,TLNNVQPVD,5
var,188,TLNNVTSND,5
var,188,TLNNVTSAD,5
var,188,TLNNVTSVD,5
var,188,TLNNVTAND,5
var,188,TLNNVTAAD,6
var,188,TLNNVTAVD,6
var,188,TLNNVTPND,6
var,188,TLNNVTPAD,6
var,188,TLNNVTPVD,6
var,188,TLNNVDSND,4
var,188,TLNNVDSAD,4
var,188,TLNNVDSVD,5
var,188,TLNNVDAND,4
var,188,TLNNVDAAD,5
var,188,TLNNVDAVD,5
var,188,TLNNVDPND,5
var,188,TLNNVDPAD,5
var,188,TLNNVDPVD,6
var,188,TLNNMQSND,4
var,188,TLNNMQSAD,4
var,188,TLNNMQSVD,5
var,188,TLNNMQAND,4
var,188,TLNNMQAAD,4
var,188,TLNNMQAVD,5
var,188,TLNNMQPND,5
var,188,TLNNMQPAD,5
var,188,TLNNMQPVD,6
var,188,TLNNMTSND,4
var,188,TLNNMTSAD,4
var,188,TLNNMTSVD,5
var,188,TLNNMTAND,4
var,188,TLNNMTAAD,5
var,188,TLNNMTAVD,5
var,188,TLNNMTPND,5
var,188,TLNNMTPAD,5
var,188,TLNNMTPVD,6
var,188,TLNNMDSND,5
var,188,TLNNMDSAD,5
var,188,TLNNMDSVD,6
var,188,TLNNMDAND,5
var,188,TLNNMDAAD,5
var,188,TLNNMDAVD,6
var,188,TLNNMDPND,6
var,188,TLNNMDPAD,6
var,188,TLNNMDPVD,7
var,188,TLSSLQSND,6
var,188,TLSSLQSAD,6
var,188,TLSSLQSVD,6
var,188,TLSSLQAND,5
var,188,TLSSLQAAD,6
var,188,TLSSLQAVD,6
var,188,TLSSLQPND,5
var,188,TLSSLQPAD,5
var,188,TLSSLQPVD,5
var,188,TLSSLTSND,7
var,188,TLSSLTSAD,7
var,188,TLSSLTSVD,7
var,188,TLSSLTAND,6
var,188,TLSSLTAAD,7
var,188,TLSSLTAVD,7
var,188,TLSSLTPND,6
var,188,TLSSLTPAD,6
var,188,TLSSLTPVD,6
var,188,TLSSLDSND,6
var,188,TLSSLDSAD,6
var,188,TLSSLDSVD,6
var,188,TLSSLDAND,5
var,188,TLSSLDAAD,6
var,188,TLSSLDAVD,6
var,188,TLSSLDPND,5
var,188,TLSSLDPAD,5
var,188,TLSSLDPVD,5
var,188,TLSSVQSND,5
var,188,TLSSVQSAD,6
var,188,TLSSVQSVD,6
var,188,TLSSVQAND,6
var,188,TLSSVQAAD,7
var,188,TLSSVQAVD,7
var,188,TLSSVQPND,5
var,188,TLSSVQPAD,6
var,188,TLSSVQPVD,6
var,188,TLSSVTSND,6
var,188,TLSSVTSAD,7
var,188,TLSSVTSVD,7
var,188,TLSSVTAND,7
var,188,TLSSVTAAD,8
var,188,TLSSVTAVD,8
var,188,TLSSVTPND,6
var,188,TLSSVTPAD,7
var,188,TLSSVTPVD,7
var,188,TLSSVDSND,5
var,188,TLSSVDSAD,6
var,188,TLSSVDSVD,6
var,188,TLSSVDAND,6
var,188,TLSSVDAAD,7
var,188,TLSSVDAVD,7
var,188,TLSSVDPND,5
var,188,TLSSVDPAD,6
var,188,TLSSVDPVD,6
var,188,TLSSMQSND,5
var,188,TLSSMQSAD,5
var,188,TLSSMQSVD,5
var,188,TLSSMQAND,5
var,188,TLSSMQAAD,6
var,188,TLSSMQAVD,6
var,188,TLSSMQPND,4
var,188,TLSSMQPAD,5
var,188,TLSSMQPVD,5
var,188,TLSSMTSND,6
var,188,TLSSMTSAD,6
var,188,TLSSMTSVD,6
var,188,TLSSMTAND,6
var,188,TLSSMTAAD,7
var,188,TLSSMTAVD,7
var,188,TLSSMTPND,5
var,188,TLSSMTPAD,6
var,188,TLSSMTPVD,6
var,188,TLSSMDSND,5
var,188,TLSSMDSAD,5
var,188,TLSSMDSVD,5
var,188,TLSSMDAND,5
var,188,TLSSMDAAD,6
var,188,TLSSMDAVD,6
var,188,TLSSMDPND,5
var,188,TLSSMDPAD,5
var,188,TLSSMDPVD,6
var,188,TLSNLQSND,5
var,188,TLSNLQSAD,5
var,188,TLSNLQSVD,5
var,188,TLSNLQAND,4
var,188,TLSNLQAAD,5
var,188,TLSNLQAVD,5
var,188,TLSNLQPND,4
var,188,TLSNLQPAD,4
var,188,TLSNLQPVD,5
var,188,TLSNLTSND,6
var,188,TLSNLTSAD,6
var,188,TLSNLTSVD,6
var,188,TLSNLTAND,5
var,188,TLSNLTAAD,6
var,188,TLSNLTAVD,6
var,188,TLSNLTPND,5
var,188,TLSNLTPAD,5
var,188,TLSNLTPVD,5
var,188,TLSNLDSND,5
var,188,TLSNLDSAD,5
var,188,TLSNLDSVD,5
var,188,TLSNLDAND,4
var,188,TLSNLDAAD,5
var,188,TLSNLDAVD,5
var,188,TLSNLDPND,5
var,188,TLSNLDPAD,5
var,188,TLSNLDPVD,6
var,188,TLSNVQSND,4
var,188,TLSNVQSAD,5
var,188,TLSNVQSVD,5
var,188,TLSNVQAND,5
var,188,TLSNVQAAD,6
var,188,TLSNVQAVD,6
var,188,TLSNVQPND,4
var,188,TLSNVQPAD,5
var,188,TLSNVQPVD,5
var,188,TLSNVTSND,5
var,188,TLSNVTSAD,6
var,188,TLSNVTSVD,6
var,188,TLSNVTAND,6
var,188,TLSNVTAAD,7
var,188,TLSNVTAVD,7
var,188,TLSNVTPND,5
var,188,TLSNVTPAD,6
var,188,TLSNVTPVD,6
var,188,TLSNVDSND,4
var,188,TLSNVDSAD,5
var,188,TLSNVDSVD,5
var,188,TLSNVDAND,5
var,188,TLSNVDAAD,6
var,188,TLSNVDAVD,6
var,188,TLSNVDPND,5
var,188,TLSNVDPAD,5
var,188,TLSNVDPVD,6
var,188,TLSNMQSND,4
var,188,TLSNMQSAD,4
var,188,TLSNMQSVD,5
var,188,TLSNMQAND,4
var,188,TLSNMQAAD,5
var,188,TLSNMQAVD,5
var,188,TLSNMQPND,5
var,188,TLSNMQPAD,5
var,188,TLSNMQPVD,6
var,188,TLSNMTSND,5
var,188,TLSNMTSAD,5
var,188,TLSNMTSVD,5
var,188,TLSNMTAND,5
var,188,TLSNMTAAD,6
var,188,TLSNMTAVD,6
var,188,TLSNMTPND,5
var,188,TLSNMTPAD,5
var,188,TLSNMTPVD,6
var,188,TLSNMDSND,5
var,188,TLSNMDSAD,5
var,188,TLSNMDSVD,6
var,188,TLSNMDAND,5
var,188,TLSNMDAAD,5
var,188,TLSNMDAVD,6
var,188,TLSNMDPND,6
var,188,TLSNMDPAD,6
var,188,TLSNMDPVD,7
var,188,TLTSLQSND,5
var,188,TLTSLQSAD,5
var,188,TLTSLQSVD,5
var,188,TLTSLQAND,4
var,188,TLTSLQAAD,5
var,188,TLTSLQAVD,5
var,188,TLTSLQPND,4
var,188,TLTSLQPAD,4
var,188,TLTSLQPVD,5
var,188,TLTSLTSND,6
var,188,TLTSLTSAD,6
var,188,TLTSLTSVD,6
var,188,TLTSLTAND,5
var,188,TLTSLTAAD,6
var,188,TLTSLTAVD,6
var,188,TLTSLTPND,5
var,188,TLTSLTPAD,5
var,188,TLTSLTPVD,5
var,188,TLTSLDSND,5
var,188,TLTSLDSAD,5
var,188,TLTSLDSVD,5
var,188,TLTSLDAND,4
var,188,TLTSLDAAD,5
var,188,TLTSLDAVD,5
var,188,TLTSLDPND,5
var,188,TLTSLDPAD,5
var,188,TLTSLDPVD,6
var,188,TLTSVQSND,4
var,188,TLTSVQSAD,5
var,188,TLTSVQSVD,5
var,188,TLTSVQAND,5
var,188,TLTSVQAAD,6
var,188,TLTSVQAVD,6
var,188,TLTSVQPND,5
var,188,TLTSVQPAD,5
var,188,TLTSVQPVD,5
var,188,TLTSVTSND,5
var,188,TLTSVTSAD,6
var,188,TLTSVTSVD,6
var,188,TLTSVTAND,6
var,188,TLTSVTAAD,7
var,188,TLTSVTAVD,7
var,188,TLTSVTPND,6
var,188,TLTSVTPAD,6
var,188,TLTSVTPVD,6
var,188,TLTSVDSND,4
var,188,TLTSVDSAD,5
var,188,TLTSVDSVD,5
var,188,TLTSVDAND,5
var,188,TLTSVDAAD,6
var,188,TLTSVDAVD,6
var,188,TLTSVDPND,5
var,188,TLTSVDPAD,5
var,188,TLTSVDPVD,6
var,188,TLTSMQSND,4
var,188,TLTSMQSAD,4
var,188,TLTSMQSVD,5
var,188,TLTSMQAND,4
var,188,TLTSMQAAD,5
var,188,TLTSMQAVD,5
var,188,TLTSMQPND,5
var,188,TLTSMQPAD,5
var,188,TLTSMQPVD,6
var,188,TLTSMTSND,5
var,188,TLTSMTSAD,5
var,188,TLTSMTSVD,5
var,188,TLTSMTAND,5
var,188,TLTSMTAAD,6
var,188,TLTSMTAVD,6
var,188,TLTSMTPND,5
var,188,TLTSMTPAD,5
var,188,TLTSMTPVD,6
var,188,TLTSMDSND,5
var,188,TLTSMDSAD,5
var,188,TLTSMDSVD,6
var,188,TLTSMDAND,5
var,188,TLTSMDAAD,5
var,188,TLTSMDAVD,6
var,188,TLTSMDPND,6
var,188,TLTSMDPAD,6
var,188,TLTSMDPVD,7
var,188,TLTNLQSND,4
var,188,TLTNLQSAD,4
var,188,TLTNLQSVD,5
var,188,TLTNLQAND,4
var,188,TLTNLQAAD,4
var,188,TLTNLQAVD,5
var,188,TLTNLQPND,5
var,188,TLTNLQPAD,5
var,188,TLTNLQPVD,6
var,188,TLTNLTSND,5
var,188,TLTNLTSAD,5
var,188,TLTNLTSVD,5
var,188,TLTNLTAND,4
var,188,TLTNLTAAD,5
var,188,TLTNLTAVD,5
var,188,TLTNLTPND,5
var,188,TLTNLTPAD,5
var,188,TLTNLTPVD,6
var,188,TLTNLDSND,5
var,188,TLTNLDSAD,5
var,188,TLTNLDSVD,6
var,188,TLTNLDAND,5
var,188,TLTNLDAAD,5
var,188,TLTNLDAVD,6
var,188,TLTNLDPND,6
var,188,TLTNLDPAD,6
var,188,TLTNLDPVD,7
var,188,TLTNVQSND,4
var,188,TLTNVQSAD,4
var,188,TLTNVQSVD,5
var,188,TLTNVQAND,4
var,188,TLTNVQAAD,5
var,188,TLTNVQAVD,5
var,188,TLTNVQPND,5
var,188,TLTNVQPAD,5
var,188,TLTNVQPVD,6
var,188,TLTNVTSND,4
var,188,TLTNVTSAD,5
var,188,TLTNVTSVD,5
var,188,TLTNVTAND,5
var,188,TLTNVTAAD,6
var,188,TLTNVTAVD,6
var,188,TLTNVTPND,5
var,188,TLTNVTPAD,5
var,188,TLTNVTPVD,6
var,188,TLTNVDSND,5
var,188,TLTNVDSAD,5
var,188,TLTNVDSVD,6
var,188,TLTNVDAND,5
var,188,TLTNVDAAD,5
var,188,TLTNVDAVD,6
var,188,TLTNVDPND,6
var,188,TLTNVDPAD,6
var,188,TLTNVDPVD,7
var,188,TLTNMQSND,5
var,188,TLTNMQSAD,5
var,188,TLTNMQSVD,6
var,188,TLTNMQAND,5
var,188,TLTNMQAAD,5
var,188,TLTNMQAVD,6
var,188,TLTNMQPND,6
var,188,TLTNMQPAD,6
var,188,TLTNMQPVD,7
var,188,TLTNMTSND,5
var,188,TLTNMTSAD,5
var,188,TLTNMTSVD,6
var,188,TLTNMTAND,5
var,188,TLTNMTAAD,5
var,188,TLTNMTAVD,6
var,188,TLTNMTPND,6
var,188,TLTNMTPAD,6
var,188,TLTNMTPVD,7
var,188,TLTNMDSND,6
var,188,TLTNMDSAD,6
var,188,TLTNMDSVD,7
var,188,TLTNMDAND,6
var,188,TLTNMDAAD,6
var,188,TLTNMDAVD,7
var,188,TLTNMDPND,7
var,188,TLTNMDPAD,7
var,188,TLTNMDPVD,8
wt,189,MNSLQSNDT,6
var,189,MNSLQSADT,6
var,189,MNSLQSVDT,6
var,189,MNSLQANDT,7
var,189,MNSLQAADT,7
var,189,MNSLQAVDT,7
var,189,MNSLQPNDT,6
var,189,MNSLQPADT,6
var,189,MNSLQPVDT,6
var,189,MNSLTSNDT,6
var,189,MNSLTSADT,6
var,189,MNSLTSVDT,6
var,189,MNSLTANDT,7
var,189,MNSLTAADT,7
var,189,MNSLTAVDT,7
var,189,MNSLTPNDT,6
var,189,MNSLTPADT,6
var,189,MNSLTPVDT,6
var,189,MNSLDSNDT,6
var,189,MNSLDSADT,6
var,189,MNSLDSVDT,6
var,189,MNSLDANDT,7
var,189,MNSLDAADT,7
var,189,MNSLDAVDT,7
var,189,MNSLDPNDT,6
var,189,MNSLDPADT,6
var,189,MNSLDPVDT,6
var,189,MNSVQSNDT,5
var,189,MNSVQSADT,5
var,189,MNSVQSVDT,5
var,189,MNSVQANDT,6
var,189,MNSVQAADT,6
var,189,MNSVQAVDT,6
var,189,MNSVQPNDT,6
var,189,MNSVQPADT,6
var,189,MNSVQPVDT,6
var,189,MNSVTSNDT,6
var,189,MNSVTSADT,6
var,189,MNSVTSVDT,6
var,189,MNSVTANDT,6
var,189,MNSVTAADT,7
var,189,MNSVTAVDT,7
var,189,MNSVTPNDT,7
var,189,MNSVTPADT,7
var,189,MNSVTPVDT,7
var,189,MNSVDSNDT,5
var,189,MNSVDSADT,5
var,189,MNSVDSVDT,5
var,189,MNSVDANDT,6
var,189,MNSVDAADT,6
var,189,MNSVDAVDT,6
var,189,MNSVDPNDT,6
var,189,MNSVDPADT,6
var,189,MNSVDPVDT,6
var,189,MNSMQSNDT,5
var,189,MNSMQSADT,5
var,189,MNSMQSVDT,5
var,189,MNSMQANDT,6
var,189,MNSMQAADT,6
var,189,MNSMQAVDT,6
var,189,MNSMQPNDT,5
var,189,MNSMQPADT,5
var,189,MNSMQPVDT,6
var,189,MNSMTSNDT,5
var,189,MNSMTSADT,5
var,189,MNSMTSVDT,5
var,189,MNSMTANDT,6
var,189,MNSMTAADT,6
var,189,MNSMTAVDT,6
var,189,MNSMTPNDT,6
var,189,MNSMTPADT,6
var,189,MNSMTPVDT,6
var,189,MNSMDSNDT,5
var,189,MNSMDSADT,5
var,189,MNSMDSVDT,6
var,189,MNSMDANDT,6
var,189,MNSMDAADT,6
var,189,MNSMDAVDT,6
var,189,MNSMDPNDT,6
var,189,MNSMDPADT,6
var,189,MNSMDPVDT,7
var,189,MNNLQSNDT,5
var,189,MNNLQSADT,5
var,189,MNNLQSVDT,5
var,189,MNNLQANDT,6
var,189,MNNLQAADT,6
var,189,MNNLQAVDT,6
var,189,MNNLQPNDT,5
var,189,MNNLQPADT,5
var,189,MNNLQPVDT,6
var,189,MNNLTSNDT,5
var,189,MNNLTSADT,5
var,189,MNNLTSVDT,5
var,189,MNNLTANDT,6
var,189,MNNLTAADT,6
var,189,MNNLTAVDT,6
var,189,MNNLTPNDT,5
var,189,MNNLTPADT,5
var,189,MNNLTPVDT,6
var,189,MNNLDSNDT,5
var,189,MNNLDSADT,5
var,189,MNNLDSVDT,6
var,189,MNNLDANDT,6
var,189,MNNLDAADT,6
var,189,MNNLDAVDT,6
var,189,MNNLDPNDT,6
var,189,MNNLDPADT,6
var,189,MNNLDPVDT,7
var,189,MNNVQSNDT,4
var,189,MNNVQSADT,4
var,189,MNNVQSVDT,5
var,189,MNNVQANDT,5
var,189,MNNVQAADT,5
var,189,MNNVQAVDT,5
var,189,MNNVQPNDT,5
var,189,MNNVQPADT,5
var,189,MNNVQPVDT,6
var,189,MNNVTSNDT,5
var,189,MNNVTSADT,5
var,189,MNNVTSVDT,5
var,189,MNNVTANDT,5
var,189,MNNVTAADT,6
var,189,MNNVTAVDT,6
var,189,MNNVTPNDT,6
var,189,MNNVTPADT,6
var,189,MNNVTPVDT,6
var,189,MNNVDSNDT,5
var,189,MNNVDSADT,5
var,189,MNNVDSVDT,6
var,189,MNNVDANDT,5
var,189,MNNVDAADT,5
var,189,MNNVDAVDT,6
var,189,MNNVDPNDT,6
var,189,MNNVDPADT,6
var,189,MNNVDPVDT,7
var,189,MNNMQSNDT,5
var,189,MNNMQSADT,5
var,189,MNNMQSVDT,6
var,189,MNNMQANDT,5
var,189,MNNMQAADT,5
var,189,MNNMQAVDT,6
var,189,MNNMQPNDT,6
var,189,MNNMQPADT,6
var,189,MNNMQPVDT,7
var,189,MNNMTSNDT,5
var,189,MNNMTSADT,5
var,189,MNNMTSVDT,6
var,189,MNNMTANDT,5
var,189,MNNMTAADT,5
var,189,MNNMTAVDT,6
var,189,MNNMTPNDT,6
var,189,MNNMTPADT,6
var,189,MNNMTPVDT,7
var,189,MNNMDSNDT,6
var,189,MNNMDSADT,6
var,189,MNNMDSVDT,7
var,189,MNNMDANDT,6
var,189,MNNMDAADT,6
var,189,MNNMDAVDT,7
var,189,MNNMDPNDT,7
var,189,MNNMDPADT,7
var,189,MNNMDPVDT,8
var,189,MSSLQSNDT,6
var,189,MSSLQSADT,6
var,189,MSSLQSVDT,6
var,189,MSSLQANDT,7
var,189,MSSLQAADT,7
var,189,MSSLQAVDT,7
var,189,MSSLQPNDT,6
var,189,MSSLQPADT,6
var,189,MSSLQPVDT,6
var,189,MSSLTSNDT,6
var,189,MSSLTSADT,6
var,189,MSSLTSVDT,6
var,189,MSSLTANDT,7
var,189,MSSLTAADT,7
var,189,MSSLTAVDT,7
var,189,MSSLTPNDT,6
var,189,MSSLTPADT,6
var,189,MSSLTPVDT,6
var,189,MSSLDSNDT,6
var,189,MSSLDSADT,6
var,189,MSSLDSVDT,6
var,189,MSSLDANDT,7
var,189,MSSLDAADT,7
var,189,MSSLDAVDT,7
var,189,MSSLDPNDT,6
var,189,MSSLDPADT,6
var,189,MSSLDPVDT,6
var,189,MSSVQSNDT,5
var,189,MSSVQSADT,6
var,189,MSSVQSVDT,6
var,189,MSSVQANDT,6
var,189,MSSVQAADT,7
var,189,MSSVQAVDT,7
var,189,MSSVQPNDT,5
var,189,MSSVQPADT,6
var,189,MSSVQPVDT,6
var,189,MSSVTSNDT,6
var,189,MSSVTSADT,7
var,189,MSSVTSVDT,7
var,189,MSSVTANDT,7
var,189,MSSVTAADT,8
var,189,MSSVTAVDT,8
var,189,MSSVTPNDT,6
var,189,MSSVTPADT,7
var,189,MSSVTPVDT,7
var,189,MSSVDSNDT,5
var,189,MSSVDSADT,6
var,189,MSSVDSVDT,6
var,189,MSSVDANDT,6
var,189,MSSVDAADT,7
var,189,MSSVDAVDT,7
var,189,MSSVDPNDT,5
var,189,MSSVDPADT,6
var,189,MSSVDPVDT,6
var,189,MSSMQSNDT,5
var,189,MSSMQSADT,5
var,189,MSSMQSVDT,5
var,189,MSSMQANDT,6
var,189,MSSMQAADT,6
var,189,MSSMQAVDT,6
var,189,MSSMQPNDT,5
var,189,MSSMQPADT,5
var,189,MSSMQPVDT,6
var,189,MSSMTSNDT,5
var,189,MSSMTSADT,6
var,189,MSSMTSVDT,6
var,189,MSSMTANDT,6
var,189,MSSMTAADT,7
var,189,MSSMTAVDT,7
var,189,MSSMTPNDT,5
var,189,MSSMTPADT,6
var,189,MSSMTPVDT,6
var,189,MSSMDSNDT,5
var,189,MSSMDSADT,5
var,189,MSSMDSVDT,6
var,189,MSSMDANDT,6
var,189,MSSMDAADT,6
var,189,MSSMDAVDT,6
var,189,MSSMDPNDT,6
var,189,MSSMDPADT,6
var,189,MSSMDPVDT,7
var,189,MSNLQSNDT,5
var,189,MSNLQSADT,5
var,189,MSNLQSVDT,5
var,189,MSNLQANDT,6
var,189,MSNLQAADT,6
var,189,MSNLQAVDT,6
var,189,MSNLQPNDT,5
var,189,MSNLQPADT,5
var,189,MSNLQPVDT,6
var,189,MSNLTSNDT,5
var,189,MSNLTSADT,5
var,189,MSNLTSVDT,5
var,189,MSNLTANDT,6
var,189,MSNLTAADT,6
var,189,MSNLTAVDT,6
var,189,MSNLTPNDT,5
var,189,MSNLTPADT,5
var,189,MSNLTPVDT,6
var,189,MSNLDSNDT,5
var,189,MSNLDSADT,5
var,189,MSNLDSVDT,6
var,189,MSNLDANDT,6
var,189,MSNLDAADT,6
var,189,MSNLDAVDT,6
var,189,MSNLDPNDT,6
var,189,MSNLDPADT,6
var,189,MSNLDPVDT,7
var,189,MSNVQSNDT,4
var,189,MSNVQSADT,5
var,189,MSNVQSVDT,5
var,189,MSNVQANDT,5
var,189,MSNVQAADT,6
var,189,MSNVQAVDT,6
var,189,MSNVQPNDT,5
var,189,MSNVQPADT,5
var,189,MSNVQPVDT,6
var,189,MSNVTSNDT,5
var,189,MSNVTSADT,6
var,189,MSNVTSVDT,6
var,189,MSNVTANDT,6
var,189,MSNVTAADT,7
var,189,MSNVTAVDT,7
var,189,MSNVTPNDT,5
var,189,MSNVTPADT,6
var,189,MSNVTPVDT,6
var,189,MSNVDSNDT,5
var,189,MSNVDSADT,5
var,189,MSNVDSVDT,6
var,189,MSNVDANDT,5
var,189,MSNVDAADT,6
var,189,MSNVDAVDT,6
var,189,MSNVDPNDT,6
var,189,MSNVDPADT,6
var,189,MSNVDPVDT,7
var,189,MSNMQSNDT,5
var,189,MSNMQSADT,5
var,189,MSNMQSVDT,6
var,189,MSNMQANDT,5
var,189,MSNMQAADT,5
var,189,MSNMQAVDT,6
var,189,MSNMQPNDT,6
var,189,MSNMQPADT,6
var,189,MSNMQPVDT,7
var,189,MSNMTSNDT,5
var,189,MSNMTSADT,5
var,189,MSNMTSVDT,6
var,189,MSNMTANDT,5
var,189,MSNMTAADT,6
var,189,MSNMTAVDT,6
var,189,MSNMTPNDT,6
var,189,MSNMTPADT,6
var,189,MSNMTPVDT,7
var,189,MSNMDSNDT,6
var,189,MSNMDSADT,6
var,189,MSNMDSVDT,7
var,189,MSNMDANDT,6
var,189,MSNMDAADT,6
var,189,MSNMDAVDT,7
var,189,MSNMDPNDT,7
var,189,MSNMDPADT,7
var,189,MSNMDPVDT,8
var,189,MTSLQSNDT,5
var,189,MTSLQSADT,5
var,189,MTSLQSVDT,5
var,189,MTSLQANDT,6
var,189,MTSLQAADT,6
var,189,MTSLQAVDT,6
var,189,MTSLQPNDT,5
var,189,MTSLQPADT,5
var,189,MTSLQPVDT,6
var,189,MTSLTSNDT,5
var,189,MTSLTSADT,5
var,189,MTSLTSVDT,5
var,189,MTSLTANDT,6
var,189,MTSLTAADT,6
var,189,MTSLTAVDT,6
var,189,MTSLTPNDT,5
var,189,MTSLTPADT,5
var,189,MTSLTPVDT,6
var,189,MTSLDSNDT,5
var,189,MTSLDSADT,5
var,189,MTSLDSVDT,6
var,189,MTSLDANDT,6
var,189,MTSLDAADT,6
var,189,MTSLDAVDT,6
var,189,MTSLDPNDT,6
var,189,MTSLDPADT,6
var,189,MTSLDPVDT,7
var,189,MTSVQSNDT,4
var,189,MTSVQSADT,5
var,189,MTSVQSVDT,5
var,189,MTSVQANDT,5
var,189,MTSVQAADT,6
var,189,MTSVQAVDT,6
var,189,MTSVQPNDT,5
var,189,MTSVQPADT,5
var,189,MTSVQPVDT,6
var,189,MTSVTSNDT,5
var,189,MTSVTSADT,6
var,189,MTSVTSVDT,6
var,189,MTSVTANDT,6
var,189,MTSVTAADT,7
var,189,MTSVTAVDT,7
var,189,MTSVTPNDT,6
var,189,MTSVTPADT,6
var,189,MTSVTPVDT,6
var,189,MTSVDSNDT,5
var,189,MTSVDSADT,5
var,189,MTSVDSVDT,6
var,189,MTSVDANDT,5
var,189,MTSVDAADT,6
var,189,MTSVDAVDT,6
var,189,MTSVDPNDT,6
var,189,MTSVDPADT,6
var,189,MTSVDPVDT,7
var,189,MTSMQSNDT,5
var,189,MTSMQSADT,5
var,189,MTSMQSVDT,6
var,189,MTSMQANDT,5
var,189,MTSMQAADT,5
var,189,MTSMQAVDT,6
var,189,MTSMQPNDT,6
var,189,MTSMQPADT,6
var,189,MTSMQPVDT,7
var,189,MTSMTSNDT,5
var,189,MTSMTSADT,5
var,189,MTSMTSVDT,6
var,189,MTSMTANDT,5
var,189,MTSMTAADT,6
var,189,MTSMTAVDT,6
var,189,MTSMTPNDT,6
var,189,MTSMTPADT,6
var,189,MTSMTPVDT,7
var,189,MTSMDSNDT,6
var,189,MTSMDSADT,6
var,189,MTSMDSVDT,7
var,189,MTSMDANDT,6
var,189,MTSMDAADT,6
var,189,MTSMDAVDT,7
var,189,MTSMDPNDT,7
var,189,MTSMDPADT,7
var,189,MTSMDPVDT,8
var,189,MTNLQSNDT,5
var,189,MTNLQSADT,5
var,189,MTNLQSVDT,6
var,189,MTNLQANDT,5
var,189,MTNLQAADT,5
var,189,MTNLQAVDT,6
var,189,MTNLQPNDT,6
var,189,MTNLQPADT,6
var,189,MTNLQPVDT,7
var,189,MTNLTSNDT,5
var,189,MTNLTSADT,5
var,189,MTNLTSVDT,6
var,189,MTNLTANDT,5
var,189,MTNLTAADT,5
var,189,MTNLTAVDT,6
var,189,MTNLTPNDT,6
var,189,MTNLTPADT,6
var,189,MTNLTPVDT,7
var,189,MTNLDSNDT,6
var,189,MTNLDSADT,6
var,189,MTNLDSVDT,7
var,189,MTNLDANDT,6
var,189,MTNLDAADT,6
var,189,MTNLDAVDT,7
var,189,MTNLDPNDT,7
var,189,MTNLDPADT,7
var,189,MTNLDPVDT,8
var,189,MTNVQSNDT,5
var,189,MTNVQSADT,5
var,189,MTNVQSVDT,6
var,189,MTNVQANDT,5
var,189,MTNVQAADT,5
var,189,MTNVQAVDT,6
var,189,MTNVQPNDT,6
var,189,MTNVQPADT,6
var,189,MTNVQPVDT,7
var,189,MTNVTSNDT,5
var,189,MTNVTSADT,5
var,189,MTNVTSVDT,6
var,189,MTNVTANDT,5
var,189,MTNVTAADT,6
var,189,MTNVTAVDT,6
var,189,MTNVTPNDT,6
var,189,MTNVTPADT,6
var,189,MTNVTPVDT,7
var,189,MTNVDSNDT,6
var,189,MTNVDSADT,6
var,189,MTNVDSVDT,7
var,189,MTNVDANDT,6
var,189,MTNVDAADT,6
var,189,MTNVDAVDT,7
var,189,MTNVDPNDT,7
var,189,MTNVDPADT,7
var,189,MTNVDPVDT,8
var,189,MTNMQSNDT,6
var,189,MTNMQSADT,6
var,189,MTNMQSVDT,7
var,189,MTNMQANDT,6
var,189,MTNMQAADT,6
var,189,MTNMQAVDT,7
var,189,MTNMQPNDT,7
var,189,MTNMQPADT,7
var,189,MTNMQPVDT,8
var,189,MTNMTSNDT,6
var,189,MTNMTSADT,6
var,189,MTNMTSVDT,7
var,189,MTNMTANDT,6
var,189,MTNMTAADT,6
var,189,MTNMTAVDT,7
var,189,MTNMTPNDT,7
var,189,MTNMTPADT,7
var,189,MTNMTPVDT,8
var,189,MTNMDSNDT,7
var,189,MTNMDSADT,7
var,189,MTNMDSVDT,8
var,189,MTNMDANDT,7
var,189,MTNMDAADT,7
var,189,MTNMDAVDT,8
var,189,MTNMDPNDT,8
var,189,MTNMDPADT,8
var,189,MTNMDPVDT,9
var,189,LNSLQSNDT,6
var,189,LNSLQSADT,6
var,189,LNSLQSVDT,6
var,189,LNSLQANDT,6
var,189,LNSLQAADT,6
var,189,LNSLQAVDT,6
var,189,LNSLQPNDT,6
var,189,LNSLQPADT,6
var,189,LNSLQPVDT,6
var,189,LNSLTSNDT,6
var,189,LNSLTSADT,6
var,189,LNSLTSVDT,6
var,189,LNSLTANDT,6
var,189,LNSLTAADT,7
var,189,LNSLTAVDT,7
var,189,LNSLTPNDT,7
var,189,LNSLTPADT,7
var,189,LNSLTPVDT,7
var,189,LNSLDSNDT,6
var,189,LNSLDSADT,6
var,189,LNSLDSVDT,6
var,189,LNSLDANDT,6
var,189,LNSLDAADT,6
var,189,LNSLDAVDT,6
var,189,LNSLDPNDT,6
var,189,LNSLDPADT,6
var,189,LNSLDPVDT,6
var,189,LNSVQSNDT,6
var,189,LNSVQSADT,6
var,189,LNSVQSVDT,6
var,189,LNSVQANDT,6
var,189,LNSVQAADT,7
var,189,LNSVQAVDT,7
var,189,LNSVQPNDT,7
var,189,LNSVQPADT,7
var,189,LNSVQPVDT,7
var,189,LNSVTSNDT,7
var,189,LNSVTSADT,7
var,189,LNSVTSVDT,7
var,189,LNSVTANDT,7
var,189,LNSVTAADT,8
var,189,LNSVTAVDT,8
var,189,LNSVTPNDT,8
var,189,LNSVTPADT,8
var,189,LNSVTPVDT,8
var,189,LNSVDSNDT,6
var,189,LNSVDSADT,6
var,189,LNSVDSVDT,6
var,189,LNSVDANDT,6
var,189,LNSVDAADT,7
var,189,LNSVDAVDT,7
var,189,LNSVDPNDT,7
var,189,LNSVDPADT,7
var,189,LNSVDPVDT,7
var,189,LNSMQSNDT,5
var,189,LNSMQSADT,5
var,189,LNSMQSVDT,5
var,189,LNSMQANDT,5
var,189,LNSMQAADT,6
var,189,LNSMQAVDT,6
var,189,LNSMQPNDT,6
var,189,LNSMQPADT,6
var,189,LNSMQPVDT,6
var,189,LNSMTSNDT,6
var,189,LNSMTSADT,6
var,189,LNSMTSVDT,6
var,189,LNSMTANDT,6
var,189,LNSMTAADT,7
var,189,LNSMTAVDT,7
var,189,LNSMTPNDT,7
var,189,LNSMTPADT,7
var,189,LNSMTPVDT,7
var,189,LNSMDSNDT,5
var,189,LNSMDSADT,5
var,189,LNSMDSVDT,5
var,189,LNSMDANDT,5
var,189,LNSMDAADT,6
var,189,LNSMDAVDT,6
var,189,LNSMDPNDT,6
var,189,LNSMDPADT,6
var,189,LNSMDPVDT,6
var,189,LNNLQSNDT,5
var,189,LNNLQSADT,5
var,189,LNNLQSVDT,5
var,189,LNNLQANDT,5
var,189,LNNLQAADT,5
var,189,LNNLQAVDT,5
var,189,LNNLQPNDT,5
var,189,LNNLQPADT,5
var,189,LNNLQPVDT,5
var,189,LNNLTSNDT,5
var,189,LNNLTSADT,5
var,189,LNNLTSVDT,5
var,189,LNNLTANDT,5
var,189,LNNLTAADT,6
var,189,LNNLTAVDT,6
var,189,LNNLTPNDT,6
var,189,LNNLTPADT,6
var,189,LNNLTPVDT,6
var,189,LNNLDSNDT,5
var,189,LNNLDSADT,5
var,189,LNNLDSVDT,5
var,189,LNNLDANDT,5
var,189,LNNLDAADT,5
var,189,LNNLDAVDT,5
var,189,LNNLDPNDT,5
var,189,LNNLDPADT,5
var,189,LNNLDPVDT,6
var,189,LNNVQSNDT,5
var,189,LNNVQSADT,5
var,189,LNNVQSVDT,5
var,189,LNNVQANDT,5
var,189,LNNVQAADT,6
var,189,LNNVQAVDT,6
var,189,LNNVQPNDT,6
var,189,LNNVQPADT,6
var,189,LNNVQPVDT,6
var,189,LNNVTSNDT,6
var,189,LNNVTSADT,6
var,189,LNNVTSVDT,6
var,189,LNNVTANDT,6
var,189,LNNVTAADT,7
var,189,LNNVTAVDT,7
var,189,LNNVTPNDT,7
var,189,LNNVTPADT,7
var,189,LNNVTPVDT,7
var,189,LNNVDSNDT,5
var,189,LNNVDSADT,5
var,189,LNNVDSVDT,5
var,189,LNNVDANDT,5
var,189,LNNVDAADT,6
var,189,LNNVDAVDT,6
var,189,LNNVDPNDT,6
var,189,LNNVDPADT,6
var,189,LNNVDPVDT,6
var,189,LNNMQSNDT,4
var,189,LNNMQSADT,4
var,189,LNNMQSVDT,5
var,189,LNNMQANDT,4
var,189,LNNMQAADT,5
var,189,LNNMQAVDT,5
var,189,LNNMQPNDT,5
var,189,LNNMQPADT,5
var,189,LNNMQPVDT,6
var,189,LNNMTSNDT,5
var,189,LNNMTSADT,5
var,189,LNNMTSVDT,5
var,189,LNNMTANDT,5
var,189,LNNMTAADT,6
var,189,LNNMTAVDT,6
var,189,LNNMTPNDT,6
var,189,LNNMTPADT,6
var,189,LNNMTPVDT,6
var,189,LNNMDSNDT,5
var,189,LNNMDSADT,5
var,189,LNNMDSVDT,6
var,189,LNNMDANDT,5
var,189,LNNMDAADT,5
var,189,LNNMDAVDT,6
var,189,LNNMDPNDT,6
var,189,LNNMDPADT,6
var,189,LNNMDPVDT,7
var,189,LSSLQSNDT,7
var,189,LSSLQSADT,7
var,189,LSSLQSVDT,7
var,189,LSSLQANDT,6
var,189,LSSLQAADT,7
var,189,LSSLQAVDT,7
var,189,LSSLQPNDT,6
var,189,LSSLQPADT,6
var,189,LSSLQPVDT,6
var,189,LSSLTSNDT,7
var,189,LSSLTSADT,7
var,189,LSSLTSVDT,7
var,189,LSSLTANDT,7
var,189,LSSLTAADT,8
var,189,LSSLTAVDT,8
var,189,LSSLTPNDT,6
var,189,LSSLTPADT,7
var,189,LSSLTPVDT,7
var,189,LSSLDSNDT,7
var,189,LSSLDSADT,7
var,189,LSSLDSVDT,7
var,189,LSSLDANDT,6
var,189,LSSLDAADT,7
var,189,LSSLDAVDT,7
var,189,LSSLDPNDT,6
var,189,LSSLDPADT,6
var,189,LSSLDPVDT,6
var,189,LSSVQSNDT,6
var,189,LSSVQSADT,7
var,189,LSSVQSVDT,7
var,189,LSSVQANDT,7
var,189,LSSVQAADT,8
var,189,LSSVQAVDT,8
var,189,LSSVQPNDT,6
var,189,LSSVQPADT,7
var,189,LSSVQPVDT,7
var,189,LSSVTSNDT,7
var,189,LSSVTSADT,8
var,189,LSSVTSVDT,8
var,189,LSSVTANDT,8
var,189,LSSVTAADT,9
var,189,LSSVTAVDT,9
var,189,LSSVTPNDT,7
var,189,LSSVTPADT,8
var,189,LSSVTPVDT,8
var,189,LSSVDSNDT,6
var,189,LSSVDSADT,7
var,189,LSSVDSVDT,7
var,189,LSSVDANDT,7
var,189,LSSVDAADT,8
var,189,LSSVDAVDT,8
var,189,LSSVDPNDT,6
var,189,LSSVDPADT,7
var,189,LSSVDPVDT,7
var,189,LSSMQSNDT,6
var,189,LSSMQSADT,6
var,189,LSSMQSVDT,6
var,189,LSSMQANDT,6
var,189,LSSMQAADT,7
var,189,LSSMQAVDT,7
var,189,LSSMQPNDT,5
var,189,LSSMQPADT,6
var,189,LSSMQPVDT,6
var,189,LSSMTSNDT,6
var,189,LSSMTSADT,7
var,189,LSSMTSVDT,7
var,189,LSSMTANDT,7
var,189,LSSMTAADT,8
var,189,LSSMTAVDT,8
var,189,LSSMTPNDT,6
var,189,LSSMTPADT,7
var,189,LSSMTPVDT,7
var,189,LSSMDSNDT,6
var,189,LSSMDSADT,6
var,189,LSSMDSVDT,6
var,189,LSSMDANDT,6
var,189,LSSMDAADT,7
var,189,LSSMDAVDT,7
var,189,LSSMDPNDT,5
var,189,LSSMDPADT,6
var,189,LSSMDPVDT,6
var,189,LSNLQSNDT,6
var,189,LSNLQSADT,6
var,189,LSNLQSVDT,6
var,189,LSNLQANDT,5
var,189,LSNLQAADT,6
var,189,LSNLQAVDT,6
var,189,LSNLQPNDT,5
var,189,LSNLQPADT,5
var,189,LSNLQPVDT,5
var,189,LSNLTSNDT,6
var,189,LSNLTSADT,6
var,189,LSNLTSVDT,6
var,189,LSNLTANDT,6
var,189,LSNLTAADT,7
var,189,LSNLTAVDT,7
var,189,LSNLTPNDT,5
var,189,LSNLTPADT,6
var,189,LSNLTPVDT,6
var,189,LSNLDSNDT,6
var,189,LSNLDSADT,6
var,189,LSNLDSVDT,6
var,189,LSNLDANDT,5
var,189,LSNLDAADT,6
var,189,LSNLDAVDT,6
var,189,LSNLDPNDT,5
var,189,LSNLDPADT,5
var,189,LSNLDPVDT,6
var,189,LSNVQSNDT,5
var,189,LSNVQSADT,6
var,189,LSNVQSVDT,6
var,189,LSNVQANDT,6
var,189,LSNVQAADT,7
var,189,LSNVQAVDT,7
var,189,LSNVQPNDT,5
var,189,LSNVQPADT,6
var,189,LSNVQPVDT,6
var,189,LSNVTSNDT,6
var,189,LSNVTSADT,7
var,189,LSNVTSVDT,7
var,189,LSNVTANDT,7
var,189,LSNVTAADT,8
var,189,LSNVTAVDT,8
var,189,LSNVTPNDT,6
var,189,LSNVTPADT,7
var,189,LSNVTPVDT,7
var,189,LSNVDSNDT,5
var,189,LSNVDSADT,6
var,189,LSNVDSVDT,6
var,189,LSNVDANDT,6
var,189,LSNVDAADT,7
var,189,LSNVDAVDT,7
var,189,LSNVDPNDT,5
var,189,LSNVDPADT,6
var,189,LSNVDPVDT,6
var,189,LSNMQSNDT,5
var,189,LSNMQSADT,5
var,189,LSNMQSVDT,5
var,189,LSNMQANDT,5
var,189,LSNMQAADT,6
var,189,LSNMQAVDT,6
var,189,LSNMQPNDT,5
var,189,LSNMQPADT,5
var,189,LSNMQPVDT,6
var,189,LSNMTSNDT,5
var,189,LSNMTSADT,6
var,189,LSNMTSVDT,6
var,189,LSNMTANDT,6
var,189,LSNMTAADT,7
var,189,LSNMTAVDT,7
var,189,LSNMTPNDT,5
var,189,LSNMTPADT,6
var,189,LSNMTPVDT,6
var,189,LSNMDSNDT,5
var,189,LSNMDSADT,5
var,189,LSNMDSVDT,6
var,189,LSNMDANDT,5
var,189,LSNMDAADT,6
var,189,LSNMDAVDT,6
var,189,LSNMDPNDT,6
var,189,LSNMDPADT,6
var,189,LSNMDPVDT,7
var,189,LTSLQSNDT,6
var,189,LTSLQSADT,6
var,189,LTSLQSVDT,6
var,189,LTSLQANDT,5
var,189,LTSLQAADT,6
var,189,LTSLQAVDT,6
var,189,LTSLQPNDT,5
var,189,LTSLQPADT,5
var,189,LTSLQPVDT,5
var,189,LTSLTSNDT,6
var,189,LTSLTSADT,6
var,189,LTSLTSVDT,6
var,189,LTSLTANDT,6
var,189,LTSLTAADT,7
var,189,LTSLTAVDT,7
var,189,LTSLTPNDT,6
var,189,LTSLTPADT,6
var,189,LTSLTPVDT,6
var,189,LTSLDSNDT,6
var,189,LTSLDSADT,6
var,189,LTSLDSVDT,6
var,189,LTSLDANDT,5
var,189,LTSLDAADT,6
var,189,LTSLDAVDT,6
var,189,LTSLDPNDT,5
var,189,LTSLDPADT,5
var,189,LTSLDPVDT,6
var,189,LTSVQSNDT,5
var,189,LTSVQSADT,6
var,189,LTSVQSVDT,6
var,189,LTSVQANDT,6
var,189,LTSVQAADT,7
var,189,LTSVQAVDT,7
var,189,LTSVQPNDT,6
var,189,LTSVQPADT,6
var,189,LTSVQPVDT,6
var,189,LTSVTSNDT,6
var,189,LTSVTSADT,7
var,189,LTSVTSVDT,7
var,189,LTSVTANDT,7
var,189,LTSVTAADT,8
var,189,LTSVTAVDT,8
var,189,LTSVTPNDT,7
var,189,LTSVTPADT,7
var,189,LTSVTPVDT,7
var,189,LTSVDSNDT,5
var,189,LTSVDSADT,6
var,189,LTSVDSVDT,6
var,189,LTSVDANDT,6
var,189,LTSVDAADT,7
var,189,LTSVDAVDT,7
var,189,LTSVDPNDT,6
var,189,LTSVDPADT,6
var,189,LTSVDPVDT,6
var,189,LTSMQSNDT,5
var,189,LTSMQSADT,5
var,189,LTSMQSVDT,5
var,189,LTSMQANDT,5
var,189,LTSMQAADT,6
var,189,LTSMQAVDT,6
var,189,LTSMQPNDT,5
var,189,LTSMQPADT,5
var,189,LTSMQPVDT,6
var,189,LTSMTSNDT,5
var,189,LTSMTSADT,6
var,189,LTSMTSVDT,6
var,189,LTSMTANDT,6
var,189,LTSMTAADT,7
var,189,LTSMTAVDT,7
var,189,LTSMTPNDT,6
var,189,LTSMTPADT,6
var,189,LTSMTPVDT,6
var,189,LTSMDSNDT,5
var,189,LTSMDSADT,5
var,189,LTSMDSVDT,6
var,189,LTSMDANDT,5
var,189,LTSMDAADT,6
var,189,LTSMDAVDT,6
var,189,LTSMDPNDT,6
var,189,LTSMDPADT,6
var,189,LTSMDPVDT,7
var,189,LTNLQSNDT,5
var,189,LTNLQSADT,5
var,189,LTNLQSVDT,5
var,189,LTNLQANDT,4
var,189,LTNLQAADT,5
var,189,LTNLQAVDT,5
var,189,LTNLQPNDT,5
var,189,LTNLQPADT,5
var,189,LTNLQPVDT,6
var,189,LTNLTSNDT,5
var,189,LTNLTSADT,5
var,189,LTNLTSVDT,5
var,189,LTNLTANDT,5
var,189,LTNLTAADT,6
var,189,LTNLTAVDT,6
var,189,LTNLTPNDT,5
var,189,LTNLTPADT,5
var,189,LTNLTPVDT,6
var,189,LTNLDSNDT,5
var,189,LTNLDSADT,5
var,189,LTNLDSVDT,6
var,189,LTNLDANDT,5
var,189,LTNLDAADT,5
var,189,LTNLDAVDT,6
var,189,LTNLDPNDT,6
var,189,LTNLDPADT,6
var,189,LTNLDPVDT,7
var,189,LTNVQSNDT,4
var,189,LTNVQSADT,5
var,189,LTNVQSVDT,5
var,189,LTNVQANDT,5
var,189,LTNVQAADT,6
var,189,LTNVQAVDT,6
var,189,LTNVQPNDT,5
var,189,LTNVQPADT,5
var,189,LTNVQPVDT,6
var,189,LTNVTSNDT,5
var,189,LTNVTSADT,6
var,189,LTNVTSVDT,6
var,189,LTNVTANDT,6
var,189,LTNVTAADT,7
var,189,LTNVTAVDT,7
var,189,LTNVTPNDT,6
var,189,LTNVTPADT,6
var,189,LTNVTPVDT,6
var,189,LTNVDSNDT,5
var,189,LTNVDSADT,5
var,189,LTNVDSVDT,6
var,189,LTNVDANDT,5
var,189,LTNVDAADT,6
var,189,LTNVDAVDT,6
var,189,LTNVDPNDT,6
var,189,LTNVDPADT,6
var,189,LTNVDPVDT,7
var,189,LTNMQSNDT,5
var,189,LTNMQSADT,5
var,189,LTNMQSVDT,6
var,189,LTNMQANDT,5
var,189,LTNMQAADT,5
var,189,LTNMQAVDT,6
var,189,LTNMQPNDT,6
var,189,LTNMQPADT,6
var,189,LTNMQPVDT,7
var,189,LTNMTSNDT,5
var,189,LTNMTSADT,5
var,189,LTNMTSVDT,6
var,189,LTNMTANDT,5
var,189,LTNMTAADT,6
var,189,LTNMTAVDT,6
var,189,LTNMTPNDT,6
var,189,LTNMTPADT,6
var,189,LTNMTPVDT,7
var,189,LTNMDSNDT,6
var,189,LTNMDSADT,6
var,189,LTNMDSVDT,7
var,189,LTNMDANDT,6
var,189,LTNMDAADT,6
var,189,LTNMDAVDT,7
var,189,LTNMDPNDT,7
var,189,LTNMDPADT,7
var,189,LTNMDPVDT,8
wt,190,NSLQSNDTA,6
var,190,NSLQSADTA,6
var,190,NSLQSVDTA,6
var,190,NSLQANDTA,7
var,190,NSLQAADTA,7
var,190,NSLQAVDTA,7
var,190,NSLQPNDTA,6
var,190,NSLQPADTA,6
var,190,NSLQPVDTA,6
var,190,NSLTSNDTA,6
var,190,NSLTSADTA,6
var,190,NSLTSVDTA,6
var,190,NSLTANDTA,7
var,190,NSLTAADTA,7
var,190,NSLTAVDTA,7
var,190,NSLTPNDTA,7
var,190,NSLTPADTA,7
var,190,NSLTPVDTA,7
var,190,NSLDSNDTA,6
var,190,NSLDSADTA,6
var,190,NSLDSVDTA,6
var,190,NSLDANDTA,7
var,190,NSLDAADTA,7
var,190,NSLDAVDTA,7
var,190,NSLDPNDTA,6
var,190,NSLDPADTA,6
var,190,NSLDPVDTA,6
var,190,NSVQSNDTA,6
var,190,NSVQSADTA,6
var,190,NSVQSVDTA,6
var,190,NSVQANDTA,6
var,190,NSVQAADTA,7
var,190,NSVQAVDTA,7
var,190,NSVQPNDTA,7
var,190,NSVQPADTA,7
var,190,NSVQPVDTA,7
var,190,NSVTSNDTA,7
var,190,NSVTSADTA,7
var,190,NSVTSVDTA,7
var,190,NSVTANDTA,7
var,190,NSVTAADTA,8
var,190,NSVTAVDTA,8
var,190,NSVTPNDTA,8
var,190,NSVTPADTA,8
var,190,NSVTPVDTA,8
var,190,NSVDSNDTA,6
var,190,NSVDSADTA,6
var,190,NSVDSVDTA,6
var,190,NSVDANDTA,6
var,190,NSVDAADTA,7
var,190,NSVDAVDTA,7
var,190,NSVDPNDTA,7
var,190,NSVDPADTA,7
var,190,NSVDPVDTA,7
var,190,NSMQSNDTA,5
var,190,NSMQSADTA,5
var,190,NSMQSVDTA,5
var,190,NSMQANDTA,6
var,190,NSMQAADTA,6
var,190,NSMQAVDTA,6
var,190,NSMQPNDTA,6
var,190,NSMQPADTA,6
var,190,NSMQPVDTA,6
var,190,NSMTSNDTA,6
var,190,NSMTSADTA,6
var,190,NSMTSVDTA,6
var,190,NSMTANDTA,6
var,190,NSMTAADTA,7
var,190,NSMTAVDTA,7
var,190,NSMTPNDTA,7
var,190,NSMTPADTA,7
var,190,NSMTPVDTA,7
var,190,NSMDSNDTA,5
var,190,NSMDSADTA,5
var,190,NSMDSVDTA,6
var,190,NSMDANDTA,6
var,190,NSMDAADTA,6
var,190,NSMDAVDTA,6
var,190,NSMDPNDTA,6
var,190,NSMDPADTA,6
var,190,NSMDPVDTA,7
var,190,NNLQSNDTA,5
var,190,NNLQSADTA,5
var,190,NNLQSVDTA,5
var,190,NNLQANDTA,6
var,190,NNLQAADTA,6
var,190,NNLQAVDTA,6
var,190,NNLQPNDTA,5
var,190,NNLQPADTA,5
var,190,NNLQPVDTA,6
var,190,NNLTSNDTA,5
var,190,NNLTSADTA,5
var,190,NNLTSVDTA,5
var,190,NNLTANDTA,6
var,190,NNLTAADTA,6
var,190,NNLTAVDTA,6
var,190,NNLTPNDTA,6
var,190,NNLTPADTA,6
var,190,NNLTPVDTA,6
var,190,NNLDSNDTA,5
var,190,NNLDSADTA,5
var,190,NNLDSVDTA,6
var,190,NNLDANDTA,6
var,190,NNLDAADTA,6
var,190,NNLDAVDTA,6
var,190,NNLDPNDTA,6
var,190,NNLDPADTA,6
var,190,NNLDPVDTA,7
var,190,NNVQSNDTA,5
var,190,NNVQSADTA,5
var,190,NNVQSVDTA,5
var,190,NNVQANDTA,5
var,190,NNVQAADTA,6
var,190,NNVQAVDTA,6
var,190,NNVQPNDTA,6
var,190,NNVQPADTA,6
var,190,NNVQPVDTA,6
var,190,NNVTSNDTA,6
var,190,NNVTSADTA,6
var,190,NNVTSVDTA,6
var,190,NNVTANDTA,6
var,190,NNVTAADTA,7
var,190,NNVTAVDTA,7
var,190,NNVTPNDTA,7
var,190,NNVTPADTA,7
var,190,NNVTPVDTA,7
var,190,NNVDSNDTA,5
var,190,NNVDSADTA,5
var,190,NNVDSVDTA,6
var,190,NNVDANDTA,5
var,190,NNVDAADTA,6
var,190,NNVDAVDTA,6
var,190,NNVDPNDTA,6
var,190,NNVDPADTA,6
var,190,NNVDPVDTA,7
var,190,NNMQSNDTA,5
var,190,NNMQSADTA,5
var,190,NNMQSVDTA,6
var,190,NNMQANDTA,5
var,190,NNMQAADTA,5
var,190,NNMQAVDTA,6
var,190,NNMQPNDTA,6
var,190,NNMQPADTA,6
var,190,NNMQPVDTA,7
var,190,NNMTSNDTA,5
var,190,NNMTSADTA,5
var,190,NNMTSVDTA,6
var,190,NNMTANDTA,5
var,190,NNMTAADTA,6
var,190,NNMTAVDTA,6
var,190,NNMTPNDTA,6
var,190,NNMTPADTA,6
var,190,NNMTPVDTA,7
var,190,NNMDSNDTA,6
var,190,NNMDSADTA,6
var,190,NNMDSVDTA,7
var,190,NNMDANDTA,6
var,190,NNMDAADTA,6
var,190,NNMDAVDTA,7
var,190,NNMDPNDTA,7
var,190,NNMDPADTA,7
var,190,NNMDPVDTA,8
var,190,SSLQSNDTA,7
var,190,SSLQSADTA,7
var,190,SSLQSVDTA,7
var,190,SSLQANDTA,7
var,190,SSLQAADTA,7
var,190,SSLQAVDTA,7
var,190,SSLQPNDTA,6
var,190,SSLQPADTA,6
var,190,SSLQPVDTA,6
var,190,SSLTSNDTA,7
var,190,SSLTSADTA,7
var,190,SSLTSVDTA,7
var,190,SSLTANDTA,7
var,190,SSLTAADTA,8
var,190,SSLTAVDTA,8
var,190,SSLTPNDTA,6
var,190,SSLTPADTA,7
var,190,SSLTPVDTA,7
var,190,SSLDSNDTA,7
var,190,SSLDSADTA,7
var,190,SSLDSVDTA,7
var,190,SSLDANDTA,7
var,190,SSLDAADTA,7
var,190,SSLDAVDTA,7
var,190,SSLDPNDTA,6
var,190,SSLDPADTA,6
var,190,SSLDPVDTA,6
var,190,SSVQSNDTA,6
var,190,SSVQSADTA,7
var,190,SSVQSVDTA,7
var,190,SSVQANDTA,7
var,190,SSVQAADTA,8
var,190,SSVQAVDTA,8
var,190,SSVQPNDTA,6
var,190,SSVQPADTA,7
var,190,SSVQPVDTA,7
var,190,SSVTSNDTA,7
var,190,SSVTSADTA,8
var,190,SSVTSVDTA,8
var,190,SSVTANDTA,8
var,190,SSVTAADTA,9
var,190,SSVTAVDTA,9
var,190,SSVTPNDTA,7
var,190,SSVTPADTA,8
var,190,SSVTPVDTA,8
var,190,SSVDSNDTA,6
var,190,SSVDSADTA,7
var,190,SSVDSVDTA,7
var,190,SSVDANDTA,7
var,190,SSVDAADTA,8
var,190,SSVDAVDTA,8
var,190,SSVDPNDTA,6
var,190,SSVDPADTA,7
var,190,SSVDPVDTA,7
var,190,SSMQSNDTA,6
var,190,SSMQSADTA,6
var,190,SSMQSVDTA,6
var,190,SSMQANDTA,6
var,190,SSMQAADTA,7
var,190,SSMQAVDTA,7
var,190,SSMQPNDTA,5
var,190,SSMQPADTA,6
var,190,SSMQPVDTA,6
var,190,SSMTSNDTA,6
var,190,SSMTSADTA,7
var,190,SSMTSVDTA,7
var,190,SSMTANDTA,7
var,190,SSMTAADTA,8
var,190,SSMTAVDTA,8
var,190,SSMTPNDTA,6
var,190,SSMTPADTA,7
var,190,SSMTPVDTA,7
var,190,SSMDSNDTA,6
var,190,SSMDSADTA,6
var,190,SSMDSVDTA,6
var,190,SSMDANDTA,6
var,190,SSMDAADTA,7
var,190,SSMDAVDTA,7
var,190,SSMDPNDTA,6
var,190,SSMDPADTA,6
var,190,SSMDPVDTA,7
var,190,SNLQSNDTA,6
var,190,SNLQSADTA,6
var,190,SNLQSVDTA,6
var,190,SNLQANDTA,6
var,190,SNLQAADTA,6
var,190,SNLQAVDTA,6
var,190,SNLQPNDTA,5
var,190,SNLQPADTA,5
var,190,SNLQPVDTA,6
var,190,SNLTSNDTA,6
var,190,SNLTSADTA,6
var,190,SNLTSVDTA,6
var,190,SNLTANDTA,6
var,190,SNLTAADTA,7
var,190,SNLTAVDTA,7
var,190,SNLTPNDTA,5
var,190,SNLTPADTA,6
var,190,SNLTPVDTA,6
var,190,SNLDSNDTA,6
var,190,SNLDSADTA,6
var,190,SNLDSVDTA,6
var,190,SNLDANDTA,6
var,190,SNLDAADTA,6
var,190,SNLDAVDTA,6
var,190,SNLDPNDTA,6
var,190,SNLDPADTA,6
var,190,SNLDPVDTA,7
var,190,SNVQSNDTA,5
var,190,SNVQSADTA,6
var,190,SNVQSVDTA,6
var,190,SNVQANDTA,6
var,190,SNVQAADTA,7
var,190,SNVQAVDTA,7
var,190,SNVQPNDTA,5
var,190,SNVQPADTA,6
var,190,SNVQPVDTA,6
var,190,SNVTSNDTA,6
var,190,SNVTSADTA,7
var,190,SNVTSVDTA,7
var,190,SNVTANDTA,7
var,190,SNVTAADTA,8
var,190,SNVTAVDTA,8
var,190,SNVTPNDTA,6
var,190,SNVTPADTA,7
var,190,SNVTPVDTA,7
var,190,SNVDSNDTA,5
var,190,SNVDSADTA,6
var,190,SNVDSVDTA,6
var,190,SNVDANDTA,6
var,190,SNVDAADTA,7
var,190,SNVDAVDTA,7
var,190,SNVDPNDTA,6
var,190,SNVDPADTA,6
var,190,SNVDPVDTA,7
var,190,SNMQSNDTA,5
var,190,SNMQSADTA,5
var,190,SNMQSVDTA,6
var,190,SNMQANDTA,5
var,190,SNMQAADTA,6
var,190,SNMQAVDTA,6
var,190,SNMQPNDTA,6
var,190,SNMQPADTA,6
var,190,SNMQPVDTA,7
var,190,SNMTSNDTA,5
var,190,SNMTSADTA,6
var,190,SNMTSVDTA,6
var,190,SNMTANDTA,6
var,190,SNMTAADTA,7
var,190,SNMTAVDTA,7
var,190,SNMTPNDTA,6
var,190,SNMTPADTA,6
var,190,SNMTPVDTA,7
var,190,SNMDSNDTA,6
var,190,SNMDSADTA,6
var,190,SNMDSVDTA,7
var,190,SNMDANDTA,6
var,190,SNMDAADTA,6
var,190,SNMDAVDTA,7
var,190,SNMDPNDTA,7
var,190,SNMDPADTA,7
var,190,SNMDPVDTA,8
var,190,TSLQSNDTA,6
var,190,TSLQSADTA,6
var,190,TSLQSVDTA,6
var,190,TSLQANDTA,6
var,190,TSLQAADTA,6
var,190,TSLQAVDTA,6
var,190,TSLQPNDTA,5
var,190,TSLQPADTA,5
var,190,TSLQPVDTA,6
var,190,TSLTSNDTA,6
var,190,TSLTSADTA,6
var,190,TSLTSVDTA,6
var,190,TSLTANDTA,6
var,190,TSLTAADTA,7
var,190,TSLTAVDTA,7
var,190,TSLTPNDTA,6
var,190,TSLTPADTA,6
var,190,TSLTPVDTA,6
var,190,TSLDSNDTA,6
var,190,TSLDSADTA,6
var,190,TSLDSVDTA,6
var,190,TSLDANDTA,6
var,190,TSLDAADTA,6
var,190,TSLDAVDTA,6
var,190,TSLDPNDTA,6
var,190,TSLDPADTA,6
var,190,TSLDPVDTA,7
var,190,TSVQSNDTA,5
var,190,TSVQSADTA,6
var,190,TSVQSVDTA,6
var,190,TSVQANDTA,6
var,190,TSVQAADTA,7
var,190,TSVQAVDTA,7
var,190,TSVQPNDTA,6
var,190,TSVQPADTA,6
var,190,TSVQPVDTA,6
var,190,TSVTSNDTA,6
var,190,TSVTSADTA,7
var,190,TSVTSVDTA,7
var,190,TSVTANDTA,7
var,190,TSVTAADTA,8
var,190,TSVTAVDTA,8
var,190,TSVTPNDTA,7
var,190,TSVTPADTA,7
var,190,TSVTPVDTA,7
var,190,TSVDSNDTA,5
var,190,TSVDSADTA,6
var,190,TSVDSVDTA,6
var,190,TSVDANDTA,6
var,190,TSVDAADTA,7
var,190,TSVDAVDTA,7
var,190,TSVDPNDTA,6
var,190,TSVDPADTA,6
var,190,TSVDPVDTA,7
var,190,TSMQSNDTA,5
var,190,TSMQSADTA,5
var,190,TSMQSVDTA,6
var,190,TSMQANDTA,5
var,190,TSMQAADTA,6
var,190,TSMQAVDTA,6
var,190,TSMQPNDTA,6
var,190,TSMQPADTA,6
var,190,TSMQPVDTA,7
var,190,TSMTSNDTA,5
var,190,TSMTSADTA,6
var,190,TSMTSVDTA,6
var,190,TSMTANDTA,6
var,190,TSMTAADTA,7
var,190,TSMTAVDTA,7
var,190,TSMTPNDTA,6
var,190,TSMTPADTA,6
var,190,TSMTPVDTA,7
var,190,TSMDSNDTA,6
var,190,TSMDSADTA,6
var,190,TSMDSVDTA,7
var,190,TSMDANDTA,6
var,190,TSMDAADTA,6
var,190,TSMDAVDTA,7
var,190,TSMDPNDTA,7
var,190,TSMDPADTA,7
var,190,TSMDPVDTA,8
var,190,TNLQSNDTA,5
var,190,TNLQSADTA,5
var,190,TNLQSVDTA,6
var,190,TNLQANDTA,5
var,190,TNLQAADTA,5
var,190,TNLQAVDTA,6
var,190,TNLQPNDTA,6
var,190,TNLQPADTA,6
var,190,TNLQPVDTA,7
var,190,TNLTSNDTA,5
var,190,TNLTSADTA,5
var,190,TNLTSVDTA,6
var,190,TNLTANDTA,5
var,190,TNLTAADTA,6
var,190,TNLTAVDTA,6
var,190,TNLTPNDTA,6
var,190,TNLTPADTA,6
var,190,TNLTPVDTA,7
var,190,TNLDSNDTA,6
var,190,TNLDSADTA,6
var,190,TNLDSVDTA,7
var,190,TNLDANDTA,6
var,190,TNLDAADTA,6
var,190,TNLDAVDTA,7
var,190,TNLDPNDTA,7
var,190,TNLDPADTA,7
var,190,TNLDPVDTA,8
var,190,TNVQSNDTA,5
var,190,TNVQSADTA,5
var,190,TNVQSVDTA,6
var,190,TNVQANDTA,5
var,190,TNVQAADTA,6
var,190,TNVQAVDTA,6
var,190,TNVQPNDTA,6
var,190,TNVQPADTA,6
var,190,TNVQPVDTA,7
var,190,TNVTSNDTA,5
var,190,TNVTSADTA,6
var,190,TNVTSVDTA,6
var,190,TNVTANDTA,6
var,190,TNVTAADTA,7
var,190,TNVTAVDTA,7
var,190,TNVTPNDTA,6
var,190,TNVTPADTA,6
var,190,TNVTPVDTA,7
var,190,TNVDSNDTA,6
var,190,TNVDSADTA,6
var,190,TNVDSVDTA,7
var,190,TNVDANDTA,6
var,190,TNVDAADTA,6
var,190,TNVDAVDTA,7
var,190,TNVDPNDTA,7
var,190,TNVDPADTA,7
var,190,TNVDPVDTA,8
var,190,TNMQSNDTA,6
var,190,TNMQSADTA,6
var,190,TNMQSVDTA,7
var,190,TNMQANDTA,6
var,190,TNMQAADTA,6
var,190,TNMQAVDTA,7
var,190,TNMQPNDTA,7
var,190,TNMQPADTA,7
var,190,TNMQPVDTA,8
var,190,TNMTSNDTA,6
var,190,TNMTSADTA,6
var,190,TNMTSVDTA,7
var,190,TNMTANDTA,6
var,190,TNMTAADTA,6
var,190,TNMTAVDTA,7
var,190,TNMTPNDTA,7
var,190,TNMTPADTA,7
var,190,TNMTPVDTA,8
var,190,TNMDSNDTA,7
var,190,TNMDSADTA,7
var,190,TNMDSVDTA,8
var,190,TNMDANDTA,7
var,190,TNMDAADTA,7
var,190,TNMDAVDTA,8
var,190,TNMDPNDTA,8
var,190,TNMDPADTA,8
var,190,TNMDPVDTA,9
wt,191,SLQSNDTAI,6
var,191,SLQSNDTAV,7
var,191,SLQSNDTAT,7
var,191,SLQSADTAI,6
var,191,SLQSADTAV,7
var,191,SLQSADTAT,7
var,191,SLQSVDTAI,6
var,191,SLQSVDTAV,7
var,191,SLQSVDTAT,7
var,191,SLQANDTAI,6
var,191,SLQANDTAV,7
var,191,SLQANDTAT,6
var,191,SLQAADTAI,6
var,191,SLQAADTAV,7
var,191,SLQAADTAT,6
var,191,SLQAVDTAI,6
var,191,SLQAVDTAV,7
var,191,SLQAVDTAT,6
var,191,SLQPNDTAI,5
var,191,SLQPNDTAV,6
var,191,SLQPNDTAT,6
var,191,SLQPADTAI,5
var,191,SLQPADTAV,6
var,191,SLQPADTAT,6
var,191,SLQPVDTAI,5
var,191,SLQPVDTAV,6
var,191,SLQPVDTAT,6
var,191,SLTSNDTAI,6
var,191,SLTSNDTAV,7
var,191,SLTSNDTAT,7
var,191,SLTSADTAI,6
var,191,SLTSADTAV,7
var,191,SLTSADTAT,7
var,191,SLTSVDTAI,6
var,191,SLTSVDTAV,7
var,191,SLTSVDTAT,7
var,191,SLTANDTAI,6
var,191,SLTANDTAV,7
var,191,SLTANDTAT,6
var,191,SLTAADTAI,7
var,191,SLTAADTAV,8
var,191,SLTAADTAT,7
var,191,SLTAVDTAI,7
var,191,SLTAVDTAV,8
var,191,SLTAVDTAT,7
var,191,SLTPNDTAI,6
var,191,SLTPNDTAV,7
var,191,SLTPNDTAT,6
var,191,SLTPADTAI,6
var,191,SLTPADTAV,7
var,191,SLTPADTAT,6
var,191,SLTPVDTAI,6
var,191,SLTPVDTAV,7
var,191,SLTPVDTAT,6
var,191,SLDSNDTAI,6
var,191,SLDSNDTAV,7
var,191,SLDSNDTAT,7
var,191,SLDSADTAI,6
var,191,SLDSADTAV,7
var,191,SLDSADTAT,7
var,191,SLDSVDTAI,6
var,191,SLDSVDTAV,7
var,191,SLDSVDTAT,7
var,191,SLDANDTAI,6
var,191,SLDANDTAV,7
var,191,SLDANDTAT,6
var,191,SLDAADTAI,6
var,191,SLDAADTAV,7
var,191,SLDAADTAT,6
var,191,SLDAVDTAI,6
var,191,SLDAVDTAV,7
var,191,SLDAVDTAT,6
var,191,SLDPNDTAI,5
var,191,SLDPNDTAV,6
var,191,SLDPNDTAT,6
var,191,SLDPADTAI,5
var,191,SLDPADTAV,6
var,191,SLDPADTAT,6
var,191,SLDPVDTAI,6
var,191,SLDPVDTAV,6
var,191,SLDPVDTAT,7
var,191,SVQSNDTAI,5
var,191,SVQSNDTAV,6
var,191,SVQSNDTAT,6
var,191,SVQSADTAI,6
var,191,SVQSADTAV,7
var,191,SVQSADTAT,6
var,191,SVQSVDTAI,6
var,191,SVQSVDTAV,7
var,191,SVQSVDTAT,6
var,191,SVQANDTAI,6
var,191,SVQANDTAV,7
var,191,SVQANDTAT,6
var,191,SVQAADTAI,7
var,191,SVQAADTAV,8
var,191,SVQAADTAT,7
var,191,SVQAVDTAI,7
var,191,SVQAVDTAV,8
var,191,SVQAVDTAT,7
var,191,SVQPNDTAI,6
var,191,SVQPNDTAV,7
var,191,SVQPNDTAT,6
var,191,SVQPADTAI,6
var,191,SVQPADTAV,7
var,191,SVQPADTAT,6
var,191,SVQPVDTAI,6
var,191,SVQPVDTAV,7
var,191,SVQPVDTAT,6
var,191,SVTSNDTAI,6
var,191,SVTSNDTAV,7
var,191,SVTSNDTAT,6
var,191,SVTSADTAI,7
var,191,SVTSADTAV,8
var,191,SVTSADTAT,7
var,191,SVTSVDTAI,7
var,191,SVTSVDTAV,8
var,191,SVTSVDTAT,7
var,191,SVTANDTAI,7
var,191,SVTANDTAV,8
var,191,SVTANDTAT,7
var,191,SVTAADTAI,8
var,191,SVTAADTAV,9
var,191,SVTAADTAT,8
var,191,SVTAVDTAI,8
var,191,SVTAVDTAV,9
var,191,SVTAVDTAT,8
var,191,SVTPNDTAI,7
var,191,SVTPNDTAV,8
var,191,SVTPNDTAT,7
var,191,SVTPADTAI,7
var,191,SVTPADTAV,8
var,191,SVTPADTAT,7
var,191,SVTPVDTAI,7
var,191,SVTPVDTAV,8
var,191,SVTPVDTAT,7
var,191,SVDSNDTAI,5
var,191,SVDSNDTAV,6
var,191,SVDSNDTAT,6
var,191,SVDSADTAI,6
var,191,SVDSADTAV,7
var,191,SVDSADTAT,6
var,191,SVDSVDTAI,6
var,191,SVDSVDTAV,7
var,191,SVDSVDTAT,6
var,191,SVDANDTAI,6
var,191,SVDANDTAV,7
var,191,SVDANDTAT,6
var,191,SVDAADTAI,7
var,191,SVDAADTAV,8
var,191,SVDAADTAT,7
var,191,SVDAVDTAI,7
var,191,SVDAVDTAV,8
var,191,SVDAVDTAT,7
var,191,SVDPNDTAI,6
var,191,SVDPNDTAV,7
var,191,SVDPNDTAT,6
var,191,SVDPADTAI,6
var,191,SVDPADTAV,7
var,191,SVDPADTAT,6
var,191,SVDPVDTAI,6
var,191,SVDPVDTAV,7
var,191,SVDPVDTAT,7
var,191,SMQSNDTAI,5
var,191,SMQSNDTAV,6
var,191,SMQSNDTAT,6
var,191,SMQSADTAI,5
var,191,SMQSADTAV,6
var,191,SMQSADTAT,6
var,191,SMQSVDTAI,5
var,191,SMQSVDTAV,6
var,191,SMQSVDTAT,6
var,191,SMQANDTAI,5
var,191,SMQANDTAV,6
var,191,SMQANDTAT,5
var,191,SMQAADTAI,6
var,191,SMQAADTAV,7
var,191,SMQAADTAT,6
var,191,SMQAVDTAI,6
var,191,SMQAVDTAV,7
var,191,SMQAVDTAT,6
var,191,SMQPNDTAI,5
var,191,SMQPNDTAV,6
var,191,SMQPNDTAT,6
var,191,SMQPADTAI,5
var,191,SMQPADTAV,6
var,191,SMQPADTAT,6
var,191,SMQPVDTAI,6
var,191,SMQPVDTAV,6
var,191,SMQPVDTAT,7
var,191,SMTSNDTAI,5
var,191,SMTSNDTAV,6
var,191,SMTSNDTAT,6
var,191,SMTSADTAI,6
var,191,SMTSADTAV,7
var,191,SMTSADTAT,6
var,191,SMTSVDTAI,6
var,191,SMTSVDTAV,7
var,191,SMTSVDTAT,6
var,191,SMTANDTAI,6
var,191,SMTANDTAV,7
var,191,SMTANDTAT,6
var,191,SMTAADTAI,7
var,191,SMTAADTAV,8
var,191,SMTAADTAT,7
var,191,SMTAVDTAI,7
var,191,SMTAVDTAV,8
var,191,SMTAVDTAT,7
var,191,SMTPNDTAI,6
var,191,SMTPNDTAV,7
var,191,SMTPNDTAT,6
var,191,SMTPADTAI,6
var,191,SMTPADTAV,7
var,191,SMTPADTAT,6
var,191,SMTPVDTAI,6
var,191,SMTPVDTAV,7
var,191,SMTPVDTAT,7
var,191,SMDSNDTAI,5
var,191,SMDSNDTAV,6
var,191,SMDSNDTAT,6
var,191,SMDSADTAI,5
var,191,SMDSADTAV,6
var,191,SMDSADTAT,6
var,191,SMDSVDTAI,6
var,191,SMDSVDTAV,6
var,191,SMDSVDTAT,7
var,191,SMDANDTAI,5
var,191,SMDANDTAV,6
var,191,SMDANDTAT,6
var,191,SMDAADTAI,6
var,191,SMDAADTAV,7
var,191,SMDAADTAT,6
var,191,SMDAVDTAI,6
var,191,SMDAVDTAV,7
var,191,SMDAVDTAT,7
var,191,SMDPNDTAI,6
var,191,SMDPNDTAV,6
var,191,SMDPNDTAT,7
var,191,SMDPADTAI,6
var,191,SMDPADTAV,6
var,191,SMDPADTAT,7
var,191,SMDPVDTAI,7
var,191,SMDPVDTAV,7
var,191,SMDPVDTAT,8
var,191,NLQSNDTAI,5
var,191,NLQSNDTAV,6
var,191,NLQSNDTAT,6
var,191,NLQSADTAI,5
var,191,NLQSADTAV,6
var,191,NLQSADTAT,6
var,191,NLQSVDTAI,5
var,191,NLQSVDTAV,6
var,191,NLQSVDTAT,6
var,191,NLQANDTAI,5
var,191,NLQANDTAV,6
var,191,NLQANDTAT,5
var,191,NLQAADTAI,5
var,191,NLQAADTAV,6
var,191,NLQAADTAT,5
var,191,NLQAVDTAI,5
var,191,NLQAVDTAV,6
var,191,NLQAVDTAT,6
var,191,NLQPNDTAI,5
var,191,NLQPNDTAV,5
var,191,NLQPNDTAT,6
var,191,NLQPADTAI,5
var,191,NLQPADTAV,5
var,191,NLQPADTAT,6
var,191,NLQPVDTAI,6
var,191,NLQPVDTAV,6
var,191,NLQPVDTAT,7
var,191,NLTSNDTAI,5
var,191,NLTSNDTAV,6
var,191,NLTSNDTAT,6
var,191,NLTSADTAI,5
var,191,NLTSADTAV,6
var,191,NLTSADTAT,6
var,191,NLTSVDTAI,5
var,191,NLTSVDTAV,6
var,191,NLTSVDTAT,6
var,191,NLTANDTAI,5
var,191,NLTANDTAV,6
var,191,NLTANDTAT,5
var,191,NLTAADTAI,6
var,191,NLTAADTAV,7
var,191,NLTAADTAT,6
var,191,NLTAVDTAI,6
var,191,NLTAVDTAV,7
var,191,NLTAVDTAT,6
var,191,NLTPNDTAI,5
var,191,NLTPNDTAV,6
var,191,NLTPNDTAT,6
var,191,NLTPADTAI,5
var,191,NLTPADTAV,6
var,191,NLTPADTAT,6
var,191,NLTPVDTAI,6
var,191,NLTPVDTAV,6
var,191,NLTPVDTAT,7
var,191,NLDSNDTAI,5
var,191,NLDSNDTAV,6
var,191,NLDSNDTAT,6
var,191,NLDSADTAI,5
var,191,NLDSADTAV,6
var,191,NLDSADTAT,6
var,191,NLDSVDTAI,6
var,191,NLDSVDTAV,6
var,191,NLDSVDTAT,7
var,191,NLDANDTAI,5
var,191,NLDANDTAV,6
var,191,NLDANDTAT,6
var,191,NLDAADTAI,5
var,191,NLDAADTAV,6
var,191,NLDAADTAT,6
var,191,NLDAVDTAI,6
var,191,NLDAVDTAV,6
var,191,NLDAVDTAT,7
var,191,NLDPNDTAI,6
var,191,NLDPNDTAV,6
var,191,NLDPNDTAT,7
var,191,NLDPADTAI,6
var,191,NLDPADTAV,6
var,191,NLDPADTAT,7
var,191,NLDPVDTAI,7
var,191,NLDPVDTAV,7
var,191,NLDPVDTAT,8
var,191,NVQSNDTAI,4
var,191,NVQSNDTAV,5
var,191,NVQSNDTAT,5
var,191,NVQSADTAI,5
var,191,NVQSADTAV,6
var,191,NVQSADTAT,5
var,191,NVQSVDTAI,5
var,191,NVQSVDTAV,6
var,191,NVQSVDTAT,6
var,191,NVQANDTAI,5
var,191,NVQANDTAV,6
var,191,NVQANDTAT,5
var,191,NVQAADTAI,6
var,191,NVQAADTAV,7
var,191,NVQAADTAT,6
var,191,NVQAVDTAI,6
var,191,NVQAVDTAV,7
var,191,NVQAVDTAT,6
var,191,NVQPNDTAI,5
var,191,NVQPNDTAV,6
var,191,NVQPNDTAT,6
var,191,NVQPADTAI,5
var,191,NVQPADTAV,6
var,191,NVQPADTAT,6
var,191,NVQPVDTAI,6
var,191,NVQPVDTAV,6
var,191,NVQPVDTAT,7
var,191,NVTSNDTAI,5
var,191,NVTSNDTAV,6
var,191,NVTSNDTAT,5
var,191,NVTSADTAI,6
var,191,NVTSADTAV,7
var,191,NVTSADTAT,6
var,191,NVTSVDTAI,6
var,191,NVTSVDTAV,7
var,191,NVTSVDTAT,6
var,191,NVTANDTAI,6
var,191,NVTANDTAV,7
var,191,NVTANDTAT,6
var,191,NVTAADTAI,7
var,191,NVTAADTAV,8
var,191,NVTAADTAT,7
var,191,NVTAVDTAI,7
var,191,NVTAVDTAV,8
var,191,NVTAVDTAT,7
var,191,NVTPNDTAI,6
var,191,NVTPNDTAV,7
var,191,NVTPNDTAT,6
var,191,NVTPADTAI,6
var,191,NVTPADTAV,7
var,191,NVTPADTAT,6
var,191,NVTPVDTAI,6
var,191,NVTPVDTAV,7
var,191,NVTPVDTAT,7
var,191,NVDSNDTAI,5
var,191,NVDSNDTAV,5
var,191,NVDSNDTAT,6
var,191,NVDSADTAI,5
var,191,NVDSADTAV,6
var,191,NVDSADTAT,6
var,191,NVDSVDTAI,6
var,191,NVDSVDTAV,6
var,191,NVDSVDTAT,7
var,191,NVDANDTAI,5
var,191,NVDANDTAV,6
var,191,NVDANDTAT,6
var,191,NVDAADTAI,6
var,191,NVDAADTAV,7
var,191,NVDAADTAT,6
var,191,NVDAVDTAI,6
var,191,NVDAVDTAV,7
var,191,NVDAVDTAT,7
var,191,NVDPNDTAI,6
var,191,NVDPNDTAV,6
var,191,NVDPNDTAT,7
var,191,NVDPADTAI,6
var,191,NVDPADTAV,6
var,191,NVDPADTAT,7
var,191,NVDPVDTAI,7
var,191,NVDPVDTAV,7
var,191,NVDPVDTAT,8
var,191,NMQSNDTAI,5
var,191,NMQSNDTAV,5
var,191,NMQSNDTAT,6
var,191,NMQSADTAI,5
var,191,NMQSADTAV,5
var,191,NMQSADTAT,6
var,191,NMQSVDTAI,6
var,191,NMQSVDTAV,6
var,191,NMQSVDTAT,7
var,191,NMQANDTAI,5
var,191,NMQANDTAV,5
var,191,NMQANDTAT,6
var,191,NMQAADTAI,5
var,191,NMQAADTAV,6
var,191,NMQAADTAT,6
var,191,NMQAVDTAI,6
var,191,NMQAVDTAV,6
var,191,NMQAVDTAT,7
var,191,NMQPNDTAI,6
var,191,NMQPNDTAV,6
var,191,NMQPNDTAT,7
var,191,NMQPADTAI,6
var,191,NMQPADTAV,6
var,191,NMQPADTAT,7
var,191,NMQPVDTAI,7
var,191,NMQPVDTAV,7
var,191,NMQPVDTAT,8
var,191,NMTSNDTAI,5
var,191,NMTSNDTAV,5
var,191,NMTSNDTAT,6
var,191,NMTSADTAI,5
var,191,NMTSADTAV,6
var,191,NMTSADTAT,6
var,191,NMTSVDTAI,6
var,191,NMTSVDTAV,6
var,191,NMTSVDTAT,7
var,191,NMTANDTAI,5
var,191,NMTANDTAV,6
var,191,NMTANDTAT,6
var,191,NMTAADTAI,6
var,191,NMTAADTAV,7
var,191,NMTAADTAT,6
var,191,NMTAVDTAI,6
var,191,NMTAVDTAV,7
var,191,NMTAVDTAT,7
var,191,NMTPNDTAI,6
var,191,NMTPNDTAV,6
var,191,NMTPNDTAT,7
var,191,NMTPADTAI,6
var,191,NMTPADTAV,6
var,191,NMTPADTAT,7
var,191,NMTPVDTAI,7
var,191,NMTPVDTAV,7
var,191,NMTPVDTAT,8
var,191,NMDSNDTAI,6
var,191,NMDSNDTAV,6
var,191,NMDSNDTAT,7
var,191,NMDSADTAI,6
var,191,NMDSADTAV,6
var,191,NMDSADTAT,7
var,191,NMDSVDTAI,7
var,191,NMDSVDTAV,7
var,191,NMDSVDTAT,8
var,191,NMDANDTAI,6
var,191,NMDANDTAV,6
var,191,NMDANDTAT,7
var,191,NMDAADTAI,6
var,191,NMDAADTAV,6
var,191,NMDAADTAT,7
var,191,NMDAVDTAI,7
var,191,NMDAVDTAV,7
var,191,NMDAVDTAT,8
var,191,NMDPNDTAI,7
var,191,NMDPNDTAV,7
var,191,NMDPNDTAT,8
var,191,NMDPADTAI,7
var,191,NMDPADTAV,7
var,191,NMDPADTAT,8
var,191,NMDPVDTAI,8
var,191,NMDPVDTAV,8
var,191,NMDPVDTAT,9
wt,192,LQSNDTAIY,6
var,192,LQSNDTAVY,7
var,192,LQSNDTATY,7
var,192,LQSADTAIY,6
var,192,LQSADTAVY,7
var,192,LQSADTATY,7
var,192,LQSVDTAIY,6
var,192,LQSVDTAVY,7
var,192,LQSVDTATY,7
var,192,LQANDTAIY,6
var,192,LQANDTAVY,7
var,192,LQANDTATY,6
var,192,LQAADTAIY,6
var,192,LQAADTAVY,7
var,192,LQAADTATY,6
var,192,LQAVDTAIY,6
var,192,LQAVDTAVY,7
var,192,LQAVDTATY,6
var,192,LQPNDTAIY,5
var,192,LQPNDTAVY,6
var,192,LQPNDTATY,6
var,192,LQPADTAIY,5
var,192,LQPADTAVY,6
var,192,LQPADTATY,6
var,192,LQPVDTAIY,6
var,192,LQPVDTAVY,6
var,192,LQPVDTATY,7
var,192,LTSNDTAIY,6
var,192,LTSNDTAVY,7
var,192,LTSNDTATY,7
var,192,LTSADTAIY,6
var,192,LTSADTAVY,7
var,192,LTSADTATY,7
var,192,LTSVDTAIY,6
var,192,LTSVDTAVY,7
var,192,LTSVDTATY,7
var,192,LTANDTAIY,6
var,192,LTANDTAVY,7
var,192,LTANDTATY,6
var,192,LTAADTAIY,7
var,192,LTAADTAVY,8
var,192,LTAADTATY,7
var,192,LTAVDTAIY,7
var,192,LTAVDTAVY,8
var,192,LTAVDTATY,7
var,192,LTPNDTAIY,6
var,192,LTPNDTAVY,7
var,192,LTPNDTATY,6
var,192,LTPADTAIY,6
var,192,LTPADTAVY,7
var,192,LTPADTATY,6
var,192,LTPVDTAIY,6
var,192,LTPVDTAVY,7
var,192,LTPVDTATY,7
var,192,LDSNDTAIY,6
var,192,LDSNDTAVY,7
var,192,LDSNDTATY,7
var,192,LDSADTAIY,6
var,192,LDSADTAVY,7
var,192,LDSADTATY,7
var,192,LDSVDTAIY,6
var,192,LDSVDTAVY,7
var,192,LDSVDTATY,7
var,192,LDANDTAIY,6
var,192,LDANDTAVY,7
var,192,LDANDTATY,6
var,192,LDAADTAIY,6
var,192,LDAADTAVY,7
var,192,LDAADTATY,6
var,192,LDAVDTAIY,6
var,192,LDAVDTAVY,7
var,192,LDAVDTATY,7
var,192,LDPNDTAIY,6
var,192,LDPNDTAVY,6
var,192,LDPNDTATY,7
var,192,LDPADTAIY,6
var,192,LDPADTAVY,6
var,192,LDPADTATY,7
var,192,LDPVDTAIY,7
var,192,LDPVDTAVY,7
var,192,LDPVDTATY,8
var,192,VQSNDTAIY,5
var,192,VQSNDTAVY,6
var,192,VQSNDTATY,6
var,192,VQSADTAIY,6
var,192,VQSADTAVY,7
var,192,VQSADTATY,6
var,192,VQSVDTAIY,6
var,192,VQSVDTAVY,7
var,192,VQSVDTATY,6
var,192,VQANDTAIY,6
var,192,VQANDTAVY,7
var,192,VQANDTATY,6
var,192,VQAADTAIY,7
var,192,VQAADTAVY,8
var,192,VQAADTATY,7
var,192,VQAVDTAIY,7
var,192,VQAVDTAVY,8
var,192,VQAVDTATY,7
var,192,VQPNDTAIY,6
var,192,VQPNDTAVY,7
var,192,VQPNDTATY,6
var,192,VQPADTAIY,6
var,192,VQPADTAVY,7
var,192,VQPADTATY,6
var,192,VQPVDTAIY,6
var,192,VQPVDTAVY,7
var,192,VQPVDTATY,7
var,192,VTSNDTAIY,6
var,192,VTSNDTAVY,7
var,192,VTSNDTATY,6
var,192,VTSADTAIY,7
var,192,VTSADTAVY,8
var,192,VTSADTATY,7
var,192,VTSVDTAIY,7
var,192,VTSVDTAVY,8
var,192,VTSVDTATY,7
var,192,VTANDTAIY,7
var,192,VTANDTAVY,8
var,192,VTANDTATY,7
var,192,VTAADTAIY,8
var,192,VTAADTAVY,9
var,192,VTAADTATY,8
var,192,VTAVDTAIY,8
var,192,VTAVDTAVY,9
var,192,VTAVDTATY,8
var,192,VTPNDTAIY,7
var,192,VTPNDTAVY,8
var,192,VTPNDTATY,7
var,192,VTPADTAIY,7
var,192,VTPADTAVY,8
var,192,VTPADTATY,7
var,192,VTPVDTAIY,7
var,192,VTPVDTAVY,8
var,192,VTPVDTATY,7
var,192,VDSNDTAIY,5
var,192,VDSNDTAVY,6
var,192,VDSNDTATY,6
var,192,VDSADTAIY,6
var,192,VDSADTAVY,7
var,192,VDSADTATY,6
var,192,VDSVDTAIY,6
var,192,VDSVDTAVY,7
var,192,VDSVDTATY,7
var,192,VDANDTAIY,6
var,192,VDANDTAVY,7
var,192,VDANDTATY,6
var,192,VDAADTAIY,7
var,192,VDAADTAVY,8
var,192,VDAADTATY,7
var,192,VDAVDTAIY,7
var,192,VDAVDTAVY,8
var,192,VDAVDTATY,7
var,192,VDPNDTAIY,6
var,192,VDPNDTAVY,7
var,192,VDPNDTATY,7
var,192,VDPADTAIY,6
var,192,VDPADTAVY,7
var,192,VDPADTATY,7
var,192,VDPVDTAIY,7
var,192,VDPVDTAVY,7
var,192,VDPVDTATY,8
var,192,MQSNDTAIY,5
var,192,MQSNDTAVY,6
var,192,MQSNDTATY,6
var,192,MQSADTAIY,5
var,192,MQSADTAVY,6
var,192,MQSADTATY,6
var,192,MQSVDTAIY,6
var,192,MQSVDTAVY,6
var,192,MQSVDTATY,7
var,192,MQANDTAIY,5
var,192,MQANDTAVY,6
var,192,MQANDTATY,6
var,192,MQAADTAIY,6
var,192,MQAADTAVY,7
var,192,MQAADTATY,6
var,192,MQAVDTAIY,6
var,192,MQAVDTAVY,7
var,192,MQAVDTATY,7
var,192,MQPNDTAIY,6
var,192,MQPNDTAVY,6
var,192,MQPNDTATY,7
var,192,MQPADTAIY,6
var,192,MQPADTAVY,6
var,192,MQPADTATY,7
var,192,MQPVDTAIY,7
var,192,MQPVDTAVY,7
var,192,MQPVDTATY,8
var,192,MTSNDTAIY,5
var,192,MTSNDTAVY,6
var,192,MTSNDTATY,6
var,192,MTSADTAIY,6
var,192,MTSADTAVY,7
var,192,MTSADTATY,6
var,192,MTSVDTAIY,6
var,192,MTSVDTAVY,7
var,192,MTSVDTATY,7
var,192,MTANDTAIY,6
var,192,MTANDTAVY,7
var,192,MTANDTATY,6
var,192,MTAADTAIY,7
var,192,MTAADTAVY,8
var,192,MTAADTATY,7
var,192,MTAVDTAIY,7
var,192,MTAVDTAVY,8
var,192,MTAVDTATY,7
var,192,MTPNDTAIY,6
var,192,MTPNDTAVY,7
var,192,MTPNDTATY,7
var,192,MTPADTAIY,6
var,192,MTPADTAVY,7
var,192,MTPADTATY,7
var,192,MTPVDTAIY,7
var,192,MTPVDTAVY,7
var,192,MTPVDTATY,8
var,192,MDSNDTAIY,6
var,192,MDSNDTAVY,6
var,192,MDSNDTATY,7
var,192,MDSADTAIY,6
var,192,MDSADTAVY,6
var,192,MDSADTATY,7
var,192,MDSVDTAIY,7
var,192,MDSVDTAVY,7
var,192,MDSVDTATY,8
var,192,MDANDTAIY,6
var,192,MDANDTAVY,6
var,192,MDANDTATY,7
var,192,MDAADTAIY,6
var,192,MDAADTAVY,7
var,192,MDAADTATY,7
var,192,MDAVDTAIY,7
var,192,MDAVDTAVY,7
var,192,MDAVDTATY,8
var,192,MDPNDTAIY,7
var,192,MDPNDTAVY,7
var,192,MDPNDTATY,8
var,192,MDPADTAIY,7
var,192,MDPADTAVY,7
var,192,MDPADTATY,8
var,192,MDPVDTAIY,8
var,192,MDPVDTAVY,8
var,192,MDPVDTATY,9
wt,193,QSNDTAIYY,6
var,193,QSNDTAVYY,7
var,193,QSNDTATYY,7
var,193,QSADTAIYY,6
var,193,QSADTAVYY,7
var,193,QSADTATYY,7
var,193,QSVDTAIYY,6
var,193,QSVDTAVYY,7
var,193,QSVDTATYY,7
var,193,QANDTAIYY,6
var,193,QANDTAVYY,7
var,193,QANDTATYY,6
var,193,QAADTAIYY,7
var,193,QAADTAVYY,8
var,193,QAADTATYY,7
var,193,QAVDTAIYY,7
var,193,QAVDTAVYY,8
var,193,QAVDTATYY,7
var,193,QPNDTAIYY,6
var,193,QPNDTAVYY,7
var,193,QPNDTATYY,7
var,193,QPADTAIYY,6
var,193,QPADTAVYY,7
var,193,QPADTATYY,7
var,193,QPVDTAIYY,7
var,193,QPVDTAVYY,7
var,193,QPVDTATYY,8
var,193,TSNDTAIYY,6
var,193,TSNDTAVYY,7
var,193,TSNDTATYY,7
var,193,TSADTAIYY,7
var,193,TSADTAVYY,8
var,193,TSADTATYY,7
var,193,TSVDTAIYY,7
var,193,TSVDTAVYY,8
var,193,TSVDTATYY,7
var,193,TANDTAIYY,7
var,193,TANDTAVYY,8
var,193,TANDTATYY,7
var,193,TAADTAIYY,8
var,193,TAADTAVYY,9
var,193,TAADTATYY,8
var,193,TAVDTAIYY,8
var,193,TAVDTAVYY,9
var,193,TAVDTATYY,8
var,193,TPNDTAIYY,7
var,193,TPNDTAVYY,8
var,193,TPNDTATYY,7
var,193,TPADTAIYY,7
var,193,TPADTAVYY,8
var,193,TPADTATYY,7
var,193,TPVDTAIYY,7
var,193,TPVDTAVYY,8
var,193,TPVDTATYY,8
var,193,DSNDTAIYY,6
var,193,DSNDTAVYY,7
var,193,DSNDTATYY,7
var,193,DSADTAIYY,6
var,193,DSADTAVYY,7
var,193,DSADTATYY,7
var,193,DSVDTAIYY,7
var,193,DSVDTAVYY,7
var,193,DSVDTATYY,8
var,193,DANDTAIYY,6
var,193,DANDTAVYY,7
var,193,DANDTATYY,7
var,193,DAADTAIYY,7
var,193,DAADTAVYY,8
var,193,DAADTATYY,7
var,193,DAVDTAIYY,7
var,193,DAVDTAVYY,8
var,193,DAVDTATYY,8
var,193,DPNDTAIYY,7
var,193,DPNDTAVYY,7
var,193,DPNDTATYY,8
var,193,DPADTAIYY,7
var,193,DPADTAVYY,7
var,193,DPADTATYY,8
var,193,DPVDTAIYY,8
var,193,DPVDTAVYY,8
var,193,DPVDTATYY,9
wt,194,SNDTAIYYC,7
var,194,SNDTAVYYC,8
var,194,SNDTATYYC,8
var,194,SADTAIYYC,7
var,194,SADTAVYYC,8
var,194,SADTATYYC,8
var,194,SVDTAIYYC,7
var,194,SVDTAVYYC,8
var,194,SVDTATYYC,8
var,194,ANDTAIYYC,7
var,194,ANDTAVYYC,8
var,194,ANDTATYYC,7
var,194,AADTAIYYC,8
var,194,AADTAVYYC,9
var,194,AADTATYYC,8
var,194,AVDTAIYYC,8
var,194,AVDTAVYYC,9
var,194,AVDTATYYC,8
var,194,PNDTAIYYC,7
var,194,PNDTAVYYC,8
var,194,PNDTATYYC,8
var,194,PADTAIYYC,7
var,194,PADTAVYYC,8
var,194,PADTATYYC,8
var,194,PVDTAIYYC,8
var,194,PVDTAVYYC,8
var,194,PVDTATYYC,9
wt,195,NDTAIYYCA,7
var,195,NDTAVYYCA,8
var,195,NDTATYYCA,8
var,195,ADTAIYYCA,8
var,195,ADTAVYYCA,9
var,195,ADTATYYCA,8
var,195,VDTAIYYCA,8
var,195,VDTAVYYCA,9
var,195,VDTATYYCA,9
wt,196,DTAIYYCAR,8
var,196,DTAVYYCAR,9
var,196,DTATYYCAR,9
wt,197,TAIYYCARA,7
var,197,TAVYYCARA,8
var,197,TATYYCARA,8
wt,198,AIYYCARAL,6
var,198,AVYYCARAL,7
var,198,ATYYCARAL,7
wt,199,IYYCARALT,5
var,199,VYYCARALT,6
var,199,TYYCARALT,6
wt,200,YYCARALTY,5
wt,201,YCARALTYY,4
wt,202,CARALTYYD,3
wt,203,ARALTYYDY,2
wt,204,RALTYYDYE,1
wt,205,ALTYYDYEF,0
wt,206,LTYYDYEFA,0
wt,207,TYYDYEFAY,0
wt,208,YYDYEFAYW,0
wt,209,YDYEFAYWG,0
wt,210,DYEFAYWGQ,0
wt,211,YEFAYWGQG,0
wt,212,EFAYWGQGT,0
wt,213,FAYWGQGTL,0
wt,214,AYWGQGTLV,0
wt,215,YWGQGTLVT,0
wt,216,WGQGTLVTV,0
wt,217,GQGTLVTVS,0
